Date,Symbol,Open,High,Low,Close,Volume,Adj Close
2020-01-02,AAPL,74.05999755859375,75.1500015258789,73.79750061035156,75.0875015258789,135480400,72.46826934814453
2020-01-03,AAPL,74.2874984741211,75.1449966430664,74.125,74.35749816894531,146322800,71.76373291015625
2020-01-06,AAPL,73.44750213623047,74.98999786376953,73.1875,74.94999694824219,118387200,72.33556365966797
2020-01-07,AAPL,74.95999908447266,75.2249984741211,74.37000274658203,74.59750366210938,108872000,71.99535369873047
2020-01-08,AAPL,74.29000091552734,76.11000061035156,74.29000091552734,75.79750061035156,132079200,73.15350341796875
2020-01-09,AAPL,76.80999755859375,77.60749816894531,76.55000305175781,77.40750122070312,170108400,74.70732879638672
2020-01-10,AAPL,77.6500015258789,78.1675033569336,77.0625,77.5824966430664,140644800,74.87622833251953
2020-01-13,AAPL,77.91000366210938,79.26750183105469,77.7874984741211,79.23999786376953,121532000,76.47590637207031
2020-01-14,AAPL,79.17500305175781,79.39250183105469,78.0425033569336,78.16999816894531,161954400,75.4432144165039
2020-01-15,AAPL,77.9625015258789,78.875,77.38749694824219,77.83499908447266,121923600,75.11992645263672
2020-01-16,AAPL,78.39749908447266,78.92500305175781,78.02249908447266,78.80999755859375,108829200,76.06089782714844
2020-01-17,AAPL,79.06749725341797,79.68499755859375,78.75,79.68250274658203,137816400,76.90299224853516
2020-01-21,AAPL,79.29750061035156,79.75499725341797,79.0,79.14250183105469,110843200,76.3818130493164
2020-01-22,AAPL,79.6449966430664,79.99749755859375,79.32749938964844,79.42500305175781,101832400,76.6544418334961
2020-01-23,AAPL,79.4800033569336,79.88999938964844,78.9124984741211,79.80750274658203,104472000,77.02362060546875
2020-01-24,AAPL,80.0625,80.8324966430664,79.37999725341797,79.57749938964844,146537600,76.8016357421875
2020-01-27,AAPL,77.51499938964844,77.94249725341797,76.22000122070312,77.23750305175781,161940000,74.54327392578125
2020-01-28,AAPL,78.1500015258789,79.5999984741211,78.04750061035156,79.42250061035156,162234000,76.65205383300781
2020-01-29,AAPL,81.11250305175781,81.9625015258789,80.34500122070312,81.08499908447266,216229200,78.25656127929688
2020-01-30,AAPL,80.13500213623047,81.02249908447266,79.6875,80.96749877929688,126743200,78.14315795898438
2020-01-31,AAPL,80.23249816894531,80.66999816894531,77.07250213623047,77.37750244140625,199588400,74.67839813232422
2020-02-03,AAPL,76.07499694824219,78.37249755859375,75.55500030517578,77.16500091552734,173788400,74.4732894897461
2020-02-04,AAPL,78.82749938964844,79.91000366210938,78.40750122070312,79.7125015258789,136616400,76.93193817138672
2020-02-05,AAPL,80.87999725341797,81.19000244140625,79.73750305175781,80.36250305175781,118826800,77.55925750732422
2020-02-06,AAPL,80.64250183105469,81.30500030517578,80.06500244140625,81.30249786376953,105425600,78.46646881103516
2020-02-07,AAPL,80.59249877929688,80.8499984741211,79.5,80.00749969482422,117684000,77.39989471435547
2020-02-10,AAPL,78.54499816894531,80.38749694824219,78.4625015258789,80.38749694824219,109348800,77.76750946044922
2020-02-11,AAPL,80.9000015258789,80.9749984741211,79.67749786376953,79.90249633789062,94323200,77.2983169555664
2020-02-12,AAPL,80.36750030517578,81.80500030517578,80.36750030517578,81.80000305175781,113730400,79.13396453857422
2020-02-13,AAPL,81.04750061035156,81.55500030517578,80.8375015258789,81.21749877929688,94747600,78.5704574584961
2020-02-14,AAPL,81.18499755859375,81.49500274658203,80.7125015258789,81.23750305175781,80113600,78.58980560302734
2020-02-18,AAPL,78.83999633789062,79.9375,78.65249633789062,79.75,152531200,77.1507797241211
2020-02-19,AAPL,80.0,81.14250183105469,80.0,80.90499877929688,93984000,78.26812744140625
2020-02-20,AAPL,80.65750122070312,81.1624984741211,79.55249786376953,80.07499694824219,100566000,77.46517944335938
2020-02-21,AAPL,79.65499877929688,80.11250305175781,77.625,78.26249694824219,129554000,75.71176147460938
2020-02-24,AAPL,74.31500244140625,76.04499816894531,72.30750274658203,74.54499816894531,222195200,72.11544036865234
2020-02-25,AAPL,75.23750305175781,75.63249969482422,71.53250122070312,72.0199966430664,230673600,69.67272186279297
2020-02-26,AAPL,71.63249969482422,74.47000122070312,71.625,73.1624984741211,198054800,70.77799987792969
2020-02-27,AAPL,70.2750015258789,71.5,68.23999786376953,68.37999725341797,320605600,66.15135955810547
2020-02-28,AAPL,64.31500244140625,69.60250091552734,64.09249877929688,68.33999633789062,426510000,66.1126708984375
2020-03-02,AAPL,70.56999969482422,75.36000061035156,69.43000030517578,74.70249938964844,341397200,72.26778411865234
2020-03-03,AAPL,75.9175033569336,76.0,71.44999694824219,72.33000183105469,319475600,69.97261047363281
2020-03-04,AAPL,74.11000061035156,75.8499984741211,73.28250122070312,75.68499755859375,219178400,73.21829986572266
2020-03-05,AAPL,73.87999725341797,74.88749694824219,72.85250091552734,73.2300033569336,187572800,70.84329986572266
2020-03-06,AAPL,70.5,72.70500183105469,70.30750274658203,72.25749969482422,226176800,69.90249633789062
2020-03-09,AAPL,65.9375,69.52249908447266,65.75,66.5425033569336,286744800,64.37374877929688
2020-03-10,AAPL,69.28500366210938,71.61000061035156,67.34249877929688,71.33499908447266,285290000,69.01005554199219
2020-03-11,AAPL,69.34750366210938,70.30500030517578,67.96499633789062,68.85749816894531,255598800,66.6133041381836
2020-03-12,AAPL,63.98500061035156,67.5,62.0,62.057498931884766,418474000,60.034915924072266
2020-03-13,AAPL,66.22250366210938,69.9800033569336,63.23749923706055,69.49250030517578,370732000,67.22760772705078
2020-03-16,AAPL,60.48749923706055,64.7699966430664,60.0,60.5525016784668,322423600,58.5789794921875
2020-03-17,AAPL,61.877498626708984,64.40249633789062,59.599998474121094,63.21500015258789,324056000,61.15468978881836
2020-03-18,AAPL,59.942501068115234,62.5,59.279998779296875,61.66749954223633,300233600,59.65763473510742
2020-03-19,AAPL,61.84749984741211,63.209999084472656,60.65250015258789,61.19499969482422,271857200,59.200531005859375
2020-03-20,AAPL,61.79499816894531,62.95750045776367,57.0,57.310001373291016,401693200,55.4421501159668
2020-03-23,AAPL,57.02000045776367,57.125,53.15250015258789,56.092498779296875,336752800,54.26433181762695
2020-03-24,AAPL,59.09000015258789,61.92250061035156,58.57500076293945,61.720001220703125,287531200,59.70841979980469
2020-03-25,AAPL,62.6875,64.5625,61.07500076293945,61.380001068115234,303602000,59.3795051574707
2020-03-26,AAPL,61.630001068115234,64.66999816894531,61.59000015258789,64.61000061035156,252087200,62.50422668457031
2020-03-27,AAPL,63.1875,63.967498779296875,61.76250076293945,61.935001373291016,204216800,59.916412353515625
2020-03-30,AAPL,62.685001373291016,63.880001068115234,62.349998474121094,63.70249938964844,167976400,61.62631607055664
2020-03-31,AAPL,63.900001525878906,65.62249755859375,63.0,63.5724983215332,197002000,61.500545501708984
2020-04-01,AAPL,61.625,62.18000030517578,59.782501220703125,60.227500915527344,176218400,58.26457214355469
2020-04-02,AAPL,60.084999084472656,61.287498474121094,59.224998474121094,61.23249816894531,165934000,59.236812591552734
2020-04-03,AAPL,60.70000076293945,61.42499923706055,59.74250030517578,60.352500915527344,129880000,58.385494232177734
2020-04-06,AAPL,62.724998474121094,65.77749633789062,62.345001220703125,65.61750030517578,201820400,63.47889709472656
2020-04-07,AAPL,67.69999694824219,67.92500305175781,64.75,64.85749816894531,202887200,62.74366760253906
2020-04-08,AAPL,65.68499755859375,66.84249877929688,65.30750274658203,66.51750183105469,168895200,64.34957122802734
2020-04-09,AAPL,67.17500305175781,67.51750183105469,66.17500305175781,66.99749755859375,161834800,64.81391906738281
2020-04-13,AAPL,67.07749938964844,68.42500305175781,66.4574966430664,68.3125,131022800,66.08606719970703
2020-04-14,AAPL,70.0,72.0625,69.51249694824219,71.76249694824219,194994800,69.42363739013672
2020-04-15,AAPL,70.5999984741211,71.5824966430664,70.15750122070312,71.10749816894531,131154400,68.78996276855469
2020-04-16,AAPL,71.84500122070312,72.05000305175781,70.5875015258789,71.67250061035156,157125200,69.33655548095703
2020-04-17,AAPL,71.17250061035156,71.73750305175781,69.21499633789062,70.69999694824219,215250000,68.395751953125
2020-04-20,AAPL,69.48750305175781,70.41999816894531,69.2125015258789,69.23249816894531,130015200,66.97606658935547
2020-04-21,AAPL,69.06999969482422,69.3125,66.35749816894531,67.09249877929688,180991600,64.90581512451172
2020-04-22,AAPL,68.40249633789062,69.4749984741211,68.05000305175781,69.0250015258789,116862400,66.7753677368164
2020-04-23,AAPL,68.96749877929688,70.4375,68.71749877929688,68.75749969482422,124814400,66.51657104492188
2020-04-24,AAPL,69.30000305175781,70.75250244140625,69.25,70.74250030517578,126161200,68.43685913085938
2020-04-27,AAPL,70.44999694824219,71.13500213623047,69.98750305175781,70.7925033569336,117087600,68.4852294921875
2020-04-28,AAPL,71.2699966430664,71.4574966430664,69.55000305175781,69.6449966430664,112004800,67.37511444091797
2020-04-29,AAPL,71.18250274658203,72.4175033569336,70.97250366210938,71.93250274658203,137280800,69.58808898925781
2020-04-30,AAPL,72.48999786376953,73.63249969482422,72.0875015258789,73.44999694824219,183064000,71.05611419677734
2020-05-01,AAPL,71.5625,74.75,71.4625015258789,72.26750183105469,240616800,69.91215515136719
2020-05-04,AAPL,72.2925033569336,73.42250061035156,71.58000183105469,73.29000091552734,133568000,70.90132141113281
2020-05-05,AAPL,73.76499938964844,75.25,73.61499786376953,74.38999938964844,147751200,71.96549987792969
2020-05-06,AAPL,75.11499786376953,75.80999755859375,74.71749877929688,75.15750122070312,142333600,72.70796203613281
2020-05-07,AAPL,75.80500030517578,76.2925033569336,75.49250030517578,75.93499755859375,115215200,73.46012878417969
2020-05-08,AAPL,76.41000366210938,77.5875015258789,76.07250213623047,77.53250122070312,133838400,75.2086181640625
2020-05-11,AAPL,77.0250015258789,79.26249694824219,76.80999755859375,78.75250244140625,145946400,76.39204406738281
2020-05-12,AAPL,79.4574966430664,79.92250061035156,77.72750091552734,77.85250091552734,162301200,75.5190200805664
2020-05-13,AAPL,78.0374984741211,78.98750305175781,75.80249786376953,76.9124984741211,200622400,74.60717010498047
2020-05-14,AAPL,76.12750244140625,77.44750213623047,75.38249969482422,77.38500213623047,158929200,75.0655288696289
2020-05-15,AAPL,75.0875015258789,76.9749984741211,75.05249786376953,76.92749786376953,166348400,74.62173461914062
2020-05-18,AAPL,78.2925033569336,79.125,77.58000183105469,78.73999786376953,135178400,76.3799057006836
2020-05-19,AAPL,78.75749969482422,79.62999725341797,78.25250244140625,78.28500366210938,101729600,75.93856048583984
2020-05-20,AAPL,79.16999816894531,79.87999725341797,79.12999725341797,79.80750274658203,111504800,77.41541290283203
2020-05-21,AAPL,79.66500091552734,80.22250366210938,78.96749877929688,79.2125015258789,102688800,76.83824920654297
2020-05-22,AAPL,78.94249725341797,79.80750274658203,78.8375015258789,79.72250366210938,81803200,77.33296966552734
2020-05-26,AAPL,80.875,81.05999755859375,79.125,79.18250274658203,125522000,76.80914306640625
2020-05-27,AAPL,79.03500366210938,79.67749786376953,78.27249908447266,79.52749633789062,112945200,77.1437759399414
2020-05-28,AAPL,79.19249725341797,80.86000061035156,78.90750122070312,79.5625,133560800,77.1777572631836
2020-05-29,AAPL,79.8125,80.2874984741211,79.11750030517578,79.48500061035156,153532400,77.10257720947266
2020-06-01,AAPL,79.4375,80.5875015258789,79.30249786376953,80.4625015258789,80791200,78.05078125
2020-06-02,AAPL,80.1875,80.86000061035156,79.73249816894531,80.83499908447266,87642800,78.412109375
2020-06-03,AAPL,81.16500091552734,81.55000305175781,80.57499694824219,81.27999877929688,104491200,78.8437728881836
2020-06-04,AAPL,81.09750366210938,81.40499877929688,80.19499969482422,80.58000183105469,87560400,78.1647720336914
2020-06-05,AAPL,80.8375015258789,82.9375,80.80750274658203,82.875,137250400,80.39096069335938
2020-06-08,AAPL,82.5625,83.4000015258789,81.83000183105469,83.36499786376953,95654400,80.86628723144531
2020-06-09,AAPL,83.03500366210938,86.40249633789062,83.00250244140625,85.99749755859375,147712400,83.41987609863281
2020-06-10,AAPL,86.9749984741211,88.69249725341797,86.52249908447266,88.20999908447266,166651600,85.56608581542969
2020-06-11,AAPL,87.32749938964844,87.76499938964844,83.87000274658203,83.9749984741211,201662400,81.45799255371094
2020-06-12,AAPL,86.18000030517578,86.94999694824219,83.55500030517578,84.69999694824219,200146000,82.16127014160156
2020-06-15,AAPL,83.3125,86.41999816894531,83.1449966430664,85.74749755859375,138808800,83.17737579345703
2020-06-16,AAPL,87.86499786376953,88.30000305175781,86.18000030517578,88.0199966430664,165428800,85.38175201416016
2020-06-17,AAPL,88.7874984741211,88.8499984741211,87.77249908447266,87.89749908447266,114406400,85.26293182373047
2020-06-18,AAPL,87.85250091552734,88.36250305175781,87.30500030517578,87.93250274658203,96820400,85.29689025878906
2020-06-19,AAPL,88.66000366210938,89.13999938964844,86.2874984741211,87.43000030517578,264476000,84.8094253540039
2020-06-22,AAPL,87.83499908447266,89.86499786376953,87.7874984741211,89.71749877929688,135445200,87.02837371826172
2020-06-23,AAPL,91.0,93.09500122070312,90.56749725341795,91.63249969482422,212155600,88.885986328125
2020-06-24,AAPL,91.25,92.19750213623048,89.62999725341797,90.01499938964844,192623200,87.31696319580078
2020-06-25,AAPL,90.1750030517578,91.25,89.39250183105469,91.20999908447266,137522400,88.47614288330078
2020-06-26,AAPL,91.10250091552734,91.33000183105467,88.25499725341797,88.40750122070312,205256800,85.75764465332031
2020-06-29,AAPL,88.3125,90.5425033569336,87.81999969482422,90.44499969482422,130646000,87.73406982421875
2020-06-30,AAPL,90.0199966430664,91.49500274658205,90.0,91.1999969482422,140223200,88.46642303466797
2020-07-01,AAPL,91.27999877929688,91.83999633789062,90.97750091552734,91.02749633789062,110737200,88.29912567138672
2020-07-02,AAPL,91.9625015258789,92.61750030517578,90.91000366210938,91.02749633789062,114041600,88.29912567138672
2020-07-06,AAPL,92.5,93.94499969482422,92.46749877929688,93.4625015258789,118655600,90.66112518310548
2020-07-07,AAPL,93.85250091552734,94.65499877929688,93.05750274658205,93.17250061035156,112424400,90.3798370361328
2020-07-08,AAPL,94.18000030517578,95.375,94.08999633789062,95.34249877929688,117092000,92.48479461669922
2020-07-09,AAPL,96.2624969482422,96.31749725341795,94.67250061035156,95.75250244140624,125642800,92.88247680664062
2020-07-10,AAPL,95.33499908447266,95.9800033569336,94.70500183105467,95.91999816894533,90257200,93.04496002197266
2020-07-13,AAPL,97.26499938964844,99.95500183105467,95.25749969482422,95.47750091552734,191649200,92.61575317382812
2020-07-14,AAPL,94.83999633789062,97.25499725341795,93.87750244140624,97.05750274658205,170989200,94.14836883544922
2020-07-15,AAPL,98.98999786376952,99.24749755859376,96.48999786376952,97.7249984741211,153198000,94.79586029052734
2020-07-16,AAPL,96.5625,97.40499877929688,95.90499877929688,96.52249908447266,110577600,93.62939453125
2020-07-17,AAPL,96.9875030517578,97.14749908447266,95.83999633789062,96.32749938964844,92186800,93.44026947021484
2020-07-20,AAPL,96.4175033569336,98.5,96.0625,98.35749816894533,90318000,95.40940856933594
2020-07-21,AAPL,99.17250061035156,99.25,96.74250030517578,97.0,103433200,94.09259033203124
2020-07-22,AAPL,96.69249725341795,97.9749984741211,96.60250091552734,97.27249908447266,89001600,94.35691833496094
2020-07-23,AAPL,96.99749755859376,97.07749938964844,92.01000213623048,92.84500122070312,197004400,90.0621337890625
2020-07-24,AAPL,90.9875030517578,92.97000122070312,89.1449966430664,92.61499786376952,185438800,89.83904266357422
2020-07-27,AAPL,93.70999908447266,94.90499877929688,93.4800033569336,94.80999755859376,121214000,91.96824645996094
2020-07-28,AAPL,94.36750030517578,94.5500030517578,93.24749755859376,93.25250244140624,103625600,90.4574203491211
2020-07-29,AAPL,93.75,95.2300033569336,93.7125015258789,95.04000091552734,90329200,92.19134521484376
2020-07-30,AAPL,94.1875,96.29750061035156,93.76750183105467,96.19000244140624,158130000,93.30689239501952
2020-07-31,AAPL,102.88500213623048,106.41500091552734,100.8249969482422,106.26000213623048,374336800,103.0750503540039
2020-08-03,AAPL,108.1999969482422,111.6374969482422,107.89250183105467,108.9375,308151200,105.67228698730467
2020-08-04,AAPL,109.13249969482422,110.79000091552734,108.3874969482422,109.66500091552734,173071600,106.37799072265624
2020-08-05,AAPL,109.37750244140624,110.39250183105467,108.89749908447266,110.0625,121776800,106.76358032226562
2020-08-06,AAPL,110.40499877929688,114.4124984741211,109.79750061035156,113.90249633789062,202428800,110.4884796142578
2020-08-07,AAPL,113.20500183105467,113.6750030517578,110.2925033569336,111.1125030517578,198045600,107.97644805908205
2020-08-10,AAPL,112.5999984741211,113.7750015258789,110.0,112.72750091552734,212403600,109.54586029052734
2020-08-11,AAPL,111.97000122070312,112.48249816894533,109.10749816894533,109.375,187902400,106.28797149658205
2020-08-12,AAPL,110.49749755859376,113.2750015258789,110.29750061035156,113.01000213623048,165598000,109.82038116455078
2020-08-13,AAPL,114.43000030517578,116.0425033569336,113.92749786376952,115.01000213623048,210082000,111.76390075683594
2020-08-14,AAPL,114.83000183105467,115.0,113.04499816894533,114.90750122070312,165565200,111.66433715820312
2020-08-17,AAPL,116.0625,116.0875015258789,113.9625015258789,114.60749816894533,119561600,111.37278747558594
2020-08-18,AAPL,114.35250091552734,116.0,114.00749969482422,115.5625,105633600,112.30083465576172
2020-08-19,AAPL,115.98249816894533,117.1624984741211,115.61000061035156,115.7074966430664,145538000,112.44173431396484
2020-08-20,AAPL,115.75,118.39250183105467,115.73249816894533,118.2750015258789,126907200,114.93677520751952
2020-08-21,AAPL,119.2624969482422,124.86750030517578,119.25,124.37000274658205,338054800,120.8597412109375
2020-08-24,AAPL,128.69749450683594,128.78500366210938,123.9375,125.85749816894533,345937600,122.30525970458984
2020-08-25,AAPL,124.69750213623048,125.18000030517578,123.05249786376952,124.8249969482422,211495600,121.30189514160156
2020-08-26,AAPL,126.18000030517578,126.99250030517578,125.0824966430664,126.52249908447266,163022400,122.9515151977539
2020-08-27,AAPL,127.14250183105467,127.48500061035156,123.8324966430664,125.01000213623048,155552400,121.48167419433594
2020-08-28,AAPL,126.0124969482422,126.44249725341795,124.57749938964844,124.80750274658205,187630000,121.28490447998048
2020-08-31,AAPL,127.58000183105467,131.0,126.0,129.0399932861328,225702700,125.39793395996094
2020-09-01,AAPL,132.75999450683594,134.8000030517578,130.52999877929688,134.17999267578125,151948100,130.39288330078125
2020-09-02,AAPL,137.58999633789062,137.97999572753906,127.0,131.39999389648438,200119000,127.69133758544922
2020-09-03,AAPL,126.91000366210938,128.83999633789062,120.5,120.87999725341795,257599600,117.46824645996094
2020-09-04,AAPL,120.06999969482422,123.6999969482422,110.88999938964844,120.95999908447266,332607200,117.5459976196289
2020-09-08,AAPL,113.9499969482422,118.98999786376952,112.68000030517578,112.81999969482422,231366600,109.63573455810548
2020-09-09,AAPL,117.26000213623048,119.13999938964844,115.26000213623048,117.31999969482422,176940500,114.00872039794922
2020-09-10,AAPL,120.36000061035156,120.5,112.5,113.48999786376952,182274400,110.2868423461914
2020-09-11,AAPL,114.56999969482422,115.2300033569336,110.0,112.0,180860300,108.83889770507812
2020-09-14,AAPL,114.72000122070312,115.93000030517578,112.8000030517578,115.36000061035156,140150100,112.1040496826172
2020-09-15,AAPL,118.33000183105467,118.83000183105467,113.61000061035156,115.54000091552734,184642000,112.27896881103516
2020-09-16,AAPL,115.2300033569336,116.0,112.04000091552734,112.12999725341795,154679000,108.9652099609375
2020-09-17,AAPL,109.72000122070312,112.1999969482422,108.70999908447266,110.33999633789062,178011000,107.22573852539062
2020-09-18,AAPL,110.4000015258789,110.87999725341795,106.08999633789062,106.83999633789062,287104900,103.82452392578124
2020-09-21,AAPL,104.54000091552734,110.19000244140624,103.0999984741211,110.08000183105467,195713800,106.97307586669922
2020-09-22,AAPL,112.68000030517578,112.86000061035156,109.16000366210938,111.80999755859376,183055400,108.65422821044922
2020-09-23,AAPL,111.62000274658205,112.11000061035156,106.7699966430664,107.12000274658205,150718700,104.09662628173828
2020-09-24,AAPL,105.16999816894533,110.25,105.0,108.22000122070312,167743300,105.16559600830078
2020-09-25,AAPL,108.43000030517578,112.44000244140624,107.66999816894533,112.27999877929688,149981400,109.1109848022461
2020-09-28,AAPL,115.01000213623048,115.31999969482422,112.77999877929688,114.95999908447266,137672400,111.7153549194336
2020-09-29,AAPL,114.5500030517578,115.30999755859376,113.56999969482422,114.08999633789062,99382200,110.86988830566406
2020-09-30,AAPL,113.79000091552734,117.26000213623048,113.62000274658205,115.80999755859376,142675200,112.54136657714844
2020-10-01,AAPL,117.63999938964844,117.72000122070312,115.83000183105467,116.79000091552734,116120400,113.4936981201172
2020-10-02,AAPL,112.88999938964844,115.37000274658205,112.22000122070312,113.0199966430664,144712000,109.83009338378906
2020-10-05,AAPL,113.91000366210938,116.6500015258789,113.5500030517578,116.5,106243800,113.21187591552734
2020-10-06,AAPL,115.6999969482422,116.12000274658205,112.25,113.16000366210938,161498200,109.9661636352539
2020-10-07,AAPL,114.62000274658205,115.5500030517578,114.12999725341795,115.08000183105467,96849000,111.83196258544922
2020-10-08,AAPL,116.25,116.4000015258789,114.58999633789062,114.97000122070312,83477200,111.72505950927734
2020-10-09,AAPL,115.27999877929688,117.0,114.91999816894533,116.97000122070312,100506900,113.66859436035156
2020-10-12,AAPL,120.05999755859376,125.18000030517578,119.27999877929688,124.4000015258789,240226800,120.88890075683594
2020-10-13,AAPL,125.2699966430664,125.38999938964844,119.6500015258789,121.0999984741211,262330500,117.68205261230467
2020-10-14,AAPL,121.0,123.02999877929688,119.62000274658205,121.19000244140624,150712000,117.76951599121094
2020-10-15,AAPL,118.72000122070312,121.1999969482422,118.1500015258789,120.70999908447266,112559200,117.30303955078124
2020-10-16,AAPL,121.27999877929688,121.5500030517578,118.80999755859376,119.0199966430664,115393800,115.6607437133789
2020-10-19,AAPL,119.95999908447266,120.41999816894533,115.66000366210938,115.9800033569336,120639300,112.70655059814452
2020-10-20,AAPL,116.1999969482422,118.9800033569336,115.62999725341795,117.51000213623048,124423700,114.19334411621094
2020-10-21,AAPL,116.66999816894533,118.70999908447266,116.4499969482422,116.87000274658205,89946000,113.5714340209961
2020-10-22,AAPL,117.4499969482422,118.04000091552734,114.58999633789062,115.75,101988000,112.4830551147461
2020-10-23,AAPL,116.38999938964844,116.5500030517578,114.27999877929688,115.04000091552734,82572600,111.79308319091795
2020-10-26,AAPL,114.01000213623048,116.5500030517578,112.87999725341795,115.0500030517578,111850700,111.80280303955078
2020-10-27,AAPL,115.48999786376952,117.27999877929688,114.54000091552734,116.5999984741211,92276800,113.3090591430664
2020-10-28,AAPL,115.0500030517578,115.43000030517578,111.0999984741211,111.1999969482422,143937800,108.06145477294922
2020-10-29,AAPL,112.37000274658205,116.93000030517578,112.1999969482422,115.31999969482422,146129200,112.06517791748048
2020-10-30,AAPL,111.05999755859376,111.98999786376952,107.72000122070312,108.86000061035156,190272600,105.7874984741211
2020-11-02,AAPL,109.11000061035156,110.68000030517578,107.31999969482422,108.7699966430664,122866900,105.70004272460938
2020-11-03,AAPL,109.66000366210938,111.48999786376952,108.7300033569336,110.44000244140624,107624400,107.32292175292967
2020-11-04,AAPL,114.13999938964844,115.58999633789062,112.3499984741211,114.9499969482422,138235500,111.70562744140624
2020-11-05,AAPL,117.9499969482422,119.62000274658205,116.87000274658205,119.02999877929688,126387100,115.67047882080078
2020-11-06,AAPL,118.31999969482422,119.1999969482422,116.12999725341795,118.69000244140624,114457900,115.5390625
2020-11-09,AAPL,120.5,121.98999786376952,116.0500030517578,116.31999969482422,154515300,113.2319564819336
2020-11-10,AAPL,115.5500030517578,117.58999633789062,114.12999725341795,115.97000122070312,138023400,112.89127349853516
2020-11-11,AAPL,117.19000244140624,119.62999725341795,116.44000244140624,119.48999786376952,112295000,116.31781768798828
2020-11-12,AAPL,119.62000274658205,120.52999877929688,118.56999969482422,119.20999908447266,103162300,116.04524230957033
2020-11-13,AAPL,119.44000244140624,119.66999816894533,117.87000274658205,119.26000213623048,81581900,116.09391784667967
2020-11-16,AAPL,118.91999816894533,120.98999786376952,118.1500015258789,120.3000030517578,91183000,117.1063232421875
2020-11-17,AAPL,119.5500030517578,120.66999816894533,118.95999908447266,119.38999938964844,74271000,116.22048950195312
2020-11-18,AAPL,118.61000061035156,119.81999969482422,118.0,118.02999877929688,76322100,114.8965835571289
2020-11-19,AAPL,117.58999633789062,119.05999755859376,116.80999755859376,118.63999938964844,74113000,115.49037170410156
2020-11-20,AAPL,118.63999938964844,118.7699966430664,117.29000091552734,117.33999633789062,73604300,114.22489166259766
2020-11-23,AAPL,117.18000030517578,117.62000274658205,113.75,113.8499984741211,127959300,110.82755279541016
2020-11-24,AAPL,113.91000366210938,115.8499984741211,112.58999633789062,115.16999816894533,113874200,112.1125259399414
2020-11-25,AAPL,115.5500030517578,116.75,115.16999816894533,116.02999877929688,76499200,112.9496612548828
2020-11-27,AAPL,116.56999969482422,117.48999786376952,116.22000122070312,116.58999633789062,46691300,113.49478912353516
2020-11-30,AAPL,116.97000122070312,120.97000122070312,116.80999755859376,119.0500030517578,169410200,115.88949584960938
2020-12-01,AAPL,121.01000213623048,123.47000122070312,120.01000213623048,122.72000122070312,127728200,119.46207427978516
2020-12-02,AAPL,122.0199966430664,123.37000274658205,120.88999938964844,123.08000183105467,89004200,119.81251525878906
2020-12-03,AAPL,123.5199966430664,123.77999877929688,122.20999908447266,122.94000244140624,78967600,119.67625427246094
2020-12-04,AAPL,122.5999984741211,122.86000061035156,121.5199966430664,122.25,78260400,119.00454711914062
2020-12-07,AAPL,122.30999755859376,124.56999969482422,122.25,123.75,86712000,120.46471405029295
2020-12-08,AAPL,124.37000274658205,124.9800033569336,123.08999633789062,124.37999725341795,82225500,121.07798767089844
2020-12-09,AAPL,124.52999877929688,125.9499969482422,121.0,121.77999877929688,115089200,118.54702758789062
2020-12-10,AAPL,120.5,123.87000274658205,120.1500015258789,123.23999786376952,81312200,119.96825408935548
2020-12-11,AAPL,122.43000030517578,122.76000213623048,120.5500030517578,122.41000366210938,86939800,119.16030883789062
2020-12-14,AAPL,122.5999984741211,123.3499984741211,121.54000091552734,121.77999877929688,79184500,118.54702758789062
2020-12-15,AAPL,124.33999633789062,127.9000015258789,124.12999725341795,127.87999725341795,157243700,124.4850845336914
2020-12-16,AAPL,127.41000366210938,128.3699951171875,126.55999755859376,127.80999755859376,98208600,124.41693878173828
2020-12-17,AAPL,128.89999389648438,129.5800018310547,128.0399932861328,128.6999969482422,94359800,125.2833023071289
2020-12-18,AAPL,128.9600067138672,129.10000610351562,126.12000274658205,126.66000366210938,192541500,123.2974853515625
2020-12-21,AAPL,125.0199966430664,128.30999755859375,123.4499969482422,128.22999572753906,121251600,124.82579803466795
2020-12-22,AAPL,131.61000061035156,134.41000366210938,129.64999389648438,131.8800048828125,168904800,128.37889099121094
2020-12-23,AAPL,132.16000366210938,132.42999267578125,130.77999877929688,130.9600067138672,88223700,127.48332977294922
2020-12-24,AAPL,131.32000732421875,133.4600067138672,131.10000610351562,131.97000122070312,54930100,128.46649169921875
2020-12-28,AAPL,133.99000549316406,137.33999633789062,133.50999450683594,136.69000244140625,124486200,133.0612030029297
2020-12-29,AAPL,138.0500030517578,138.7899932861328,134.33999633789062,134.8699951171875,121047300,131.28953552246094
2020-12-30,AAPL,135.5800018310547,135.99000549316406,133.39999389648438,133.72000122070312,96452100,130.17005920410156
2020-12-31,AAPL,134.0800018310547,134.74000549316406,131.72000122070312,132.69000244140625,99116600,129.1673583984375
2021-01-04,AAPL,133.52000427246094,133.61000061035156,126.76000213623048,129.41000366210938,143301900,125.9744644165039
2021-01-05,AAPL,128.88999938964844,131.74000549316406,128.42999267578125,131.00999450683594,97664900,127.53201293945312
2021-01-06,AAPL,127.72000122070312,131.0500030517578,126.37999725341795,126.5999984741211,155088000,123.2390594482422
2021-01-07,AAPL,128.36000061035156,131.6300048828125,127.86000061035156,130.9199981689453,109578200,127.44440460205078
2021-01-08,AAPL,132.42999267578125,132.6300048828125,130.22999572753906,132.0500030517578,105158200,128.54437255859375
2021-01-11,AAPL,129.19000244140625,130.1699981689453,128.5,128.97999572753906,100384500,125.55587005615234
2021-01-12,AAPL,128.5,129.69000244140625,126.86000061035156,128.8000030517578,91951100,125.38067626953124
2021-01-13,AAPL,128.75999450683594,131.4499969482422,128.49000549316406,130.88999938964844,88636800,127.4151840209961
2021-01-14,AAPL,130.8000030517578,131.0,128.75999450683594,128.91000366210938,90221800,125.48773956298828
2021-01-15,AAPL,128.77999877929688,130.22000122070312,127.0,127.13999938964844,111598500,123.76472473144533
2021-01-19,AAPL,127.77999877929688,128.7100067138672,126.94000244140624,127.83000183105467,90757300,124.43641662597656
2021-01-20,AAPL,128.66000366210938,132.49000549316406,128.5500030517578,132.02999877929688,104319500,128.52490234375
2021-01-21,AAPL,133.8000030517578,139.6699981689453,133.58999633789062,136.8699951171875,120150900,133.23643493652344
2021-01-22,AAPL,136.27999877929688,139.85000610351562,135.02000427246094,139.07000732421875,114459400,135.37802124023438
2021-01-25,AAPL,143.07000732421875,145.08999633789062,136.5399932861328,142.9199981689453,157611700,139.12582397460938
2021-01-26,AAPL,143.60000610351562,144.3000030517578,141.3699951171875,143.16000366210938,98390600,139.3594207763672
2021-01-27,AAPL,143.42999267578125,144.3000030517578,140.41000366210938,142.05999755859375,140843800,138.28863525390625
2021-01-28,AAPL,139.52000427246094,141.99000549316406,136.6999969482422,137.08999633789062,142621100,133.45057678222656
2021-01-29,AAPL,135.8300018310547,136.74000549316406,130.2100067138672,131.9600067138672,177523800,128.45675659179688
2021-02-01,AAPL,133.75,135.3800048828125,130.92999267578125,134.13999938964844,106239800,130.57888793945312
2021-02-02,AAPL,135.72999572753906,136.30999755859375,134.61000061035156,134.99000549316406,83305400,131.4062957763672
2021-02-03,AAPL,135.75999450683594,135.77000427246094,133.61000061035156,133.94000244140625,89880900,130.38421630859375
2021-02-04,AAPL,136.3000030517578,137.39999389648438,134.58999633789062,137.38999938964844,84183100,133.74261474609375
2021-02-05,AAPL,137.35000610351562,137.4199981689453,135.86000061035156,136.75999450683594,75693800,133.32827758789062
2021-02-08,AAPL,136.02999877929688,136.9600067138672,134.9199981689453,136.91000366210938,71297200,133.47451782226562
2021-02-09,AAPL,136.6199951171875,137.8800048828125,135.85000610351562,136.00999450683594,76774200,132.59710693359375
2021-02-10,AAPL,136.47999572753906,136.99000549316406,134.39999389648438,135.38999938964844,73046600,131.99267578125
2021-02-11,AAPL,135.89999389648438,136.38999938964844,133.77000427246094,135.1300048828125,64280000,131.73915100097656
2021-02-12,AAPL,134.35000610351562,135.52999877929688,133.69000244140625,135.3699951171875,60145100,131.97314453125
2021-02-16,AAPL,135.49000549316406,136.00999450683594,132.7899932861328,133.19000244140625,80576300,129.8478546142578
2021-02-17,AAPL,131.25,132.22000122070312,129.47000122070312,130.83999633789062,97918500,127.55685424804688
2021-02-18,AAPL,129.1999969482422,130.0,127.41000366210938,129.7100067138672,96856700,126.45519256591795
2021-02-19,AAPL,130.24000549316406,130.7100067138672,128.8000030517578,129.8699951171875,87668800,126.61114501953124
2021-02-22,AAPL,128.00999450683594,129.72000122070312,125.5999984741211,126.0,103916400,122.83828735351562
2021-02-23,AAPL,123.76000213623048,126.70999908447266,118.38999938964844,125.86000061035156,158273000,122.7018051147461
2021-02-24,AAPL,124.94000244140624,125.55999755859376,122.2300033569336,125.3499984741211,111039900,122.20458221435548
2021-02-25,AAPL,124.68000030517578,126.45999908447266,120.54000091552734,120.98999786376952,148199500,117.95398712158205
2021-02-26,AAPL,122.58999633789062,124.8499984741211,121.1999969482422,121.26000213623048,164560400,118.21721649169922
2021-03-01,AAPL,123.75,127.93000030517578,122.79000091552734,127.79000091552734,116307900,124.58335876464844
2021-03-02,AAPL,128.41000366210938,128.72000122070312,125.01000213623048,125.12000274658205,102260900,121.9803695678711
2021-03-03,AAPL,124.80999755859376,125.70999908447266,121.83999633789062,122.05999755859376,112966300,118.99713897705078
2021-03-04,AAPL,121.75,123.5999984741211,118.62000274658205,120.12999725341795,178155000,117.11557006835938
2021-03-05,AAPL,120.9800033569336,121.94000244140624,117.56999969482422,121.41999816894533,153766600,118.3731918334961
2021-03-08,AAPL,120.93000030517578,121.0,116.20999908447266,116.36000061035156,154376600,113.44017028808594
2021-03-09,AAPL,119.02999877929688,122.05999755859376,118.79000091552734,121.08999633789062,129525800,118.05148315429688
2021-03-10,AAPL,121.69000244140624,122.16999816894533,119.4499969482422,119.9800033569336,111943300,116.9693374633789
2021-03-11,AAPL,122.54000091552734,123.20999908447266,121.26000213623048,121.95999908447266,103026500,118.899658203125
2021-03-12,AAPL,120.4000015258789,121.16999816894533,119.16000366210938,121.02999877929688,88105100,117.99297332763672
2021-03-15,AAPL,121.41000366210938,124.0,120.41999816894533,123.98999786376952,92403800,120.8787078857422
2021-03-16,AAPL,125.6999969482422,127.22000122070312,124.72000122070312,125.56999969482422,115227900,122.4190673828125
2021-03-17,AAPL,124.0500030517578,125.86000061035156,122.33999633789062,124.76000213623048,111932600,121.62940216064452
2021-03-18,AAPL,122.87999725341795,123.18000030517578,120.31999969482422,120.52999877929688,121229700,117.50553131103516
2021-03-19,AAPL,119.9000015258789,121.43000030517578,119.68000030517578,119.98999786376952,185549500,116.97909545898438
2021-03-22,AAPL,120.33000183105467,123.87000274658205,120.26000213623048,123.38999938964844,111912300,120.29376983642578
2021-03-23,AAPL,123.33000183105467,124.23999786376952,122.13999938964844,122.54000091552734,95467100,119.4651107788086
2021-03-24,AAPL,122.81999969482422,122.9000015258789,120.06999969482422,120.08999633789062,88530500,117.0765609741211
2021-03-25,AAPL,119.54000091552734,121.66000366210938,119.0,120.58999633789062,98844700,117.5640106201172
2021-03-26,AAPL,120.3499984741211,121.4800033569336,118.91999816894533,121.20999908447266,94071200,118.16847229003906
2021-03-29,AAPL,121.6500015258789,122.58000183105467,120.7300033569336,121.38999938964844,80819200,118.3439483642578
2021-03-30,AAPL,120.11000061035156,120.4000015258789,118.86000061035156,119.9000015258789,85671900,116.89134979248048
2021-03-31,AAPL,121.6500015258789,123.5199966430664,121.1500015258789,122.1500015258789,118323800,119.08486938476562
2021-04-01,AAPL,123.66000366210938,124.18000030517578,122.48999786376952,123.0,75089100,119.91354370117188
2021-04-05,AAPL,123.87000274658205,126.16000366210938,123.06999969482422,125.9000015258789,88651200,122.74079895019533
2021-04-06,AAPL,126.5,127.12999725341795,125.6500015258789,126.20999908447266,80171300,123.0429916381836
2021-04-07,AAPL,125.83000183105467,127.91999816894533,125.13999938964844,127.9000015258789,83466700,124.69059753417967
2021-04-08,AAPL,128.9499969482422,130.38999938964844,128.52000427246094,130.36000061035156,88844600,127.08890533447266
2021-04-09,AAPL,129.8000030517578,133.0399932861328,129.47000122070312,133.0,106686700,129.66262817382812
2021-04-12,AAPL,132.52000427246094,132.85000610351562,130.6300048828125,131.24000549316406,91420000,127.94677734375
2021-04-13,AAPL,132.44000244140625,134.66000366210938,131.92999267578125,134.42999267578125,91266500,131.05670166015625
2021-04-14,AAPL,134.94000244140625,135.0,131.66000366210938,132.02999877929688,87222800,128.7169647216797
2021-04-15,AAPL,133.82000732421875,135.0,133.63999938964844,134.5,89347100,131.12493896484375
2021-04-16,AAPL,134.3000030517578,134.6699981689453,133.27999877929688,134.16000366210938,84922400,130.79356384277344
2021-04-19,AAPL,133.50999450683594,135.47000122070312,133.33999633789062,134.83999633789062,94264200,131.4564666748047
2021-04-20,AAPL,135.02000427246094,135.52999877929688,131.80999755859375,133.11000061035156,94812300,129.76983642578125
2021-04-21,AAPL,132.36000061035156,133.75,131.3000030517578,133.5,68847100,130.15011596679688
2021-04-22,AAPL,133.0399932861328,134.14999389648438,131.41000366210938,131.94000244140625,84566500,128.62924194335938
2021-04-23,AAPL,132.16000366210938,135.1199951171875,132.16000366210938,134.32000732421875,78657500,130.9495086669922
2021-04-26,AAPL,134.8300018310547,135.05999755859375,133.55999755859375,134.72000122070312,66905100,131.3394775390625
2021-04-27,AAPL,135.00999450683594,135.41000366210938,134.11000061035156,134.38999938964844,66015800,131.01776123046875
2021-04-28,AAPL,134.30999755859375,135.02000427246094,133.0800018310547,133.5800018310547,107760100,130.22805786132812
2021-04-29,AAPL,136.47000122070312,137.07000732421875,132.4499969482422,133.47999572753906,151101000,130.13059997558594
2021-04-30,AAPL,131.77999877929688,133.55999755859375,131.07000732421875,131.4600067138672,109839500,128.16127014160156
2021-05-03,AAPL,132.0399932861328,134.07000732421875,131.8300018310547,132.5399932861328,75135100,129.21417236328125
2021-05-04,AAPL,131.19000244140625,131.49000549316406,126.6999969482422,127.8499984741211,137564700,124.64186096191406
2021-05-05,AAPL,129.1999969482422,130.4499969482422,127.97000122070312,128.10000610351562,84000900,124.88558197021484
2021-05-06,AAPL,127.88999938964844,129.75,127.12999725341795,129.74000549316406,78128300,126.48444366455078
2021-05-07,AAPL,130.85000610351562,131.25999450683594,129.47999572753906,130.2100067138672,78973300,127.15827178955078
2021-05-10,AAPL,129.41000366210938,129.5399932861328,126.80999755859376,126.8499984741211,88071200,123.87699127197266
2021-05-11,AAPL,123.5,126.2699966430664,122.7699966430664,125.91000366210938,126142800,122.9590301513672
2021-05-12,AAPL,123.4000015258789,124.63999938964844,122.25,122.7699966430664,112172300,119.89261627197266
2021-05-13,AAPL,124.58000183105467,126.1500015258789,124.26000213623048,124.97000122070312,105861300,122.0410614013672
2021-05-14,AAPL,126.25,127.88999938964844,125.8499984741211,127.4499969482422,81918000,124.46292877197266
2021-05-17,AAPL,126.81999969482422,126.93000030517578,125.16999816894533,126.2699966430664,74244600,123.31060028076172
2021-05-18,AAPL,126.55999755859376,126.98999786376952,124.77999877929688,124.8499984741211,63342900,121.92386627197266
2021-05-19,AAPL,123.16000366210938,124.91999816894533,122.86000061035156,124.69000244140624,92612000,121.76763916015624
2021-05-20,AAPL,125.2300033569336,127.72000122070312,125.0999984741211,127.30999755859376,76857100,124.32621002197266
2021-05-21,AAPL,127.81999969482422,128.0,125.20999908447266,125.43000030517578,79295400,122.49028778076172
2021-05-24,AAPL,126.01000213623048,127.94000244140624,125.94000244140624,127.0999984741211,63092900,124.12115478515624
2021-05-25,AAPL,127.81999969482422,128.32000732421875,126.31999969482422,126.9000015258789,72009500,123.92583465576172
2021-05-26,AAPL,126.95999908447266,127.38999938964844,126.41999816894533,126.8499984741211,56575900,123.87699127197266
2021-05-27,AAPL,126.44000244140624,127.63999938964844,125.08000183105467,125.27999877929688,94625600,122.3437957763672
2021-05-28,AAPL,125.56999969482422,125.8000030517578,124.5500030517578,124.61000061035156,71311100,121.68949127197266
2021-06-01,AAPL,125.08000183105467,125.3499984741211,123.94000244140624,124.27999877929688,67637100,121.36724090576172
2021-06-02,AAPL,124.27999877929688,125.23999786376952,124.0500030517578,125.05999755859376,59278900,122.1289520263672
2021-06-03,AAPL,124.68000030517578,124.8499984741211,123.12999725341795,123.54000091552734,76229200,120.64458465576172
2021-06-04,AAPL,124.06999969482422,126.16000366210938,123.8499984741211,125.88999938964844,75169300,122.9394989013672
2021-06-07,AAPL,126.16999816894533,126.31999969482422,124.83000183105467,125.9000015258789,71057600,122.94927978515624
2021-06-08,AAPL,126.5999984741211,128.4600067138672,126.20999908447266,126.73999786376952,74403800,123.76958465576172
2021-06-09,AAPL,127.20999908447266,127.75,126.5199966430664,127.12999725341795,56877900,124.15045166015624
2021-06-10,AAPL,127.0199966430664,128.19000244140625,125.94000244140624,126.11000061035156,71186400,123.15432739257812
2021-06-11,AAPL,126.52999877929688,127.44000244140624,126.0999984741211,127.3499984741211,53522400,124.36529541015624
2021-06-14,AAPL,127.81999969482422,130.5399932861328,127.06999969482422,130.47999572753906,96906500,127.42191314697266
2021-06-15,AAPL,129.94000244140625,130.60000610351562,129.38999938964844,129.63999938964844,62746300,126.60161590576172
2021-06-16,AAPL,130.3699951171875,130.88999938964844,128.4600067138672,130.14999389648438,91815000,127.0996551513672
2021-06-17,AAPL,129.8000030517578,132.5500030517578,129.64999389648438,131.7899932861328,96721700,128.7012176513672
2021-06-18,AAPL,130.7100067138672,131.50999450683594,130.24000549316406,130.4600067138672,108953300,127.40240478515624
2021-06-21,AAPL,130.3000030517578,132.41000366210938,129.2100067138672,132.3000030517578,79663300,129.1992645263672
2021-06-22,AAPL,132.1300048828125,134.0800018310547,131.6199951171875,133.97999572753906,74783600,130.83990478515625
2021-06-23,AAPL,133.77000427246094,134.32000732421875,133.22999572753906,133.6999969482422,60214200,130.5664520263672
2021-06-24,AAPL,134.4499969482422,134.63999938964844,132.92999267578125,133.41000366210938,68711000,130.28326416015625
2021-06-25,AAPL,133.4600067138672,133.88999938964844,132.80999755859375,133.11000061035156,70783700,129.99026489257812
2021-06-28,AAPL,133.41000366210938,135.25,133.35000610351562,134.77999877929688,62111300,131.62115478515625
2021-06-29,AAPL,134.8000030517578,136.49000549316406,134.35000610351562,136.3300018310547,64556100,133.1348419189453
2021-06-30,AAPL,136.1699981689453,137.41000366210938,135.8699951171875,136.9600067138672,63261400,133.75006103515625
2021-07-01,AAPL,136.60000610351562,137.3300018310547,135.75999450683594,137.27000427246094,52485800,134.05284118652344
2021-07-02,AAPL,137.89999389648438,140.0,137.75,139.9600067138672,78852600,136.6797637939453
2021-07-06,AAPL,140.07000732421875,143.14999389648438,140.07000732421875,142.02000427246094,108181800,138.69149780273438
2021-07-07,AAPL,143.5399932861328,144.88999938964844,142.66000366210938,144.57000732421875,104911600,141.18170166015625
2021-07-08,AAPL,141.5800018310547,144.05999755859375,140.6699981689453,143.24000549316406,105575500,139.8828582763672
2021-07-09,AAPL,142.75,145.64999389648438,142.64999389648438,145.11000061035156,99890800,141.7090301513672
2021-07-12,AAPL,146.2100067138672,146.32000732421875,144.0,144.5,76299700,141.1133270263672
2021-07-13,AAPL,144.02999877929688,147.4600067138672,143.6300048828125,145.63999938964844,100827100,142.22662353515625
2021-07-14,AAPL,148.10000610351562,149.57000732421875,147.67999267578125,149.14999389648438,127050800,145.65432739257812
2021-07-15,AAPL,149.24000549316406,150.0,147.08999633789062,148.47999572753906,106820300,145.0000457763672
2021-07-16,AAPL,148.4600067138672,149.75999450683594,145.8800048828125,146.38999938964844,93251400,142.9590301513672
2021-07-19,AAPL,143.75,144.07000732421875,141.6699981689453,142.4499969482422,121434600,139.11138916015625
2021-07-20,AAPL,143.4600067138672,147.10000610351562,142.9600067138672,146.14999389648438,96350000,142.7246551513672
2021-07-21,AAPL,145.52999877929688,146.1300048828125,144.6300048828125,145.39999389648438,74993500,141.99224853515625
2021-07-22,AAPL,145.94000244140625,148.1999969482422,145.80999755859375,146.8000030517578,77338200,143.35943603515625
2021-07-23,AAPL,147.5500030517578,148.72000122070312,146.9199981689453,148.55999755859375,71447400,145.07815551757812
2021-07-26,AAPL,148.27000427246094,149.8300018310547,147.6999969482422,148.99000549316406,72434100,145.4981231689453
2021-07-27,AAPL,149.1199951171875,149.2100067138672,145.5500030517578,146.77000427246094,104818600,143.33013916015625
2021-07-28,AAPL,144.80999755859375,146.97000122070312,142.5399932861328,144.97999572753906,118931200,141.58206176757812
2021-07-29,AAPL,144.69000244140625,146.5500030517578,144.5800018310547,145.63999938964844,56699500,142.22662353515625
2021-07-30,AAPL,144.3800048828125,146.3300018310547,144.11000061035156,145.86000061035156,70440600,142.44149780273438
2021-08-02,AAPL,146.36000061035156,146.9499969482422,145.25,145.52000427246094,62880000,142.10943603515625
2021-08-03,AAPL,145.80999755859375,148.0399932861328,145.17999267578125,147.36000061035156,64786600,143.90628051757812
2021-08-04,AAPL,147.27000427246094,147.7899932861328,146.27999877929688,146.9499969482422,56368300,143.50592041015625
2021-08-05,AAPL,146.97999572753906,147.83999633789062,146.1699981689453,147.05999755859375,46397700,143.61334228515625
2021-08-06,AAPL,146.35000610351562,147.11000061035156,145.6300048828125,146.13999938964844,54126800,142.92868041992188
2021-08-09,AAPL,146.1999969482422,146.6999969482422,145.52000427246094,146.08999633789062,48908700,142.87982177734375
2021-08-10,AAPL,146.44000244140625,147.7100067138672,145.3000030517578,145.60000610351562,69023100,142.40060424804688
2021-08-11,AAPL,146.0500030517578,146.72000122070312,145.52999877929688,145.86000061035156,48493500,142.65487670898438
2021-08-12,AAPL,146.19000244140625,149.0500030517578,145.83999633789062,148.88999938964844,72282600,145.61830139160156
2021-08-13,AAPL,148.97000122070312,149.44000244140625,148.27000427246094,149.10000610351562,59375000,145.82369995117188
2021-08-16,AAPL,148.5399932861328,151.19000244140625,146.47000122070312,151.1199951171875,103296000,147.7992706298828
2021-08-17,AAPL,150.22999572753906,151.67999267578125,149.08999633789062,150.19000244140625,92229700,146.8897705078125
2021-08-18,AAPL,149.8000030517578,150.72000122070312,146.14999389648438,146.36000061035156,86326000,143.14389038085938
2021-08-19,AAPL,145.02999877929688,148.0,144.5,146.6999969482422,86960300,143.4763946533203
2021-08-20,AAPL,147.44000244140625,148.5,146.77999877929688,148.19000244140625,60549600,144.93370056152344
2021-08-23,AAPL,148.30999755859375,150.19000244140625,147.88999938964844,149.7100067138672,60131800,146.4202880859375
2021-08-24,AAPL,149.4499969482422,150.86000061035156,149.14999389648438,149.6199951171875,48606400,146.33226013183594
2021-08-25,AAPL,149.80999755859375,150.32000732421875,147.8000030517578,148.36000061035156,58991300,145.09994506835938
2021-08-26,AAPL,148.35000610351562,149.1199951171875,147.50999450683594,147.5399932861328,48597200,144.29798889160156
2021-08-27,AAPL,147.47999572753906,148.75,146.8300018310547,148.60000610351562,55802400,145.334716796875
2021-08-30,AAPL,149.0,153.49000549316406,148.61000061035156,153.1199951171875,90956700,149.75535583496094
2021-08-31,AAPL,152.66000366210938,152.8000030517578,151.2899932861328,151.8300018310547,86453100,148.4936981201172
2021-09-01,AAPL,152.8300018310547,154.97999572753906,152.33999633789062,152.50999450683594,80313700,149.15875244140625
2021-09-02,AAPL,153.8699951171875,154.72000122070312,152.39999389648438,153.64999389648438,71115500,150.27366638183594
2021-09-03,AAPL,153.75999450683594,154.6300048828125,153.08999633789062,154.3000030517578,57808700,150.90943908691406
2021-09-07,AAPL,154.97000122070312,157.25999450683594,154.38999938964844,156.69000244140625,82278300,153.24691772460938
2021-09-08,AAPL,156.97999572753906,157.0399932861328,153.97999572753906,155.11000061035156,74420200,151.70162963867188
2021-09-09,AAPL,155.49000549316406,156.11000061035156,153.9499969482422,154.07000732421875,57305700,150.6844940185547
2021-09-10,AAPL,155.0,155.47999572753906,148.6999969482422,148.97000122070312,140893200,145.696533203125
2021-09-13,AAPL,150.6300048828125,151.4199981689453,148.75,149.5500030517578,102404300,146.2638397216797
2021-09-14,AAPL,150.35000610351562,151.07000732421875,146.91000366210938,148.1199951171875,109296300,144.86524963378906
2021-09-15,AAPL,148.55999755859375,149.44000244140625,146.3699951171875,149.02999877929688,83281300,145.7552032470703
2021-09-16,AAPL,148.44000244140625,148.97000122070312,147.22000122070312,148.7899932861328,68034100,145.52044677734375
2021-09-17,AAPL,148.82000732421875,148.82000732421875,145.75999450683594,146.05999755859375,129868800,142.85044860839844
2021-09-20,AAPL,143.8000030517578,144.83999633789062,141.27000427246094,142.94000244140625,123478900,139.79904174804688
2021-09-21,AAPL,143.92999267578125,144.60000610351562,142.77999877929688,143.42999267578125,75834000,140.27828979492188
2021-09-22,AAPL,144.4499969482422,146.42999267578125,143.6999969482422,145.85000610351562,76404300,142.64511108398438
2021-09-23,AAPL,146.64999389648438,147.0800018310547,145.63999938964844,146.8300018310547,64838200,143.6035614013672
2021-09-24,AAPL,145.66000366210938,147.47000122070312,145.55999755859375,146.9199981689453,53477900,143.6915740966797
2021-09-27,AAPL,145.47000122070312,145.9600067138672,143.82000732421875,145.3699951171875,74150700,142.17564392089844
2021-09-28,AAPL,143.25,144.75,141.69000244140625,141.91000366210938,108972300,138.79164123535156
2021-09-29,AAPL,142.47000122070312,144.4499969482422,142.02999877929688,142.8300018310547,74602000,139.69149780273438
2021-09-30,AAPL,143.66000366210938,144.3800048828125,141.27999877929688,141.5,89056700,138.39073181152344
2021-10-01,AAPL,141.89999389648438,142.9199981689453,139.11000061035156,142.64999389648438,94639600,139.51541137695312
2021-10-04,AAPL,141.75999450683594,142.2100067138672,138.27000427246094,139.13999938964844,98322000,136.0825653076172
2021-10-05,AAPL,139.49000549316406,142.24000549316406,139.36000061035156,141.11000061035156,80861100,138.00926208496094
2021-10-06,AAPL,139.47000122070312,142.14999389648438,138.3699951171875,142.0,83221100,138.87969970703125
2021-10-07,AAPL,143.05999755859375,144.22000122070312,142.72000122070312,143.2899932861328,61732700,140.141357421875
2021-10-08,AAPL,144.02999877929688,144.17999267578125,142.55999755859375,142.89999389648438,58773200,139.7599334716797
2021-10-11,AAPL,142.27000427246094,144.80999755859375,141.80999755859375,142.80999755859375,64452200,139.67190551757812
2021-10-12,AAPL,143.22999572753906,143.25,141.0399932861328,141.50999450683594,73035900,138.4004669189453
2021-10-13,AAPL,141.24000549316406,141.39999389648438,139.1999969482422,140.91000366210938,78762700,137.81365966796875
2021-10-14,AAPL,142.11000061035156,143.8800048828125,141.50999450683594,143.75999450683594,69907100,140.60101318359375
2021-10-15,AAPL,143.77000427246094,144.89999389648438,143.50999450683594,144.83999633789062,67940300,141.6573028564453
2021-10-18,AAPL,143.4499969482422,146.83999633789062,143.16000366210938,146.5500030517578,85589200,143.32972717285156
2021-10-19,AAPL,147.00999450683594,149.1699981689453,146.5500030517578,148.75999450683594,76378900,145.49114990234375
2021-10-20,AAPL,148.6999969482422,149.75,148.1199951171875,149.25999450683594,58418800,145.9801788330078
2021-10-21,AAPL,148.80999755859375,149.63999938964844,147.8699951171875,149.47999572753906,61421000,146.19532775878906
2021-10-22,AAPL,149.69000244140625,150.17999267578125,148.63999938964844,148.69000244140625,58883400,145.42266845703125
2021-10-25,AAPL,148.67999267578125,149.3699951171875,147.6199951171875,148.63999938964844,50720600,145.37380981445312
2021-10-26,AAPL,149.3300018310547,150.83999633789062,149.00999450683594,149.32000732421875,60893400,146.03884887695312
2021-10-27,AAPL,149.36000061035156,149.72999572753906,148.49000549316406,148.85000610351562,56094900,145.57920837402344
2021-10-28,AAPL,149.82000732421875,153.1699981689453,149.72000122070312,152.57000732421875,100077900,149.21746826171875
2021-10-29,AAPL,147.22000122070312,149.94000244140625,146.41000366210938,149.8000030517578,124953200,146.50831604003906
2021-11-01,AAPL,148.99000549316406,149.6999969482422,147.8000030517578,148.9600067138672,74588300,145.686767578125
2021-11-02,AAPL,148.66000366210938,151.57000732421875,148.64999389648438,150.02000427246094,69122000,146.72348022460938
2021-11-03,AAPL,150.38999938964844,151.97000122070312,149.82000732421875,151.49000549316406,54511500,148.1611785888672
2021-11-04,AAPL,151.5800018310547,152.42999267578125,150.63999938964844,150.9600067138672,60394600,147.64283752441406
2021-11-05,AAPL,151.88999938964844,152.1999969482422,150.05999755859375,151.27999877929688,65463900,148.17173767089844
2021-11-08,AAPL,151.41000366210938,151.57000732421875,150.16000366210938,150.44000244140625,55020900,147.34896850585938
2021-11-09,AAPL,150.1999969482422,151.42999267578125,150.05999755859375,150.80999755859375,56787900,147.7113800048828
2021-11-10,AAPL,150.02000427246094,150.1300048828125,147.85000610351562,147.9199981689453,65187100,144.88072204589844
2021-11-11,AAPL,148.9600067138672,149.42999267578125,147.67999267578125,147.8699951171875,41000000,144.83180236816406
2021-11-12,AAPL,148.42999267578125,150.39999389648438,147.47999572753906,149.99000549316406,63804000,146.90821838378906
2021-11-15,AAPL,150.3699951171875,151.8800048828125,149.42999267578125,150.0,59222800,146.91802978515625
2021-11-16,AAPL,149.94000244140625,151.49000549316406,149.33999633789062,151.0,59256200,147.89749145507812
2021-11-17,AAPL,151.0,155.0,150.99000549316406,153.49000549316406,88807000,150.33631896972656
2021-11-18,AAPL,153.7100067138672,158.6699981689453,153.0500030517578,157.8699951171875,137827700,154.62628173828125
2021-11-19,AAPL,157.64999389648438,161.02000427246094,156.52999877929688,160.5500030517578,117305600,157.25125122070312
2021-11-22,AAPL,161.67999267578125,165.6999969482422,161.0,161.02000427246094,117467900,157.7116241455078
2021-11-23,AAPL,161.1199951171875,161.8000030517578,159.05999755859375,161.41000366210938,96041900,158.09356689453125
2021-11-24,AAPL,160.75,162.13999938964844,159.63999938964844,161.94000244140625,69463600,158.6126708984375
2021-11-26,AAPL,159.57000732421875,160.4499969482422,156.36000061035156,156.80999755859375,76959800,153.58807373046875
2021-11-29,AAPL,159.3699951171875,161.19000244140625,158.7899932861328,160.24000549316406,88748200,156.9476318359375
2021-11-30,AAPL,159.99000549316406,165.52000427246094,159.9199981689453,165.3000030517578,174048100,161.90367126464844
2021-12-01,AAPL,167.47999572753906,170.3000030517578,164.52999877929688,164.77000427246094,152052500,161.3845672607422
2021-12-02,AAPL,158.74000549316406,164.1999969482422,157.8000030517578,163.75999450683594,136739200,160.395263671875
2021-12-03,AAPL,164.02000427246094,164.9600067138672,159.72000122070312,161.83999633789062,118023100,158.51473999023438
2021-12-06,AAPL,164.2899932861328,167.8800048828125,164.27999877929688,165.32000732421875,107497000,161.92324829101562
2021-12-07,AAPL,169.0800018310547,171.5800018310547,168.33999633789062,171.17999267578125,120405400,167.662841796875
2021-12-08,AAPL,172.1300048828125,175.9600067138672,170.6999969482422,175.0800018310547,116998900,171.482666015625
2021-12-09,AAPL,174.91000366210938,176.75,173.9199981689453,174.55999755859375,108923700,170.97335815429688
2021-12-10,AAPL,175.2100067138672,179.6300048828125,174.69000244140625,179.4499969482422,115402700,175.76292419433594
2021-12-13,AAPL,181.1199951171875,182.1300048828125,175.52999877929688,175.74000549316406,153237000,172.12913513183594
2021-12-14,AAPL,175.25,177.74000549316406,172.2100067138672,174.3300018310547,139380400,170.74813842773438
2021-12-15,AAPL,175.11000061035156,179.5,172.30999755859375,179.3000030517578,131063300,175.6160125732422
2021-12-16,AAPL,179.27999877929688,181.13999938964844,170.75,172.25999450683594,150185800,168.7206268310547
2021-12-17,AAPL,169.92999267578125,173.47000122070312,169.69000244140625,171.13999938964844,195432700,167.62367248535156
2021-12-20,AAPL,168.27999877929688,170.5800018310547,167.4600067138672,169.75,107499100,166.26222229003906
2021-12-21,AAPL,171.55999755859375,173.1999969482422,169.1199951171875,172.99000549316406,91185900,169.43565368652344
2021-12-22,AAPL,173.0399932861328,175.86000061035156,172.14999389648438,175.63999938964844,92135300,172.0312042236328
2021-12-23,AAPL,175.85000610351562,176.85000610351562,175.27000427246094,176.27999877929688,68356600,172.65809631347656
2021-12-27,AAPL,177.08999633789062,180.4199981689453,177.07000732421875,180.3300018310547,74919600,176.62486267089844
2021-12-28,AAPL,180.16000366210935,181.3300018310547,178.52999877929688,179.2899932861328,79144300,175.606201171875
2021-12-29,AAPL,179.3300018310547,180.6300048828125,178.13999938964844,179.3800048828125,62348900,175.69435119628906
2021-12-30,AAPL,179.47000122070312,180.57000732421875,178.08999633789062,178.1999969482422,59773000,174.53860473632812
2021-12-31,AAPL,178.08999633789062,179.22999572753906,177.25999450683594,177.57000732421875,64062300,173.9215545654297
2022-01-03,AAPL,177.8300018310547,182.8800048828125,177.7100067138672,182.0099945068359,104487900,178.27032470703125
2022-01-04,AAPL,182.6300048828125,182.94000244140625,179.1199951171875,179.6999969482422,99310400,176.00778198242188
2022-01-05,AAPL,179.61000061035156,180.1699981689453,174.63999938964844,174.9199981689453,94537600,171.3260040283203
2022-01-06,AAPL,172.6999969482422,175.3000030517578,171.63999938964844,172.0,96904000,168.46597290039062
2022-01-07,AAPL,172.88999938964844,174.13999938964844,171.02999877929688,172.1699981689453,86709100,168.63250732421875
2022-01-10,AAPL,169.0800018310547,172.5,168.1699981689453,172.19000244140625,106765600,168.652099609375
2022-01-11,AAPL,172.32000732421875,175.17999267578125,170.82000732421875,175.0800018310547,76138300,171.482666015625
2022-01-12,AAPL,176.1199951171875,177.17999267578125,174.82000732421875,175.52999877929688,74805200,171.9235076904297
2022-01-13,AAPL,175.77999877929688,176.6199951171875,171.7899932861328,172.19000244140625,84505800,168.652099609375
2022-01-14,AAPL,171.33999633789062,173.77999877929688,171.08999633789062,173.07000732421875,80440800,169.51400756835938
2022-01-18,AAPL,171.50999450683594,172.5399932861328,169.41000366210938,169.8000030517578,90956700,166.31117248535156
2022-01-19,AAPL,170.0,171.0800018310547,165.94000244140625,166.22999572753906,94815000,162.81455993652344
2022-01-20,AAPL,166.97999572753906,169.67999267578125,164.17999267578125,164.50999450683594,91420500,161.1298828125
2022-01-21,AAPL,164.4199981689453,166.3300018310547,162.3000030517578,162.41000366210938,122848900,159.07302856445312
2022-01-24,AAPL,160.02000427246094,162.3000030517578,154.6999969482422,161.6199951171875,162294600,158.2992706298828
2022-01-25,AAPL,158.97999572753906,162.75999450683594,157.02000427246094,159.77999877929688,115798400,156.4970703125
2022-01-26,AAPL,163.5,164.38999938964844,157.82000732421875,159.69000244140625,108275300,156.40887451171875
2022-01-27,AAPL,162.4499969482422,163.83999633789062,158.27999877929688,159.22000122070312,121954600,155.9485626220703
2022-01-28,AAPL,165.7100067138672,170.35000610351562,162.8000030517578,170.3300018310547,179935700,166.830322265625
2022-01-31,AAPL,170.16000366210938,175.0,169.50999450683594,174.77999877929688,115541600,171.1888427734375
2022-02-01,AAPL,174.00999450683594,174.83999633789062,172.30999755859375,174.61000061035156,86213900,171.02236938476562
2022-02-02,AAPL,174.75,175.8800048828125,173.3300018310547,175.83999633789062,84914300,172.22708129882812
2022-02-03,AAPL,174.47999572753906,176.24000549316406,172.1199951171875,172.89999389648438,89418100,169.34747314453125
2022-02-04,AAPL,171.67999267578125,174.10000610351562,170.67999267578125,172.38999938964844,82465400,169.06309509277344
2022-02-07,AAPL,172.86000061035156,173.9499969482422,170.9499969482422,171.66000366210938,77251200,168.34719848632812
2022-02-08,AAPL,171.72999572753906,175.35000610351562,171.42999267578125,174.8300018310547,74829200,171.4560089111328
2022-02-09,AAPL,176.0500030517578,176.64999389648438,174.89999389648438,176.27999877929688,71285000,172.87806701660156
2022-02-10,AAPL,174.13999938964844,175.47999572753906,171.5500030517578,172.1199951171875,90865900,168.79833984375
2022-02-11,AAPL,172.3300018310547,173.0800018310547,168.0399932861328,168.63999938964844,98670700,165.38548278808594
2022-02-14,AAPL,167.3699951171875,169.5800018310547,166.55999755859375,168.8800048828125,86185500,165.62086486816406
2022-02-15,AAPL,170.97000122070312,172.9499969482422,170.25,172.7899932861328,62527400,169.4553985595703
2022-02-16,AAPL,171.85000610351562,173.33999633789062,170.0500030517578,172.5500030517578,61177400,169.2200164794922
2022-02-17,AAPL,171.02999877929688,171.91000366210938,168.47000122070312,168.8800048828125,69589300,165.62086486816406
2022-02-18,AAPL,169.82000732421875,170.5399932861328,166.19000244140625,167.3000030517578,82772700,164.07131958007812
2022-02-22,AAPL,164.97999572753906,166.69000244140625,162.14999389648438,164.32000732421875,91162800,161.14883422851562
2022-02-23,AAPL,165.5399932861328,166.14999389648438,159.75,160.07000732421875,90009200,156.98089599609375
2022-02-24,AAPL,152.5800018310547,162.85000610351562,152.0,162.74000549316406,141147500,159.5993194580078
2022-02-25,AAPL,163.83999633789062,165.1199951171875,160.8699951171875,164.85000610351562,91974200,161.6686248779297
2022-02-28,AAPL,163.05999755859375,165.4199981689453,162.42999267578125,165.1199951171875,95056600,161.9333953857422
2022-03-01,AAPL,164.6999969482422,166.60000610351562,161.97000122070312,163.1999969482422,83474400,160.0504608154297
2022-03-02,AAPL,164.38999938964844,167.36000061035156,162.9499969482422,166.55999755859375,79724800,163.34559631347656
2022-03-03,AAPL,168.47000122070312,168.91000366210938,165.5500030517578,166.22999572753906,76678400,163.02200317382812
2022-03-04,AAPL,164.49000549316406,165.5500030517578,162.10000610351562,163.1699981689453,83737200,160.02102661132812
2022-03-07,AAPL,163.36000061035156,165.02000427246094,159.0399932861328,159.3000030517578,96418800,156.22572326660156
2022-03-08,AAPL,158.82000732421875,162.8800048828125,155.8000030517578,157.44000244140625,131148300,154.40164184570312
2022-03-09,AAPL,161.47999572753906,163.41000366210938,159.41000366210938,162.9499969482422,91454900,159.80526733398438
2022-03-10,AAPL,160.1999969482422,160.38999938964844,155.97999572753906,158.52000427246094,105342000,155.46075439453125
2022-03-11,AAPL,158.92999267578125,159.27999877929688,154.5,154.72999572753906,96970100,151.743896484375
2022-03-14,AAPL,151.4499969482422,154.1199951171875,150.10000610351562,150.6199951171875,108732100,147.7132110595703
2022-03-15,AAPL,150.89999389648438,155.57000732421875,150.3800048828125,155.08999633789062,92964300,152.0969696044922
2022-03-16,AAPL,157.0500030517578,160.0,154.4600067138672,159.58999633789062,102300200,156.51011657714844
2022-03-17,AAPL,158.61000061035156,161.0,157.6300048828125,160.6199951171875,75615400,157.52023315429688
2022-03-18,AAPL,160.50999450683594,164.47999572753906,159.75999450683594,163.97999572753906,123511700,160.81541442871094
2022-03-21,AAPL,163.50999450683594,166.35000610351562,163.00999450683594,165.3800048828125,95811400,162.18836975097656
2022-03-22,AAPL,165.50999450683594,169.4199981689453,164.91000366210938,168.82000732421875,81532000,165.56199645996094
2022-03-23,AAPL,167.99000549316406,172.63999938964844,167.64999389648438,170.2100067138672,98062700,166.92520141601562
2022-03-24,AAPL,171.05999755859375,174.13999938964844,170.2100067138672,174.07000732421875,90131400,170.71070861816406
2022-03-25,AAPL,173.8800048828125,175.27999877929688,172.75,174.72000122070312,80546200,171.34811401367188
2022-03-28,AAPL,172.1699981689453,175.72999572753906,172.0,175.60000610351562,90371900,172.21115112304688
2022-03-29,AAPL,176.69000244140625,179.00999450683594,176.33999633789062,178.9600067138672,100589400,175.50631713867188
2022-03-30,AAPL,178.5500030517578,179.61000061035156,176.6999969482422,177.77000427246094,92633200,174.33929443359375
2022-03-31,AAPL,177.83999633789062,178.02999877929688,174.39999389648438,174.61000061035156,103049300,171.24026489257812
2022-04-01,AAPL,174.02999877929688,174.8800048828125,171.94000244140625,174.30999755859375,78751300,170.94606018066406
2022-04-04,AAPL,174.57000732421875,178.49000549316406,174.44000244140625,178.44000244140625,76468400,174.996337890625
2022-04-05,AAPL,177.5,178.3000030517578,174.4199981689453,175.05999755859375,73401800,171.6815643310547
2022-04-06,AAPL,172.36000061035156,173.6300048828125,170.1300048828125,171.8300018310547,89058800,168.513916015625
2022-04-07,AAPL,171.16000366210938,173.36000061035156,169.85000610351562,172.13999938964844,77594700,168.8179168701172
2022-04-08,AAPL,171.77999877929688,171.77999877929688,169.1999969482422,170.08999633789062,76575500,166.8074951171875
2022-04-11,AAPL,168.7100067138672,169.02999877929688,165.5,165.75,72246700,162.55125427246094
2022-04-12,AAPL,168.02000427246094,169.8699951171875,166.63999938964844,167.66000366210938,79265200,164.42437744140625
2022-04-13,AAPL,167.38999938964844,171.0399932861328,166.77000427246094,170.39999389648438,70618900,167.1114959716797
2022-04-14,AAPL,170.6199951171875,171.27000427246094,165.0399932861328,165.2899932861328,75329400,162.10011291503906
2022-04-18,AAPL,163.9199981689453,166.60000610351562,163.57000732421875,165.07000732421875,69023900,161.8843994140625
2022-04-19,AAPL,165.02000427246094,167.82000732421875,163.91000366210938,167.39999389648438,67723800,164.16941833496094
2022-04-20,AAPL,168.75999450683594,168.8800048828125,166.10000610351562,167.22999572753906,67929800,164.00267028808594
2022-04-21,AAPL,168.91000366210938,171.52999877929688,165.91000366210938,166.4199981689453,87227800,163.2082977294922
2022-04-22,AAPL,166.4600067138672,167.8699951171875,161.5,161.7899932861328,84882400,158.6676483154297
2022-04-25,AAPL,161.1199951171875,163.1699981689453,158.4600067138672,162.8800048828125,96046400,159.73663330078125
2022-04-26,AAPL,162.25,162.33999633789062,156.72000122070312,156.8000030517578,95623200,153.7739715576172
2022-04-27,AAPL,155.91000366210938,159.7899932861328,155.3800048828125,156.57000732421875,88063200,153.54840087890625
2022-04-28,AAPL,159.25,164.52000427246094,158.92999267578125,163.63999938964844,130216800,160.48194885253906
2022-04-29,AAPL,161.83999633789062,166.1999969482422,157.25,157.64999389648438,131747600,154.60757446289062
2022-05-02,AAPL,156.7100067138672,158.22999572753906,153.27000427246094,157.9600067138672,123055300,154.91160583496094
2022-05-03,AAPL,158.14999389648438,160.7100067138672,156.32000732421875,159.47999572753906,88966500,156.40225219726562
2022-05-04,AAPL,159.6699981689453,166.47999572753906,159.25999450683594,166.02000427246094,108256500,162.81607055664062
2022-05-05,AAPL,163.85000610351562,164.0800018310547,154.9499969482422,156.77000427246094,130525300,153.7445526123047
2022-05-06,AAPL,156.00999450683594,159.44000244140625,154.17999267578125,157.27999877929688,116124600,154.47132873535156
2022-05-09,AAPL,154.92999267578125,155.8300018310547,151.49000549316406,152.05999755859375,131577900,149.3445281982422
2022-05-10,AAPL,155.52000427246094,156.74000549316406,152.92999267578125,154.50999450683594,115366700,151.75079345703125
2022-05-11,AAPL,153.5,155.4499969482422,145.80999755859375,146.5,142689800,143.88381958007812
2022-05-12,AAPL,142.77000427246094,146.1999969482422,138.8000030517578,142.55999755859375,182602000,140.01422119140625
2022-05-13,AAPL,144.58999633789062,148.10000610351562,143.11000061035156,147.11000061035156,113990900,144.48294067382812
2022-05-16,AAPL,145.5500030517578,147.52000427246094,144.17999267578125,145.5399932861328,86643800,142.94097900390625
2022-05-17,AAPL,148.86000061035156,149.77000427246094,146.67999267578125,149.24000549316406,78336300,146.57493591308594
2022-05-18,AAPL,146.85000610351562,147.36000061035156,139.89999389648438,140.82000732421875,109742900,138.3052978515625
2022-05-19,AAPL,139.8800048828125,141.66000366210938,136.60000610351562,137.35000610351562,136095600,134.89724731445312
2022-05-20,AAPL,139.08999633789062,140.6999969482422,132.61000061035156,137.58999633789062,137426100,135.13296508789062
2022-05-23,AAPL,137.7899932861328,143.25999450683594,137.64999389648438,143.11000061035156,117726300,140.55435180664062
2022-05-24,AAPL,140.80999755859375,141.97000122070312,137.3300018310547,140.36000061035156,104132700,137.85345458984375
2022-05-25,AAPL,138.42999267578125,141.7899932861328,138.33999633789062,140.52000427246094,92482700,138.0106201171875
2022-05-26,AAPL,137.38999938964844,144.33999633789062,137.13999938964844,143.77999877929688,90601500,141.21240234375
2022-05-27,AAPL,145.38999938964844,149.67999267578125,145.25999450683594,149.63999938964844,90978500,146.96778869628906
2022-05-31,AAPL,149.07000732421875,150.66000366210938,146.83999633789062,148.83999633789062,103718400,146.18203735351562
2022-06-01,AAPL,149.89999389648438,151.74000549316406,147.67999267578125,148.7100067138672,74286600,146.05438232421875
2022-06-02,AAPL,147.8300018310547,151.27000427246094,146.86000061035156,151.2100067138672,72348100,148.50973510742188
2022-06-03,AAPL,146.89999389648438,147.97000122070312,144.4600067138672,145.3800048828125,88570300,142.78382873535156
2022-06-06,AAPL,147.02999877929688,148.57000732421875,144.89999389648438,146.13999938964844,71598400,143.53028869628906
2022-06-07,AAPL,144.35000610351562,149.0,144.10000610351562,148.7100067138672,67808200,146.05438232421875
2022-06-08,AAPL,148.5800018310547,149.8699951171875,147.4600067138672,147.9600067138672,53950200,145.3177490234375
2022-06-09,AAPL,147.0800018310547,147.9499969482422,142.52999877929688,142.63999938964844,69473000,140.0927734375
2022-06-10,AAPL,140.27999877929688,140.75999450683594,137.05999755859375,137.1300048828125,91437900,134.68116760253906
2022-06-13,AAPL,132.8699951171875,135.1999969482422,131.44000244140625,131.8800048828125,122207100,129.52488708496094
2022-06-14,AAPL,133.1300048828125,133.88999938964844,131.47999572753906,132.75999450683594,84784300,130.38919067382812
2022-06-15,AAPL,134.2899932861328,137.33999633789062,132.16000366210938,135.42999267578125,91533000,133.0115203857422
2022-06-16,AAPL,132.0800018310547,132.38999938964844,129.0399932861328,130.05999755859375,108123900,127.73739624023438
2022-06-17,AAPL,130.07000732421875,133.0800018310547,129.80999755859375,131.55999755859375,134520300,129.2106170654297
2022-06-21,AAPL,133.4199981689453,137.05999755859375,133.32000732421875,135.8699951171875,81000500,133.44363403320312
2022-06-22,AAPL,134.7899932861328,137.75999450683594,133.91000366210938,135.35000610351562,73409200,132.93296813964844
2022-06-23,AAPL,136.82000732421875,138.58999633789062,135.6300048828125,138.27000427246094,72433800,135.80081176757812
2022-06-24,AAPL,139.89999389648438,141.91000366210938,139.77000427246094,141.66000366210938,89116800,139.13026428222656
2022-06-27,AAPL,142.6999969482422,143.49000549316406,140.97000122070312,141.66000366210938,70207900,139.13026428222656
2022-06-28,AAPL,142.1300048828125,143.4199981689453,137.32000732421875,137.44000244140625,67083400,134.9856414794922
2022-06-29,AAPL,137.4600067138672,140.6699981689453,136.6699981689453,139.22999572753906,66242400,136.74365234375
2022-06-30,AAPL,137.25,138.3699951171875,133.77000427246094,136.72000122070312,98964500,134.2784881591797
2022-07-01,AAPL,136.0399932861328,139.0399932861328,135.66000366210938,138.92999267578125,71051600,136.4490203857422
2022-07-05,AAPL,137.77000427246094,141.61000061035156,136.92999267578125,141.55999755859375,73353800,139.0320587158203
2022-07-06,AAPL,141.35000610351562,144.1199951171875,141.0800018310547,142.9199981689453,74064300,140.36778259277344
2022-07-07,AAPL,143.2899932861328,146.5500030517578,143.27999877929688,146.35000610351562,66253700,143.73654174804688
2022-07-08,AAPL,145.25999450683594,147.5500030517578,145.0,147.0399932861328,64547800,144.41415405273438
2022-07-11,AAPL,145.6699981689453,146.63999938964844,143.77999877929688,144.8699951171875,63141600,142.28294372558594
2022-07-12,AAPL,145.75999450683594,148.4499969482422,145.0500030517578,145.86000061035156,77588800,143.25523376464844
2022-07-13,AAPL,142.99000549316406,146.4499969482422,142.1199951171875,145.49000549316406,71185600,142.89187622070312
2022-07-14,AAPL,144.0800018310547,148.9499969482422,143.25,148.47000122070312,78140700,145.8186798095703
2022-07-15,AAPL,149.77999877929688,150.86000061035156,148.1999969482422,150.1699981689453,76259900,147.48831176757812
2022-07-18,AAPL,150.74000549316406,151.57000732421875,146.6999969482422,147.07000732421875,81420900,144.44369506835938
2022-07-19,AAPL,147.9199981689453,151.22999572753906,146.91000366210938,151.0,82982400,148.30348205566406
2022-07-20,AAPL,151.1199951171875,153.72000122070312,150.3699951171875,153.0399932861328,64823400,150.30703735351562
2022-07-21,AAPL,154.5,155.57000732421875,151.94000244140625,155.35000610351562,65086600,152.57582092285156
2022-07-22,AAPL,155.38999938964844,156.27999877929688,153.41000366210938,154.08999633789062,66675400,151.3383026123047
2022-07-25,AAPL,154.00999450683594,155.0399932861328,152.27999877929688,152.9499969482422,53623900,150.2186737060547
2022-07-26,AAPL,152.25999450683594,153.08999633789062,150.8000030517578,151.60000610351562,55138700,148.89276123046875
2022-07-27,AAPL,152.5800018310547,157.3300018310547,152.16000366210938,156.7899932861328,78620700,153.9900665283203
2022-07-28,AAPL,156.97999572753906,157.63999938964844,154.41000366210938,157.35000610351562,81378700,154.54006958007812
2022-07-29,AAPL,161.24000549316406,163.6300048828125,159.5,162.50999450683594,101786900,159.60792541503906
2022-08-01,AAPL,161.00999450683594,163.58999633789062,160.88999938964844,161.50999450683594,67829400,158.62579345703125
2022-08-02,AAPL,160.10000610351562,162.41000366210938,159.6300048828125,160.00999450683594,59907000,157.15255737304688
2022-08-03,AAPL,160.83999633789062,166.58999633789062,160.75,166.1300048828125,82507500,163.16329956054688
2022-08-04,AAPL,166.00999450683594,167.19000244140625,164.42999267578125,165.80999755859375,55474100,162.8489990234375
2022-08-05,AAPL,163.2100067138672,165.85000610351562,163.0,165.35000610351562,56697000,162.62277221679688
2022-08-08,AAPL,166.3699951171875,167.80999755859375,164.1999969482422,164.8699951171875,60276900,162.15072631835938
2022-08-09,AAPL,164.02000427246094,165.82000732421875,163.25,164.9199981689453,63135500,162.1998748779297
2022-08-10,AAPL,167.67999267578125,169.33999633789062,166.89999389648438,169.24000549316406,70170500,166.44863891601562
2022-08-11,AAPL,170.05999755859375,170.99000549316406,168.19000244140625,168.49000549316406,57149200,165.7109832763672
2022-08-12,AAPL,169.82000732421875,172.1699981689453,169.39999389648438,172.10000610351562,68039400,169.26145935058594
2022-08-15,AAPL,171.52000427246094,173.38999938964844,171.35000610351562,173.19000244140625,54091700,170.33348083496094
2022-08-16,AAPL,172.77999877929688,173.7100067138672,171.66000366210938,173.02999877929688,56377100,170.17611694335938
2022-08-17,AAPL,172.77000427246094,176.14999389648438,172.57000732421875,174.5500030517578,79542000,171.67108154296875
2022-08-18,AAPL,173.75,174.89999389648438,173.1199951171875,174.14999389648438,62290100,171.2776641845703
2022-08-19,AAPL,173.02999877929688,173.74000549316406,171.30999755859375,171.52000427246094,70346300,168.6910400390625
2022-08-22,AAPL,169.69000244140625,169.86000061035156,167.13999938964844,167.57000732421875,69026800,164.80618286132812
2022-08-23,AAPL,167.0800018310547,168.7100067138672,166.64999389648438,167.22999572753906,54147100,164.47177124023438
2022-08-24,AAPL,167.32000732421875,168.11000061035156,166.25,167.52999877929688,53841500,164.76683044433594
2022-08-25,AAPL,168.77999877929688,170.13999938964844,168.35000610351562,170.02999877929688,51218200,167.22560119628906
2022-08-26,AAPL,170.57000732421875,171.0500030517578,163.55999755859375,163.6199951171875,78961000,160.9213409423828
2022-08-29,AAPL,161.14999389648438,162.89999389648438,159.82000732421875,161.3800048828125,73314000,158.71827697753906
2022-08-30,AAPL,162.1300048828125,162.55999755859375,157.72000122070312,158.91000366210938,77906200,156.28903198242188
2022-08-31,AAPL,160.30999755859375,160.5800018310547,157.13999938964844,157.22000122070312,87991100,154.62689208984375
2022-09-01,AAPL,156.63999938964844,158.4199981689453,154.6699981689453,157.9600067138672,74229900,155.354736328125
2022-09-02,AAPL,159.75,160.36000061035156,154.97000122070312,155.80999755859375,76957800,153.24014282226562
2022-09-06,AAPL,156.47000122070312,157.08999633789062,153.69000244140625,154.52999877929688,73714800,151.9812469482422
2022-09-07,AAPL,154.82000732421875,156.6699981689453,153.61000061035156,155.9600067138672,87449600,153.38768005371094
2022-09-08,AAPL,154.63999938964844,156.36000061035156,152.67999267578125,154.4600067138672,84923800,151.9124298095703
2022-09-09,AAPL,155.47000122070312,157.82000732421875,154.75,157.3699951171875,68028800,154.77442932128906
2022-09-12,AAPL,159.58999633789062,164.25999450683594,159.3000030517578,163.42999267578125,104956000,160.73446655273438
2022-09-13,AAPL,159.89999389648438,160.5399932861328,153.3699951171875,153.83999633789062,122656600,151.30264282226562
2022-09-14,AAPL,154.7899932861328,157.10000610351562,153.61000061035156,155.30999755859375,87965400,152.7483673095703
2022-09-15,AAPL,154.64999389648438,155.24000549316406,151.3800048828125,152.3699951171875,90481100,149.85687255859375
2022-09-16,AAPL,151.2100067138672,151.35000610351562,148.3699951171875,150.6999969482422,162278800,148.21444702148438
2022-09-19,AAPL,149.30999755859375,154.55999755859375,149.10000610351562,154.47999572753906,81474200,151.93209838867188
2022-09-20,AAPL,153.39999389648438,158.0800018310547,153.0800018310547,156.89999389648438,107689800,154.3121795654297
2022-09-21,AAPL,157.33999633789062,158.74000549316406,153.60000610351562,153.72000122070312,101696800,151.18458557128906
2022-09-22,AAPL,152.3800048828125,154.47000122070312,150.91000366210938,152.74000549316406,86652500,150.2207794189453
2022-09-23,AAPL,151.19000244140625,151.47000122070312,148.55999755859375,150.42999267578125,96029900,147.9488525390625
2022-09-26,AAPL,149.66000366210938,153.77000427246094,149.63999938964844,150.77000427246094,93339400,148.2832794189453
2022-09-27,AAPL,152.74000549316406,154.72000122070312,149.9499969482422,151.75999450683594,84442700,149.2569580078125
2022-09-28,AAPL,147.63999938964844,150.63999938964844,144.83999633789062,149.83999633789062,146691400,147.36862182617188
2022-09-29,AAPL,146.10000610351562,146.72000122070312,140.67999267578125,142.47999572753906,128138200,140.12998962402344
2022-09-30,AAPL,141.27999877929688,143.10000610351562,138.0,138.1999969482422,124925300,135.9206085205078
2022-10-03,AAPL,138.2100067138672,143.07000732421875,137.69000244140625,142.4499969482422,114311700,140.10047912597656
2022-10-04,AAPL,145.02999877929688,146.22000122070312,144.25999450683594,146.10000610351562,87830100,143.69032287597656
2022-10-05,AAPL,144.07000732421875,147.3800048828125,143.00999450683594,146.39999389648438,79471000,143.9853057861328
2022-10-06,AAPL,145.80999755859375,147.5399932861328,145.22000122070312,145.42999267578125,68402200,143.0312957763672
2022-10-07,AAPL,142.5399932861328,143.10000610351562,139.4499969482422,140.08999633789062,85925600,137.7794189453125
2022-10-10,AAPL,140.4199981689453,141.88999938964844,138.57000732421875,140.4199981689453,74899000,138.10397338867188
2022-10-11,AAPL,139.89999389648438,141.35000610351562,138.22000122070312,138.97999572753906,77033700,136.68772888183594
2022-10-12,AAPL,139.1300048828125,140.36000061035156,138.16000366210938,138.33999633789062,70433700,136.05824279785156
2022-10-13,AAPL,134.99000549316406,143.58999633789062,134.3699951171875,142.99000549316406,113224000,140.63157653808594
2022-10-14,AAPL,144.30999755859375,144.52000427246094,138.19000244140625,138.3800048828125,88598000,136.09765625
2022-10-17,AAPL,141.07000732421875,142.89999389648438,140.27000427246094,142.41000366210938,85250900,140.0611572265625
2022-10-18,AAPL,145.49000549316406,146.6999969482422,140.61000061035156,143.75,99136600,141.37905883789062
2022-10-19,AAPL,141.69000244140625,144.9499969482422,141.5,143.86000061035156,61758300,141.4872283935547
2022-10-20,AAPL,143.02000427246094,145.88999938964844,142.64999389648438,143.38999938964844,64522000,141.0249786376953
2022-10-21,AAPL,142.8699951171875,147.85000610351562,142.64999389648438,147.27000427246094,86548600,144.84100341796875
2022-10-24,AAPL,147.19000244140625,150.22999572753906,146.0,149.4499969482422,75981900,146.9850311279297
2022-10-25,AAPL,150.08999633789062,152.49000549316406,149.36000061035156,152.33999633789062,74732300,149.82733154296875
2022-10-26,AAPL,150.9600067138672,151.99000549316406,148.0399932861328,149.35000610351562,88194300,146.88668823242188
2022-10-27,AAPL,148.07000732421875,149.0500030517578,144.1300048828125,144.8000030517578,109180200,142.4117431640625
2022-10-28,AAPL,148.1999969482422,157.5,147.82000732421875,155.74000549316406,164762400,153.17127990722656
2022-10-31,AAPL,153.16000366210938,154.24000549316406,151.9199981689453,153.33999633789062,97943200,150.81089782714844
2022-11-01,AAPL,155.0800018310547,155.4499969482422,149.1300048828125,150.64999389648438,80379300,148.1652374267578
2022-11-02,AAPL,148.9499969482422,152.1699981689453,145.0,145.02999877929688,93604600,142.63796997070312
2022-11-03,AAPL,142.05999755859375,142.8000030517578,138.75,138.8800048828125,97918500,136.5894012451172
2022-11-04,AAPL,142.08999633789062,142.6699981689453,134.3800048828125,138.3800048828125,140814800,136.32342529296875
2022-11-07,AAPL,137.11000061035156,139.14999389648438,135.6699981689453,138.9199981689453,83374600,136.8553466796875
2022-11-08,AAPL,140.41000366210938,141.42999267578125,137.49000549316406,139.5,89908500,137.4267578125
2022-11-09,AAPL,138.5,138.5500030517578,134.58999633789062,134.8699951171875,74917800,132.86557006835938
2022-11-10,AAPL,141.24000549316406,146.8699951171875,139.5,146.8699951171875,118854000,144.6872100830078
2022-11-11,AAPL,145.82000732421875,150.00999450683594,144.3699951171875,149.6999969482422,93979700,147.47512817382812
2022-11-14,AAPL,148.97000122070312,150.27999877929688,147.42999267578125,148.27999877929688,73374100,146.0762481689453
2022-11-15,AAPL,152.22000122070312,153.58999633789062,148.55999755859375,150.0399932861328,89868300,147.81011962890625
2022-11-16,AAPL,149.1300048828125,149.8699951171875,147.2899932861328,148.7899932861328,64218300,146.57867431640625
2022-11-17,AAPL,146.42999267578125,151.47999572753906,146.14999389648438,150.72000122070312,80389400,148.47999572753906
2022-11-18,AAPL,152.30999755859375,152.6999969482422,149.97000122070312,151.2899932861328,74829600,149.04150390625
2022-11-21,AAPL,150.16000366210938,150.3699951171875,147.72000122070312,148.00999450683594,58724100,145.8102569580078
2022-11-22,AAPL,148.1300048828125,150.4199981689453,146.92999267578125,150.17999267578125,51804100,147.94801330566406
2022-11-23,AAPL,149.4499969482422,151.8300018310547,149.33999633789062,151.07000732421875,58301400,148.8247833251953
2022-11-25,AAPL,148.30999755859375,148.8800048828125,147.1199951171875,148.11000061035156,35195900,145.90878295898438
2022-11-28,AAPL,145.13999938964844,146.63999938964844,143.3800048828125,144.22000122070312,69246000,142.07659912109375
2022-11-29,AAPL,144.2899932861328,144.80999755859375,140.35000610351562,141.1699981689453,83763800,139.07191467285156
2022-11-30,AAPL,141.39999389648438,148.72000122070312,140.5500030517578,148.02999877929688,111380900,145.82997131347656
2022-12-01,AAPL,148.2100067138672,149.1300048828125,146.61000061035156,148.30999755859375,71250400,146.10577392578125
2022-12-02,AAPL,145.9600067138672,148.0,145.64999389648438,147.80999755859375,65447400,145.6132354736328
2022-12-05,AAPL,147.77000427246094,150.9199981689453,145.77000427246094,146.6300048828125,68826400,144.45077514648438
2022-12-06,AAPL,147.07000732421875,147.3000030517578,141.9199981689453,142.91000366210938,64727200,140.78607177734375
2022-12-07,AAPL,142.19000244140625,143.3699951171875,140.0,140.94000244140625,69721100,138.84535217285156
2022-12-08,AAPL,142.36000061035156,143.52000427246094,141.10000610351562,142.64999389648438,62128300,140.5299530029297
2022-12-09,AAPL,142.33999633789062,145.57000732421875,140.89999389648438,142.16000366210938,76097000,140.04721069335938
2022-12-12,AAPL,142.6999969482422,144.5,141.05999755859375,144.49000549316406,70462700,142.34259033203125
2022-12-13,AAPL,149.5,149.97000122070312,144.24000549316406,145.47000122070312,93886200,143.30801391601562
2022-12-14,AAPL,145.35000610351562,146.66000366210938,141.16000366210938,143.2100067138672,82291200,141.0816192626953
2022-12-15,AAPL,141.11000061035156,141.8000030517578,136.02999877929688,136.5,98931900,134.47134399414062
2022-12-16,AAPL,136.69000244140625,137.64999389648438,133.72999572753906,134.50999450683594,160156900,132.5109100341797
2022-12-19,AAPL,135.11000061035156,135.1999969482422,131.32000732421875,132.3699951171875,79592600,130.40269470214844
2022-12-20,AAPL,131.38999938964844,133.25,129.88999938964844,132.3000030517578,77432800,130.333740234375
2022-12-21,AAPL,132.97999572753906,136.80999755859375,132.75,135.4499969482422,85928000,133.43695068359375
2022-12-22,AAPL,134.35000610351562,134.55999755859375,130.3000030517578,132.22999572753906,77852100,130.26478576660156
2022-12-23,AAPL,130.9199981689453,132.4199981689453,129.63999938964844,131.86000061035156,63814900,129.90029907226562
2022-12-27,AAPL,131.3800048828125,131.41000366210938,128.72000122070312,130.02999877929688,69007800,128.09750366210938
2022-12-28,AAPL,129.6699981689453,131.02999877929688,125.87000274658205,126.04000091552734,85438400,124.16680145263672
2022-12-29,AAPL,127.98999786376952,130.47999572753906,127.7300033569336,129.61000061035156,75703700,127.68370819091795
2022-12-30,AAPL,128.41000366210938,129.9499969482422,127.43000030517578,129.92999267578125,77034200,127.9989776611328
2023-01-03,AAPL,130.27999877929688,130.89999389648438,124.16999816894533,125.06999969482422,112117500,123.21121978759766
2023-01-04,AAPL,126.88999938964844,128.66000366210938,125.08000183105467,126.36000061035156,89113600,124.48204040527344
2023-01-05,AAPL,127.12999725341795,127.7699966430664,124.76000213623048,125.0199966430664,80962700,123.16195678710938
2023-01-06,AAPL,126.01000213623048,130.2899932861328,124.88999938964844,129.6199951171875,87754700,127.6935577392578
2023-01-09,AAPL,130.47000122070312,133.41000366210938,129.88999938964844,130.14999389648438,70790800,128.21572875976562
2023-01-10,AAPL,130.25999450683594,131.25999450683594,128.1199951171875,130.72999572753906,63896200,128.78709411621094
2023-01-11,AAPL,131.25,133.50999450683594,130.4600067138672,133.49000549316406,69458900,131.50608825683594
2023-01-12,AAPL,133.8800048828125,134.25999450683594,131.44000244140625,133.41000366210938,71379600,131.42727661132812
2023-01-13,AAPL,132.02999877929688,134.9199981689453,131.66000366210938,134.75999450683594,57809700,132.75718688964844
2023-01-17,AAPL,134.8300018310547,137.2899932861328,134.1300048828125,135.94000244140625,63646600,133.91966247558594
2023-01-18,AAPL,136.82000732421875,138.61000061035156,135.02999877929688,135.2100067138672,69672800,133.20050048828125
2023-01-19,AAPL,134.0800018310547,136.25,133.77000427246094,135.27000427246094,58280400,133.2595977783203
2023-01-20,AAPL,135.27999877929688,138.02000427246094,134.22000122070312,137.8699951171875,80223600,135.8209686279297
2023-01-23,AAPL,138.1199951171875,143.32000732421875,137.89999389648438,141.11000061035156,81760300,139.0128173828125
2023-01-24,AAPL,140.30999755859375,143.16000366210938,140.3000030517578,142.52999877929688,66435100,140.4116973876953
2023-01-25,AAPL,140.88999938964844,142.42999267578125,138.80999755859375,141.86000061035156,65799300,139.75169372558594
2023-01-26,AAPL,143.1699981689453,144.25,141.89999389648438,143.9600067138672,54105100,141.82046508789062
2023-01-27,AAPL,143.16000366210938,147.22999572753906,143.0800018310547,145.92999267578125,70555800,143.76116943359375
2023-01-30,AAPL,144.9600067138672,145.5500030517578,142.85000610351562,143.0,64015300,140.874755859375
2023-01-31,AAPL,142.6999969482422,144.33999633789062,142.27999877929688,144.2899932861328,65874500,142.14553833007812
2023-02-01,AAPL,143.97000122070312,146.61000061035156,141.32000732421875,145.42999267578125,77663600,143.26856994628906
2023-02-02,AAPL,148.89999389648438,151.17999267578125,148.1699981689453,150.82000732421875,118339000,148.57850646972656
2023-02-03,AAPL,148.02999877929688,157.3800048828125,147.8300018310547,154.5,154357300,152.20379638671875
2023-02-06,AAPL,152.57000732421875,153.10000610351562,150.77999877929688,151.72999572753906,69858300,149.4749755859375
2023-02-07,AAPL,150.63999938964844,155.22999572753906,150.63999938964844,154.64999389648438,83322600,152.3515625
2023-02-08,AAPL,153.8800048828125,154.5800018310547,151.1699981689453,151.9199981689453,64120100,149.6621551513672
2023-02-09,AAPL,153.77999877929688,154.3300018310547,150.4199981689453,150.8699951171875,56007100,148.6277618408203
2023-02-10,AAPL,149.4600067138672,151.33999633789062,149.22000122070312,151.00999450683594,57450700,148.99281311035156
2023-02-13,AAPL,150.9499969482422,154.25999450683594,150.9199981689453,153.85000610351562,62199000,151.79489135742188
2023-02-14,AAPL,152.1199951171875,153.77000427246094,150.86000061035156,153.1999969482422,61707600,151.15359497070312
2023-02-15,AAPL,153.11000061035156,155.5,152.8800048828125,155.3300018310547,65573800,153.255126953125
2023-02-16,AAPL,153.50999450683594,156.3300018310547,153.35000610351562,153.7100067138672,68167900,151.65676879882812
2023-02-17,AAPL,152.35000610351562,153.0,150.85000610351562,152.5500030517578,59144100,150.5122528076172
2023-02-21,AAPL,150.1999969482422,151.3000030517578,148.41000366210938,148.47999572753906,58867200,146.49659729003906
2023-02-22,AAPL,148.8699951171875,149.9499969482422,147.16000366210938,148.91000366210938,51011300,146.92088317871094
2023-02-23,AAPL,150.08999633789062,150.33999633789062,147.24000549316406,149.39999389648438,48394200,147.40432739257812
2023-02-24,AAPL,147.11000061035156,147.19000244140625,145.72000122070312,146.7100067138672,55469600,144.75027465820312
2023-02-27,AAPL,147.7100067138672,149.1699981689453,147.4499969482422,147.9199981689453,44998500,145.94407653808594
2023-02-28,AAPL,147.0500030517578,149.0800018310547,146.8300018310547,147.41000366210938,50547000,145.44090270996094
2023-03-01,AAPL,146.8300018310547,147.22999572753906,145.00999450683594,145.30999755859375,55479000,143.36895751953125
2023-03-02,AAPL,144.3800048828125,146.7100067138672,143.89999389648438,145.91000366210938,52238100,143.96095275878906
2023-03-03,AAPL,148.0399932861328,151.11000061035156,147.3300018310547,151.02999877929688,70732300,149.01254272460938
2023-03-06,AAPL,153.7899932861328,156.3000030517578,153.4600067138672,153.8300018310547,87558000,151.775146484375
2023-03-07,AAPL,153.6999969482422,154.02999877929688,151.1300048828125,151.60000610351562,56182000,149.574951171875
2023-03-08,AAPL,152.80999755859375,153.47000122070312,151.8300018310547,152.8699951171875,47204800,150.82798767089844
2023-03-09,AAPL,153.55999755859375,154.5399932861328,150.22999572753906,150.58999633789062,53833600,148.5784149169922
2023-03-10,AAPL,150.2100067138672,150.94000244140625,147.61000061035156,148.5,68572400,146.51637268066406
2023-03-13,AAPL,147.80999755859375,153.13999938964844,147.6999969482422,150.47000122070312,84457100,148.4600372314453
2023-03-14,AAPL,151.27999877929688,153.39999389648438,150.10000610351562,152.58999633789062,73695900,150.5517120361328
2023-03-15,AAPL,151.19000244140625,153.25,149.9199981689453,152.99000549316406,77167900,150.94638061523438
2023-03-16,AAPL,152.16000366210938,156.4600067138672,151.63999938964844,155.85000610351562,76161100,153.7681884765625
2023-03-17,AAPL,156.0800018310547,156.74000549316406,154.27999877929688,155.0,98944600,152.9295196533203
2023-03-20,AAPL,155.07000732421875,157.82000732421875,154.14999389648438,157.39999389648438,73641400,155.29745483398438
2023-03-21,AAPL,157.32000732421875,159.39999389648438,156.5399932861328,159.27999877929688,73938300,157.15235900878906
2023-03-22,AAPL,159.3000030517578,162.13999938964844,157.80999755859375,157.8300018310547,75701800,155.7217254638672
2023-03-23,AAPL,158.8300018310547,161.5500030517578,157.67999267578125,158.92999267578125,67622100,156.80703735351562
2023-03-24,AAPL,158.86000061035156,160.33999633789062,157.85000610351562,160.25,59196500,158.10939025878906
2023-03-27,AAPL,159.94000244140625,160.77000427246094,157.8699951171875,158.27999877929688,52390300,156.1656951904297
2023-03-28,AAPL,157.97000122070312,158.49000549316406,155.97999572753906,157.64999389648438,45992200,155.5441131591797
2023-03-29,AAPL,159.3699951171875,161.0500030517578,159.35000610351562,160.77000427246094,51305700,158.62245178222656
2023-03-30,AAPL,161.52999877929688,162.47000122070312,161.27000427246094,162.36000061035156,49501700,160.1912078857422
2023-03-31,AAPL,162.44000244140625,165.0,161.91000366210938,164.89999389648438,68749800,162.697265625
2023-04-03,AAPL,164.27000427246094,166.2899932861328,164.22000122070312,166.1699981689453,56976200,163.95030212402344
2023-04-04,AAPL,166.60000610351562,166.83999633789062,165.11000061035156,165.6300048828125,46278300,163.41754150390625
2023-04-05,AAPL,164.74000549316406,165.0500030517578,161.8000030517578,163.75999450683594,51511700,161.572509765625
2023-04-06,AAPL,162.42999267578125,164.9600067138672,162.0,164.66000366210938,45390100,162.4604949951172
2023-04-10,AAPL,161.4199981689453,162.02999877929688,160.0800018310547,162.02999877929688,47716900,159.86563110351562
2023-04-11,AAPL,162.35000610351562,162.36000061035156,160.50999450683594,160.8000030517578,47644200,158.6520538330078
2023-04-12,AAPL,161.22000122070312,162.05999755859375,159.77999877929688,160.10000610351562,50133100,157.9613800048828
2023-04-13,AAPL,161.6300048828125,165.8000030517578,161.4199981689453,165.55999755859375,68445600,163.3484649658203
2023-04-14,AAPL,164.58999633789062,166.32000732421875,163.82000732421875,165.2100067138672,49386500,163.00315856933594
2023-04-17,AAPL,165.08999633789062,165.38999938964844,164.02999877929688,165.22999572753906,41516200,163.0228729248047
2023-04-18,AAPL,166.10000610351562,167.41000366210938,165.64999389648438,166.47000122070312,49923000,164.24630737304688
2023-04-19,AAPL,165.8000030517578,168.16000366210938,165.5399932861328,167.6300048828125,47720200,165.3907928466797
2023-04-20,AAPL,166.08999633789062,167.8699951171875,165.55999755859375,166.64999389648438,52456400,164.42388916015625
2023-04-21,AAPL,165.0500030517578,166.4499969482422,164.49000549316406,165.02000427246094,58337300,162.815673828125
2023-04-24,AAPL,165.0,165.60000610351562,163.88999938964844,165.3300018310547,41949600,163.12155151367188
2023-04-25,AAPL,165.19000244140625,166.30999755859375,163.72999572753906,163.77000427246094,48714100,161.58238220214844
2023-04-26,AAPL,163.05999755859375,165.27999877929688,162.8000030517578,163.75999450683594,45498800,161.572509765625
2023-04-27,AAPL,165.19000244140625,168.55999755859375,165.19000244140625,168.41000366210938,64902300,166.160400390625
2023-04-28,AAPL,168.49000549316406,169.85000610351562,167.8800048828125,169.67999267578125,55275900,167.41343688964844
2023-05-01,AAPL,169.27999877929688,170.4499969482422,168.63999938964844,169.58999633789062,52472900,167.32464599609375
2023-05-02,AAPL,170.08999633789062,170.35000610351562,167.5399932861328,168.5399932861328,48425700,166.28866577148438
2023-05-03,AAPL,169.5,170.9199981689453,167.16000366210938,167.4499969482422,65136000,165.2132110595703
2023-05-04,AAPL,164.88999938964844,167.0399932861328,164.30999755859375,165.7899932861328,81235400,163.57537841796875
2023-05-05,AAPL,170.97999572753906,174.3000030517578,170.75999450683594,173.57000732421875,113453200,171.25144958496094
2023-05-08,AAPL,172.47999572753906,173.85000610351562,172.11000061035156,173.5,55962800,171.1824188232422
2023-05-09,AAPL,173.0500030517578,173.5399932861328,171.60000610351562,171.77000427246094,45326900,169.47549438476562
2023-05-10,AAPL,173.02000427246094,174.02999877929688,171.89999389648438,173.55999755859375,53724500,171.24159240722656
2023-05-11,AAPL,173.85000610351562,174.58999633789062,172.1699981689453,173.75,49514700,171.4290771484375
2023-05-12,AAPL,173.6199951171875,174.05999755859375,171.0,172.57000732421875,45533100,170.50033569335938
2023-05-15,AAPL,173.16000366210938,173.2100067138672,171.47000122070312,172.07000732421875,37266700,170.00634765625
2023-05-16,AAPL,171.99000549316406,173.13999938964844,171.8000030517578,172.07000732421875,42110300,170.00634765625
2023-05-17,AAPL,171.7100067138672,172.92999267578125,170.4199981689453,172.69000244140625,57951600,170.61892700195312
2023-05-18,AAPL,173.0,175.24000549316406,172.5800018310547,175.0500030517578,65496700,172.95059204101562
2023-05-19,AAPL,176.38999938964844,176.38999938964844,174.94000244140625,175.16000366210938,55809500,173.05929565429688
2023-05-22,AAPL,173.97999572753906,174.7100067138672,173.4499969482422,174.1999969482422,43570900,172.11077880859375
2023-05-23,AAPL,173.1300048828125,173.3800048828125,171.27999877929688,171.55999755859375,50747300,169.50244140625
2023-05-24,AAPL,171.08999633789062,172.4199981689453,170.52000427246094,171.83999633789062,45143500,169.77908325195312
2023-05-25,AAPL,172.41000366210938,173.89999389648438,171.69000244140625,172.99000549316406,56058300,170.91531372070312
2023-05-26,AAPL,173.32000732421875,175.77000427246094,173.11000061035156,175.42999267578125,54835000,173.32601928710938
2023-05-30,AAPL,176.9600067138672,178.99000549316406,176.57000732421875,177.3000030517578,55964400,175.17361450195312
2023-05-31,AAPL,177.3300018310547,179.35000610351562,176.75999450683594,177.25,99625300,175.12420654296875
2023-06-01,AAPL,177.6999969482422,180.1199951171875,176.92999267578125,180.08999633789062,68901800,177.9301300048828
2023-06-02,AAPL,181.02999877929688,181.77999877929688,179.25999450683594,180.9499969482422,61996900,178.77981567382812
2023-06-05,AAPL,182.6300048828125,184.9499969482422,178.0399932861328,179.5800018310547,121946500,177.42626953125
2023-06-06,AAPL,179.97000122070312,180.1199951171875,177.42999267578125,179.2100067138672,64848400,177.06069946289062
2023-06-07,AAPL,178.44000244140625,181.2100067138672,177.32000732421875,177.82000732421875,61944600,175.68736267089844
2023-06-08,AAPL,177.89999389648438,180.83999633789065,177.4600067138672,180.57000732421875,50214900,178.40440368652344
2023-06-09,AAPL,181.5,182.22999572753903,180.6300048828125,180.9600067138672,48900000,178.7897186279297
2023-06-12,AAPL,181.27000427246097,183.88999938964844,180.97000122070312,183.7899932861328,54274900,181.58575439453125
2023-06-13,AAPL,182.8000030517578,184.1499938964844,182.44000244140625,183.30999755859375,54929100,181.11151123046875
2023-06-14,AAPL,183.3699951171875,184.38999938964844,182.02000427246097,183.9499969482422,57462900,181.74383544921875
2023-06-15,AAPL,183.9600067138672,186.52000427246097,183.77999877929688,186.0099945068359,65433200,183.7791290283203
2023-06-16,AAPL,186.72999572753903,186.9900054931641,184.27000427246097,184.9199981689453,101256200,182.7022247314453
2023-06-20,AAPL,184.41000366210935,186.1000061035156,184.41000366210935,185.0099945068359,49799100,182.79112243652344
2023-06-21,AAPL,184.8999938964844,185.41000366210935,182.58999633789065,183.9600067138672,49515700,181.75375366210935
2023-06-22,AAPL,183.7400054931641,187.0500030517578,183.6699981689453,187.0,51245300,184.7572479248047
2023-06-23,AAPL,185.5500030517578,187.55999755859375,185.0099945068359,186.67999267578125,53117000,184.4410858154297
2023-06-26,AAPL,186.8300018310547,188.0500030517578,185.22999572753903,185.27000427246097,48088700,183.04798889160156
2023-06-27,AAPL,185.88999938964844,188.38999938964844,185.6699981689453,188.05999755859375,50730800,185.80455017089844
2023-06-28,AAPL,187.92999267578125,189.8999938964844,187.6000061035156,189.25,51216800,186.9803009033203
2023-06-29,AAPL,189.0800018310547,190.07000732421875,188.94000244140625,189.58999633789065,46347300,187.3162078857422
2023-06-30,AAPL,191.6300048828125,194.47999572753903,191.2599945068359,193.97000122070312,85213200,191.6436767578125
2023-07-03,AAPL,193.77999877929688,193.8800048828125,191.7599945068359,192.4600067138672,31458200,190.15182495117188
2023-07-05,AAPL,191.57000732421875,192.97999572753903,190.6199951171875,191.3300018310547,46920300,189.0353546142578
2023-07-06,AAPL,189.83999633789065,192.02000427246097,189.1999969482422,191.80999755859375,45094300,189.50958251953125
2023-07-07,AAPL,191.41000366210935,192.6699981689453,190.2400054931641,190.67999267578125,46815000,188.3931121826172
2023-07-10,AAPL,189.2599945068359,189.9900054931641,187.0399932861328,188.61000061035156,59922200,186.3479766845703
2023-07-11,AAPL,189.16000366210935,189.3000030517578,186.6000061035156,188.0800018310547,46638100,185.8243408203125
2023-07-12,AAPL,189.67999267578125,191.6999969482422,188.47000122070312,189.77000427246097,60750200,187.4940643310547
2023-07-13,AAPL,190.5,191.19000244140625,189.77999877929688,190.5399932861328,41342300,188.2548065185547
2023-07-14,AAPL,190.22999572753903,191.17999267578125,189.6300048828125,190.69000244140625,41616200,188.40301513671875
2023-07-17,AAPL,191.8999938964844,194.32000732421875,191.80999755859375,193.9900054931641,50520200,191.6634521484375
2023-07-18,AAPL,193.3500061035156,194.3300018310547,192.4199981689453,193.72999572753903,48288200,191.4065093994141
2023-07-19,AAPL,193.1000061035156,198.22999572753903,192.6499938964844,195.1000061035156,80507300,192.7601318359375
2023-07-20,AAPL,195.08999633789065,196.47000122070312,192.5,193.1300048828125,59581200,190.8137359619141
2023-07-21,AAPL,194.1000061035156,194.97000122070312,191.22999572753903,191.94000244140625,71951700,189.63803100585935
2023-07-24,AAPL,193.41000366210935,194.91000366210935,192.25,192.75,45377800,190.4383087158203
2023-07-25,AAPL,193.3300018310547,194.44000244140625,192.9199981689453,193.6199951171875,37283200,191.29788208007812
2023-07-26,AAPL,193.6699981689453,195.63999938964844,193.32000732421875,194.5,47471900,192.16732788085935
2023-07-27,AAPL,196.02000427246097,197.1999969482422,192.5500030517578,193.22000122070312,47460200,190.90267944335935
2023-07-28,AAPL,194.6699981689453,196.6300048828125,194.13999938964844,195.8300018310547,48291400,193.4813690185547
2023-07-31,AAPL,196.05999755859375,196.4900054931641,195.2599945068359,196.4499969482422,38824100,194.0939178466797
2023-08-01,AAPL,196.2400054931641,196.72999572753903,195.27999877929688,195.61000061035156,35175100,193.26400756835935
2023-08-02,AAPL,195.0399932861328,195.17999267578125,191.8500061035156,192.5800018310547,50389300,190.2703399658203
2023-08-03,AAPL,191.57000732421875,192.3699951171875,190.69000244140625,191.1699981689453,61235200,188.87725830078125
2023-08-04,AAPL,185.52000427246097,187.3800048828125,181.9199981689453,181.9900054931641,115956800,179.80738830566406
2023-08-07,AAPL,182.1300048828125,183.1300048828125,177.35000610351562,178.85000610351562,97576100,176.70501708984375
2023-08-08,AAPL,179.69000244140625,180.27000427246097,177.5800018310547,179.8000030517578,67823000,177.6436309814453
2023-08-09,AAPL,180.8699951171875,180.92999267578125,177.00999450683594,178.19000244140625,60378500,176.0529022216797
2023-08-10,AAPL,179.47999572753906,180.75,177.60000610351562,177.97000122070312,54686900,175.83558654785156
2023-08-11,AAPL,177.32000732421875,178.6199951171875,176.5500030517578,177.7899932861328,52036700,175.8949432373047
2023-08-14,AAPL,177.97000122070312,179.69000244140625,177.30999755859375,179.4600067138672,43675600,177.54713439941406
2023-08-15,AAPL,178.8800048828125,179.47999572753906,177.0500030517578,177.4499969482422,43622600,175.55856323242188
2023-08-16,AAPL,177.1300048828125,178.5399932861328,176.5,176.57000732421875,46964900,174.68795776367188
2023-08-17,AAPL,177.13999938964844,177.50999450683594,173.47999572753906,174.0,66062900,172.1453399658203
2023-08-18,AAPL,172.3000030517578,175.10000610351562,171.9600067138672,174.49000549316406,61172200,172.630126953125
2023-08-21,AAPL,175.07000732421875,176.1300048828125,173.74000549316406,175.83999633789062,46311900,173.96571350097656
2023-08-22,AAPL,177.05999755859375,177.67999267578125,176.25,177.22999572753906,42038900,175.34088134765625
2023-08-23,AAPL,178.52000427246094,181.5500030517578,178.3300018310547,181.1199951171875,52722800,179.189453125
2023-08-24,AAPL,180.6699981689453,181.1000061035156,176.00999450683594,176.3800048828125,54945800,174.49996948242188
2023-08-25,AAPL,177.3800048828125,179.14999389648438,175.82000732421875,178.61000061035156,51449600,176.70619201660156
2023-08-28,AAPL,180.08999633789062,180.58999633789065,178.5500030517578,180.19000244140625,43820700,178.2693634033203
2023-08-29,AAPL,179.6999969482422,184.8999938964844,179.5,184.1199951171875,53003900,182.1574554443359
2023-08-30,AAPL,184.94000244140625,187.8500061035156,184.7400054931641,187.6499938964844,60813900,185.6498565673828
2023-08-31,AAPL,187.83999633789065,189.1199951171875,187.47999572753903,187.8699951171875,60794500,185.8675079345703
2023-09-01,AAPL,189.4900054931641,189.9199981689453,188.27999877929688,189.4600067138672,45766500,187.4405517578125
2023-09-05,AAPL,188.27999877929688,189.97999572753903,187.61000061035156,189.6999969482422,45280000,187.6779937744141
2023-09-06,AAPL,188.3999938964844,188.8500061035156,181.47000122070312,182.91000366210935,81755800,180.9603576660156
2023-09-07,AAPL,175.17999267578125,178.2100067138672,173.5399932861328,177.55999755859375,112488800,175.66741943359375
2023-09-08,AAPL,178.35000610351562,180.2400054931641,177.7899932861328,178.17999267578125,65551300,176.28076171875
2023-09-11,AAPL,180.07000732421875,180.3000030517578,177.33999633789062,179.36000061035156,58953100,177.4481964111328
2023-09-12,AAPL,179.49000549316406,180.1300048828125,174.82000732421875,176.3000030517578,90370200,174.4208221435547
2023-09-13,AAPL,176.50999450683594,177.3000030517578,173.97999572753906,174.2100067138672,84267900,172.35308837890625
2023-09-14,AAPL,174.0,176.10000610351562,173.5800018310547,175.74000549316406,60895800,173.8667755126953
2023-09-15,AAPL,176.47999572753906,176.5,173.82000732421875,175.00999450683594,109259500,173.14456176757812
2023-09-18,AAPL,176.47999572753906,179.3800048828125,176.1699981689453,177.97000122070312,67257600,176.07302856445312
2023-09-19,AAPL,177.52000427246094,179.6300048828125,177.1300048828125,179.07000732421875,51826900,177.16128540039062
2023-09-20,AAPL,179.25999450683594,179.6999969482422,175.39999389648438,175.49000549316406,58436200,173.6194610595703
2023-09-21,AAPL,174.5500030517578,176.3000030517578,173.86000061035156,173.92999267578125,63149100,172.07608032226562
2023-09-22,AAPL,174.6699981689453,177.0800018310547,174.0500030517578,174.7899932861328,56725400,172.92689514160156
2023-09-25,AAPL,174.1999969482422,176.97000122070312,174.14999389648438,176.0800018310547,46172700,174.20315551757812
2023-09-26,AAPL,174.82000732421875,175.1999969482422,171.66000366210938,171.9600067138672,64588900,170.12705993652344
2023-09-27,AAPL,172.6199951171875,173.0399932861328,169.0500030517578,170.42999267578125,66921800,168.61337280273438
2023-09-28,AAPL,169.33999633789062,172.02999877929688,167.6199951171875,170.69000244140625,56294400,168.87062072753906
2023-09-29,AAPL,172.02000427246094,173.07000732421875,170.33999633789062,171.2100067138672,51861100,169.38507080078125
2023-10-02,AAPL,171.22000122070312,174.3000030517578,170.92999267578125,173.75,52164500,171.89801025390625
2023-10-03,AAPL,172.25999450683594,173.6300048828125,170.82000732421875,172.39999389648438,49594600,170.56240844726562
2023-10-04,AAPL,171.08999633789062,174.2100067138672,170.97000122070312,173.66000366210938,53020300,171.80894470214844
2023-10-05,AAPL,173.7899932861328,175.4499969482422,172.67999267578125,174.91000366210938,48527900,173.045654296875
2023-10-06,AAPL,173.8000030517578,177.99000549316406,173.17999267578125,177.49000549316406,57266700,175.59814453125
2023-10-09,AAPL,176.80999755859375,179.0500030517578,175.8000030517578,178.99000549316406,42390800,177.08213806152344
2023-10-10,AAPL,178.10000610351562,179.72000122070312,177.9499969482422,178.38999938964844,43698000,176.48854064941406
2023-10-11,AAPL,178.1999969482422,179.85000610351562,177.60000610351562,179.8000030517578,47551100,177.88351440429688
2023-10-12,AAPL,180.07000732421875,182.33999633789065,179.0399932861328,180.7100067138672,56743100,178.7838134765625
2023-10-13,AAPL,181.4199981689453,181.92999267578125,178.13999938964844,178.85000610351562,51427100,176.94363403320312
2023-10-16,AAPL,176.75,179.0800018310547,176.50999450683594,178.72000122070312,52517000,176.8150177001953
2023-10-17,AAPL,176.64999389648438,178.4199981689453,174.8000030517578,177.14999389648438,57549400,175.26174926757812
2023-10-18,AAPL,175.5800018310547,177.5800018310547,175.11000061035156,175.83999633789062,54764400,173.96571350097656
2023-10-19,AAPL,176.0399932861328,177.83999633789062,175.19000244140625,175.4600067138672,59302900,173.58978271484375
2023-10-20,AAPL,175.30999755859375,175.4199981689453,172.63999938964844,172.8800048828125,64244000,171.0372772216797
2023-10-23,AAPL,170.91000366210938,174.00999450683594,169.92999267578125,173.0,55980100,171.15602111816406
2023-10-24,AAPL,173.0500030517578,173.6699981689453,171.4499969482422,173.44000244140625,43816600,171.59129333496094
2023-10-25,AAPL,171.8800048828125,173.05999755859375,170.64999389648438,171.10000610351562,57157000,169.27626037597656
2023-10-26,AAPL,170.3699951171875,171.3800048828125,165.6699981689453,166.88999938964844,70625300,165.11111450195312
2023-10-27,AAPL,166.91000366210938,168.9600067138672,166.8300018310547,168.22000122070312,58499100,166.42694091796875
2023-10-30,AAPL,169.02000427246094,171.1699981689453,168.8699951171875,170.2899932861328,51131000,168.47486877441406
2023-10-31,AAPL,169.35000610351562,170.89999389648438,167.89999389648438,170.77000427246094,44846000,168.94976806640625
2023-11-01,AAPL,171.0,174.22999572753906,170.1199951171875,173.97000122070312,56934900,172.1156463623047
2023-11-02,AAPL,175.52000427246094,177.77999877929688,175.4600067138672,177.57000732421875,77334800,175.6772918701172
2023-11-03,AAPL,174.24000549316406,176.82000732421875,173.35000610351562,176.64999389648438,79829200,174.76708984375
2023-11-06,AAPL,176.3800048828125,179.42999267578125,176.2100067138672,179.22999572753906,63841300,177.319580078125
2023-11-07,AAPL,179.17999267578125,182.44000244140625,178.97000122070312,181.82000732421875,70530000,179.88197326660156
2023-11-08,AAPL,182.3500061035156,183.4499969482422,181.58999633789065,182.88999938964844,49340300,180.94058227539065
2023-11-09,AAPL,182.9600067138672,184.1199951171875,181.80999755859375,182.41000366210935,53763500,180.4656982421875
2023-11-10,AAPL,183.97000122070312,186.57000732421875,183.52999877929688,186.3999938964844,66133400,184.65614318847656
2023-11-13,AAPL,185.82000732421875,186.02999877929688,184.2100067138672,184.8000030517578,43627500,183.07107543945312
2023-11-14,AAPL,187.6999969482422,188.11000061035156,186.3000030517578,187.44000244140625,60108400,185.68638610839844
2023-11-15,AAPL,187.8500061035156,189.5,187.77999877929688,188.0099945068359,53790500,186.2510528564453
2023-11-16,AAPL,189.57000732421875,190.9600067138672,188.6499938964844,189.7100067138672,54412900,187.9351501464844
2023-11-17,AAPL,190.25,190.3800048828125,188.57000732421875,189.69000244140625,50922700,187.9153289794922
2023-11-20,AAPL,189.88999938964844,191.91000366210935,189.8800048828125,191.4499969482422,46505100,189.65887451171875
2023-11-21,AAPL,191.41000366210935,191.52000427246097,189.7400054931641,190.63999938964844,38134500,188.85646057128903
2023-11-22,AAPL,191.4900054931641,192.92999267578125,190.8300018310547,191.30999755859375,39617700,189.52017211914065
2023-11-24,AAPL,190.8699951171875,190.8999938964844,189.25,189.97000122070312,24048300,188.19271850585935
2023-11-27,AAPL,189.9199981689453,190.6699981689453,188.8999938964844,189.7899932861328,40552600,188.014404296875
2023-11-28,AAPL,189.77999877929688,191.0800018310547,189.3999938964844,190.3999938964844,38415400,188.61871337890625
2023-11-29,AAPL,190.8999938964844,192.08999633789065,188.97000122070312,189.3699951171875,43014200,187.5983123779297
2023-11-30,AAPL,189.83999633789065,190.32000732421875,188.19000244140625,189.9499969482422,48794400,188.17291259765625
2023-12-01,AAPL,190.3300018310547,191.55999755859375,189.22999572753903,191.2400054931641,45704800,189.45083618164065
2023-12-04,AAPL,189.97999572753903,190.0500030517578,187.4499969482422,189.42999267578125,43389500,187.6577606201172
2023-12-05,AAPL,190.2100067138672,194.3999938964844,190.17999267578125,193.4199981689453,66628400,191.6104278564453
2023-12-06,AAPL,194.4499969482422,194.7599945068359,192.11000061035156,192.32000732421875,41089700,190.5207366943359
2023-12-07,AAPL,193.6300048828125,195.0,193.58999633789065,194.27000427246097,47477700,192.45248413085935
2023-12-08,AAPL,194.1999969482422,195.9900054931641,193.6699981689453,195.7100067138672,53406400,193.87901306152344
2023-12-11,AAPL,193.11000061035156,193.4900054931641,191.4199981689453,193.17999267578125,60943700,191.37269592285156
2023-12-12,AAPL,193.0800018310547,194.72000122070312,191.72000122070312,194.7100067138672,52696900,192.88836669921875
2023-12-13,AAPL,195.08999633789065,198.0,194.8500061035156,197.9600067138672,70404200,196.1079559326172
2023-12-14,AAPL,198.02000427246097,199.6199951171875,196.16000366210935,198.11000061035156,66831600,196.2565765380859
2023-12-15,AAPL,197.52999877929688,198.3999938964844,197.0,197.57000732421875,128538400,195.7216339111328
2023-12-18,AAPL,196.08999633789065,196.6300048828125,194.38999938964844,195.88999938964844,55751900,194.05734252929688
2023-12-19,AAPL,196.16000366210935,196.9499969482422,195.88999938964844,196.94000244140625,40714100,195.0975341796875
2023-12-20,AAPL,196.8999938964844,197.67999267578125,194.8300018310547,194.8300018310547,52242800,193.0072784423828
2023-12-21,AAPL,196.1000061035156,197.0800018310547,193.5,194.67999267578125,46482500,192.8586578369141
2023-12-22,AAPL,195.17999267578125,195.41000366210935,192.97000122070312,193.6000061035156,37149600,191.7887420654297
2023-12-26,AAPL,193.61000061035156,193.88999938964844,192.8300018310547,193.0500030517578,28919300,191.2439117431641
2023-12-27,AAPL,192.4900054931641,193.5,191.08999633789065,193.1499938964844,48087700,191.3429718017578
2023-12-28,AAPL,194.13999938964844,194.66000366210935,193.1699981689453,193.5800018310547,34049900,191.7689514160156
2023-12-29,AAPL,193.8999938964844,194.3999938964844,191.72999572753903,192.52999877929688,42672100,190.728759765625
2024-01-02,AAPL,187.1499938964844,188.44000244140625,183.88999938964844,185.63999938964844,82488700,183.9032287597656
2024-01-03,AAPL,184.22000122070312,185.8800048828125,183.42999267578125,184.25,58414500,182.52621459960935
2024-01-04,AAPL,182.1499938964844,183.08999633789065,180.8800048828125,181.91000366210935,71983600,180.20814514160156
2024-01-05,AAPL,181.9900054931641,182.7599945068359,180.1699981689453,181.17999267578125,62379700,179.4849395751953
2024-01-08,AAPL,182.08999633789065,185.6000061035156,181.5,185.55999755859375,59144500,183.8239898681641
2024-01-09,AAPL,183.9199981689453,185.1499938964844,182.72999572753903,185.13999938964844,42841800,183.4078826904297
2024-01-10,AAPL,184.3500061035156,186.3999938964844,183.9199981689453,186.19000244140625,46792900,184.44808959960935
2024-01-11,AAPL,186.5399932861328,187.0500030517578,183.6199951171875,185.58999633789065,49128400,183.85369873046875
2024-01-12,AAPL,186.05999755859375,186.7400054931641,185.19000244140625,185.9199981689453,40477800,184.18060302734375
2024-01-16,AAPL,182.16000366210935,184.2599945068359,180.92999267578125,183.6300048828125,65603000,181.9120330810547
2024-01-17,AAPL,181.27000427246097,182.92999267578125,180.3000030517578,182.67999267578125,47317400,180.9709014892578
2024-01-18,AAPL,186.08999633789065,189.13999938964844,185.8300018310547,188.6300048828125,78005800,186.86526489257812
2024-01-19,AAPL,189.3300018310547,191.9499969482422,188.82000732421875,191.55999755859375,68903000,189.7678375244141
2024-01-22,AAPL,192.3000030517578,195.3300018310547,192.2599945068359,193.88999938964844,60133900,192.07603454589844
2024-01-23,AAPL,195.02000427246097,195.75,193.8300018310547,195.17999267578125,42355600,193.35398864746097
2024-01-24,AAPL,195.4199981689453,196.3800048828125,194.33999633789065,194.5,53631300,192.6803436279297
2024-01-25,AAPL,195.22000122070312,196.27000427246097,193.11000061035156,194.1699981689453,54822100,192.35340881347656
2024-01-26,AAPL,194.27000427246097,194.7599945068359,191.94000244140625,192.4199981689453,44594000,190.61978149414065
2024-01-29,AAPL,192.0099945068359,192.1999969482422,189.5800018310547,191.72999572753903,47145600,189.93624877929688
2024-01-30,AAPL,190.94000244140625,191.8000030517578,187.47000122070312,188.0399932861328,55859400,186.28077697753903
2024-01-31,AAPL,187.0399932861328,187.1000061035156,184.3500061035156,184.3999938964844,55467800,182.6748504638672
2024-02-01,AAPL,183.9900054931641,186.9499969482422,183.82000732421875,186.86000061035156,64885400,185.11183166503903
2024-02-02,AAPL,179.86000061035156,187.3300018310547,179.25,185.8500061035156,102551700,184.1112518310547
2024-02-05,AAPL,188.1499938964844,189.25,185.83999633789065,187.67999267578125,69668800,185.92413330078125
2024-02-06,AAPL,186.86000061035156,189.30999755859375,186.77000427246097,189.3000030517578,43490800,187.5289764404297
2024-02-07,AAPL,190.63999938964844,191.0500030517578,188.61000061035156,189.41000366210935,53439000,187.6379547119141
2024-02-08,AAPL,189.38999938964844,189.5399932861328,187.3500061035156,188.32000732421875,40962000,186.55816650390625
2024-02-09,AAPL,188.6499938964844,189.9900054931641,188.0,188.8500061035156,45155200,187.32192993164065
2024-02-12,AAPL,188.4199981689453,188.6699981689453,186.7899932861328,187.1499938964844,41781900,185.63568115234375
2024-02-13,AAPL,185.77000427246097,186.2100067138672,183.5099945068359,185.0399932861328,56529500,183.5427093505859
2024-02-14,AAPL,185.32000732421875,185.52999877929688,182.44000244140625,184.1499938964844,54630500,182.6599578857422
2024-02-15,AAPL,183.5500030517578,184.4900054931641,181.3500061035156,183.86000061035156,65434500,182.3722991943359
2024-02-16,AAPL,183.4199981689453,184.8500061035156,181.6699981689453,182.30999755859375,49752500,180.8348388671875
2024-02-20,AAPL,181.7899932861328,182.42999267578125,180.0,181.55999755859375,53665600,180.09091186523438
2024-02-21,AAPL,181.94000244140625,182.88999938964844,180.66000366210935,182.32000732421875,41371400,180.8447723388672
2024-02-22,AAPL,183.47999572753903,184.9600067138672,182.4600067138672,184.3699951171875,52292200,182.8781890869141
2024-02-23,AAPL,185.0099945068359,185.0399932861328,182.22999572753903,182.52000427246097,45119700,181.0431671142578
2024-02-26,AAPL,182.2400054931641,182.7599945068359,180.6499938964844,181.16000366210935,40867400,179.6941375732422
2024-02-27,AAPL,181.1000061035156,183.9199981689453,179.55999755859375,182.6300048828125,54318900,181.1522674560547
2024-02-28,AAPL,182.5099945068359,183.1199951171875,180.1300048828125,181.4199981689453,48953900,179.95205688476562
2024-02-29,AAPL,181.27000427246097,182.57000732421875,179.52999877929688,180.75,136682600,179.2874755859375
2024-03-01,AAPL,179.5500030517578,180.52999877929688,177.3800048828125,179.66000366210938,73563100,178.206298828125
2024-03-04,AAPL,176.14999389648438,176.89999389648438,173.7899932861328,175.10000610351562,81510100,173.68319702148438
2024-03-05,AAPL,170.75999450683594,172.0399932861328,169.6199951171875,170.1199951171875,95132400,168.74346923828125
2024-03-06,AAPL,171.05999755859375,171.24000549316406,168.67999267578125,169.1199951171875,68587700,167.75155639648438
2024-03-07,AAPL,169.14999389648438,170.72999572753906,168.49000549316406,169.0,71765100,167.6325225830078
2024-03-08,AAPL,169.0,173.6999969482422,168.94000244140625,170.72999572753906,76267000,169.34854125976562
2024-03-11,AAPL,172.94000244140625,174.3800048828125,172.0500030517578,172.75,60139500,171.35218811035156
2024-03-12,AAPL,173.14999389648438,174.02999877929688,171.00999450683594,173.22999572753906,59825400,171.8283233642578
2024-03-13,AAPL,172.77000427246094,173.19000244140625,170.75999450683594,171.1300048828125,52488700,169.74533081054688
2024-03-14,AAPL,172.91000366210938,174.30999755859375,172.0500030517578,173.0,72913500,171.60015869140625
2024-03-15,AAPL,171.1699981689453,172.6199951171875,170.2899932861328,172.6199951171875,121752700,171.22323608398438
2024-03-18,AAPL,175.57000732421875,177.7100067138672,173.52000427246094,173.72000122070312,75604200,172.31434631347656
2024-03-19,AAPL,174.33999633789062,176.61000061035156,173.02999877929688,176.0800018310547,55215200,174.65524291992188
2024-03-20,AAPL,175.72000122070312,178.6699981689453,175.08999633789062,178.6699981689453,53423100,177.22427368164062
2024-03-21,AAPL,177.0500030517578,177.49000549316406,170.83999633789062,171.3699951171875,106181300,169.98333740234375
2024-03-22,AAPL,171.75999450683594,173.0500030517578,170.05999755859375,172.27999877929688,71160100,170.88601684570312
2024-03-25,AAPL,170.57000732421875,171.94000244140625,169.4499969482422,170.85000610351562,54288300,169.46759033203125
2024-03-26,AAPL,170.0,171.4199981689453,169.5800018310547,169.7100067138672,57388400,168.33680725097656
2024-03-27,AAPL,170.41000366210938,173.60000610351562,170.11000061035156,173.30999755859375,60273300,171.9076690673828
2024-03-28,AAPL,171.75,172.22999572753906,170.50999450683594,171.47999572753906,65672700,170.09246826171875
2024-04-01,AAPL,171.19000244140625,171.25,169.47999572753906,170.02999877929688,46240500,168.65420532226562
2024-04-02,AAPL,169.0800018310547,169.33999633789062,168.22999572753906,168.83999633789062,49329500,167.4738006591797
2024-04-03,AAPL,168.7899932861328,170.67999267578125,168.5800018310547,169.64999389648438,47691700,168.27725219726562
2024-04-04,AAPL,170.2899932861328,171.9199981689453,168.82000732421875,168.82000732421875,53704400,167.45401000976562
2024-04-05,AAPL,169.58999633789062,170.38999938964844,168.9499969482422,169.5800018310547,42104800,168.20785522460938
2024-04-08,AAPL,169.02999877929688,169.1999969482422,168.24000549316406,168.4499969482422,37425500,167.0869903564453
2024-04-09,AAPL,168.6999969482422,170.0800018310547,168.35000610351562,169.6699981689453,42373800,168.297119140625
2024-04-10,AAPL,168.8000030517578,169.08999633789062,167.11000061035156,167.77999877929688,49709300,166.42242431640625
2024-04-11,AAPL,168.33999633789062,175.4600067138672,168.16000366210938,175.0399932861328,91070300,173.6236572265625
2024-04-12,AAPL,174.25999450683594,178.36000061035156,174.2100067138672,176.5500030517578,101670900,175.12142944335938
2024-04-15,AAPL,175.36000061035156,176.6300048828125,172.5,172.69000244140625,73531800,171.29269409179688
2024-04-16,AAPL,171.75,173.75999450683594,168.27000427246094,169.3800048828125,73711200,168.0094757080078
2024-04-17,AAPL,169.61000061035156,170.64999389648438,168.0,168.0,50901200,166.640625
2024-04-18,AAPL,168.02999877929688,168.63999938964844,166.5500030517578,167.0399932861328,43122900,165.68838500976562
2024-04-19,AAPL,166.2100067138672,166.39999389648438,164.0800018310547,165.0,68149400,163.66488647460938
2024-04-22,AAPL,165.52000427246094,167.25999450683594,164.77000427246094,165.83999633789062,48116400,164.4980926513672
2024-04-23,AAPL,165.35000610351562,167.0500030517578,164.9199981689453,166.89999389648438,49537800,165.54954528808594
2024-04-24,AAPL,166.5399932861328,169.3000030517578,166.2100067138672,169.02000427246094,48251800,167.6523895263672
2024-04-25,AAPL,169.52999877929688,170.61000061035156,168.14999389648438,169.88999938964844,50558300,168.51535034179688
2024-04-26,AAPL,169.8800048828125,171.33999633789062,169.17999267578125,169.3000030517578,44838400,167.9300994873047
2024-04-29,AAPL,173.3699951171875,176.02999877929688,173.10000610351562,173.5,68169400,172.0961456298828
2024-04-30,AAPL,173.3300018310547,174.99000549316406,170.0,170.3300018310547,65934800,168.95175170898438
2024-05-01,AAPL,169.5800018310547,172.7100067138672,169.11000061035156,169.3000030517578,50383100,167.9300994873047
2024-05-02,AAPL,172.50999450683594,173.4199981689453,170.88999938964844,173.02999877929688,94214900,171.6299285888672
2024-05-03,AAPL,186.6499938964844,187.0,182.66000366210935,183.3800048828125,163224100,181.8961944580078
2024-05-06,AAPL,182.3500061035156,184.1999969482422,180.4199981689453,181.7100067138672,78569700,180.2397003173828
2024-05-07,AAPL,183.4499969482422,184.8999938964844,181.32000732421875,182.3999938964844,77305800,180.92410278320312
2024-05-08,AAPL,182.8500061035156,183.07000732421875,181.4499969482422,182.7400054931641,45057100,181.26136779785156
2024-05-09,AAPL,182.55999755859375,184.66000366210935,182.11000061035156,184.57000732421875,48983000,183.07655334472656
2024-05-10,AAPL,184.8999938964844,185.08999633789065,182.1300048828125,183.0500030517578,50759500,181.8151397705078
2024-05-13,AAPL,185.44000244140625,187.1000061035156,184.6199951171875,186.27999877929688,72044800,185.02333068847656
2024-05-14,AAPL,187.5099945068359,188.3000030517578,186.2899932861328,187.42999267578125,52393600,186.16555786132812
2024-05-15,AAPL,187.91000366210935,190.6499938964844,187.3699951171875,189.72000122070312,70400000,188.4401397705078
2024-05-16,AAPL,190.47000122070312,191.1000061035156,189.66000366210935,189.83999633789065,52845200,188.5593109130859
2024-05-17,AAPL,189.5099945068359,190.80999755859375,189.17999267578125,189.8699951171875,41282900,188.589111328125
2024-05-20,AAPL,189.3300018310547,191.9199981689453,189.0099945068359,191.0399932861328,44361300,189.7512359619141
2024-05-21,AAPL,191.08999633789065,192.72999572753903,190.9199981689453,192.3500061035156,42309400,191.05239868164065
2024-05-22,AAPL,192.27000427246097,192.82000732421875,190.27000427246097,190.8999938964844,34648500,189.61216735839844
2024-05-23,AAPL,190.97999572753903,191.0,186.6300048828125,186.8800048828125,51005900,185.61929321289065
2024-05-24,AAPL,188.82000732421875,190.5800018310547,188.0399932861328,189.97999572753903,36327000,188.6983642578125
2024-05-28,AAPL,191.5099945068359,193.0,189.1000061035156,189.9900054931641,52280100,188.7082977294922
2024-05-29,AAPL,189.61000061035156,192.25,189.5099945068359,190.2899932861328,53068000,189.0062713623047
2024-05-30,AAPL,190.7599945068359,192.17999267578125,190.6300048828125,191.2899932861328,49889100,189.99952697753903
2024-05-31,AAPL,191.44000244140625,192.57000732421875,189.91000366210935,192.25,75158300,190.95306396484375
2024-06-03,AAPL,192.8999938964844,194.9900054931641,192.52000427246097,194.02999877929688,50080500,192.72103881835935
2024-06-04,AAPL,194.63999938964844,195.32000732421875,193.02999877929688,194.3500061035156,47471400,193.03890991210935
2024-06-05,AAPL,195.3999938964844,196.8999938964844,194.8699951171875,195.8699951171875,54156800,194.5486297607422
2024-06-06,AAPL,195.69000244140625,196.5,194.1699981689453,194.47999572753903,41181800,193.1680145263672
2024-06-07,AAPL,194.6499938964844,196.94000244140625,194.13999938964844,196.88999938964844,53103900,195.5617523193359
2024-06-10,AAPL,196.8999938964844,197.3000030517578,192.1499938964844,193.1199951171875,97010200,191.81719970703125
2024-06-11,AAPL,193.6499938964844,207.16000366210935,193.6300048828125,207.1499938964844,172373300,205.7525329589844
2024-06-12,AAPL,207.3699951171875,220.1999969482422,206.8999938964844,213.07000732421875,198134300,211.6326141357422
2024-06-13,AAPL,214.7400054931641,216.75,211.6000061035156,214.2400054931641,97862700,212.79473876953125
2024-06-14,AAPL,213.8500061035156,215.1699981689453,211.3000030517578,212.4900054931641,70122700,211.05653381347656
2024-06-17,AAPL,213.3699951171875,218.9499969482422,212.72000122070312,216.6699981689453,93728300,215.2083282470703
2024-06-18,AAPL,217.58999633789065,218.6300048828125,213.0,214.2899932861328,79943300,212.8443603515625
2024-06-20,AAPL,213.92999267578125,214.2400054931641,208.8500061035156,209.67999267578125,86172500,208.26547241210935
2024-06-21,AAPL,210.38999938964844,211.88999938964844,207.11000061035156,207.4900054931641,241805100,206.0902557373047
2024-06-24,AAPL,207.72000122070312,212.6999969482422,206.58999633789065,208.13999938964844,80727000,206.73587036132812
2024-06-25,AAPL,209.1499938964844,211.3800048828125,208.61000061035156,209.07000732421875,55549700,207.65960693359375
2024-06-26,AAPL,211.5,214.86000061035156,210.63999938964844,213.25,66213200,211.8114013671875
2024-06-27,AAPL,214.69000244140625,215.7400054931641,212.3500061035156,214.1000061035156,49772700,212.6556701660156
2024-06-28,AAPL,215.77000427246097,216.07000732421875,210.3000030517578,210.6199951171875,82542700,209.1991271972656
2024-07-01,AAPL,212.08999633789065,217.5099945068359,211.9199981689453,216.75,60402900,215.28778076171875
2024-07-02,AAPL,216.1499938964844,220.3800048828125,215.1000061035156,220.27000427246097,58046200,218.78404235839844
2024-07-03,AAPL,220.0,221.5500030517578,219.02999877929688,221.5500030517578,37369800,220.055419921875
2024-07-05,AAPL,221.6499938964844,226.4499969482422,221.6499938964844,226.33999633789065,60412400,224.81309509277344
2024-07-08,AAPL,227.08999633789065,227.8500061035156,223.25,227.82000732421875,59085900,226.28309631347656
2024-07-09,AAPL,227.92999267578125,229.3999938964844,226.3699951171875,228.67999267578125,48076100,227.1372985839844
2024-07-10,AAPL,229.3000030517578,233.0800018310547,229.25,232.97999572753903,62627700,231.4082794189453
2024-07-11,AAPL,231.38999938964844,232.38999938964844,225.77000427246097,227.57000732421875,64710600,226.03480529785156
2024-07-12,AAPL,228.9199981689453,232.63999938964844,228.67999267578125,230.5399932861328,53046500,228.98475646972656
2024-07-15,AAPL,236.47999572753903,237.22999572753903,233.08999633789065,234.3999938964844,62631300,232.81871032714844
2024-07-16,AAPL,235.0,236.27000427246097,232.3300018310547,234.82000732421875,43234300,233.23587036132812
2024-07-17,AAPL,229.4499969482422,231.4600067138672,226.63999938964844,228.8800048828125,57345900,227.33595275878903
2024-07-18,AAPL,230.27999877929688,230.44000244140625,222.27000427246097,224.17999267578125,66034600,222.6676483154297
2024-07-19,AAPL,224.82000732421875,226.8000030517578,223.27999877929688,224.30999755859375,49151500,222.79676818847656
2024-07-22,AAPL,227.0099945068359,227.77999877929688,223.08999633789065,223.9600067138672,48201800,222.4491424560547
2024-07-23,AAPL,224.3699951171875,226.94000244140625,222.67999267578125,225.0099945068359,39960300,223.49205017089844
2024-07-24,AAPL,224.0,224.8000030517578,217.1300048828125,218.5399932861328,61777600,217.0656890869141
2024-07-25,AAPL,218.92999267578125,220.8500061035156,214.6199951171875,217.4900054931641,51391200,216.02279663085935
2024-07-26,AAPL,218.6999969482422,219.4900054931641,216.0099945068359,217.9600067138672,41601300,216.4896240234375
2024-07-29,AAPL,216.9600067138672,219.3000030517578,215.75,218.2400054931641,36311800,216.7677459716797
2024-07-30,AAPL,219.19000244140625,220.3300018310547,216.1199951171875,218.8000030517578,41643800,217.3239593505859
2024-07-31,AAPL,221.44000244140625,223.82000732421875,220.6300048828125,222.0800018310547,50036300,220.58181762695312
2024-08-01,AAPL,224.3699951171875,224.47999572753903,217.02000427246097,218.36000061035156,62501000,216.8869171142578
2024-08-02,AAPL,219.1499938964844,225.6000061035156,217.7100067138672,219.86000061035156,105568600,218.3767852783203
2024-08-05,AAPL,199.08999633789065,213.5,196.0,209.27000427246097,119548600,207.85824584960935
2024-08-06,AAPL,205.3000030517578,209.9900054931641,201.07000732421875,207.22999572753903,69660500,205.83200073242188
2024-08-07,AAPL,206.8999938964844,213.63999938964844,206.38999938964844,209.82000732421875,63516400,208.404541015625
2024-08-08,AAPL,213.11000061035156,214.1999969482422,208.8300018310547,213.30999755859375,47161100,211.8710021972656
2024-08-09,AAPL,212.1000061035156,216.77999877929688,211.97000122070312,216.2400054931641,42201600,214.78125
2024-08-12,AAPL,216.07000732421875,219.5099945068359,215.6000061035156,217.52999877929688,38028100,216.3126220703125
2024-08-13,AAPL,219.0099945068359,221.88999938964844,219.0099945068359,221.27000427246097,44155300,220.03167724609375
2024-08-14,AAPL,220.57000732421875,223.02999877929688,219.6999969482422,221.72000122070312,41960600,220.4791717529297
2024-08-15,AAPL,224.6000061035156,225.3500061035156,222.7599945068359,224.72000122070312,46414000,223.46237182617188
2024-08-16,AAPL,223.9199981689453,226.8300018310547,223.6499938964844,226.0500030517578,44340200,224.7849273681641
2024-08-19,AAPL,225.72000122070312,225.9900054931641,223.0399932861328,225.88999938964844,40687800,224.6258087158203
2024-08-20,AAPL,225.77000427246097,227.1699981689453,225.4499969482422,226.5099945068359,30299000,225.2423553466797
2024-08-21,AAPL,226.52000427246097,227.97999572753903,225.0500030517578,226.3999938964844,34765500,225.13296508789065
2024-08-22,AAPL,227.7899932861328,228.33999633789065,223.8999938964844,224.52999877929688,43695300,223.27342224121097
2024-08-23,AAPL,225.66000366210935,228.22000122070312,224.3300018310547,226.83999633789065,38677300,225.57049560546875
2024-08-26,AAPL,226.7599945068359,227.27999877929688,223.88999938964844,227.17999267578125,30602200,225.90858459472656
2024-08-27,AAPL,226.0,228.8500061035156,224.88999938964844,228.02999877929688,35934600,226.75384521484375
2024-08-28,AAPL,227.9199981689453,229.86000061035156,225.67999267578125,226.4900054931641,38052200,225.2224578857422
2024-08-29,AAPL,230.1000061035156,232.9199981689453,228.8800048828125,229.7899932861328,51906300,228.5039978027344
2024-08-30,AAPL,230.19000244140625,230.3999938964844,227.47999572753903,229.0,52990800,227.71841430664065
2024-09-03,AAPL,228.5500030517578,229.0,221.1699981689453,222.77000427246097,50190600,221.52330017089844
2024-09-04,AAPL,221.66000366210935,221.77999877929688,217.47999572753903,220.8500061035156,43840200,219.6140289306641
2024-09-05,AAPL,221.6300048828125,225.47999572753903,221.52000427246097,222.3800048828125,36615400,221.13546752929688
2024-09-06,AAPL,223.9499969482422,225.2400054931641,219.77000427246097,220.82000732421875,48423000,219.58419799804688
2024-09-09,AAPL,220.82000732421875,221.27000427246097,216.7100067138672,220.91000366210935,67180000,219.6737060546875
2024-09-10,AAPL,218.9199981689453,221.47999572753903,216.72999572753903,220.11000061035156,51591000,218.8781585693359
2024-09-11,AAPL,221.4600067138672,223.08999633789065,217.88999938964844,222.66000366210935,44587100,221.41390991210935
2024-09-12,AAPL,222.5,223.5500030517578,219.82000732421875,222.77000427246097,37455600,221.52330017089844
2024-09-13,AAPL,223.5800018310547,224.0399932861328,221.91000366210935,222.5,36766600,221.2547912597656
2024-09-16,AAPL,216.5399932861328,217.22000122070312,213.9199981689453,216.32000732421875,59357400,215.109375
2024-09-17,AAPL,215.75,216.8999938964844,214.5,216.7899932861328,45519300,215.57672119140625
2024-09-18,AAPL,217.5500030517578,222.7100067138672,217.5399932861328,220.69000244140625,59894900,219.45492553710935
2024-09-19,AAPL,224.9900054931641,229.82000732421875,224.6300048828125,228.8699951171875,66781300,227.58914184570312
2024-09-20,AAPL,229.97000122070312,233.08999633789065,227.6199951171875,228.1999969482422,318679900,226.9228973388672
2024-09-23,AAPL,227.33999633789065,229.4499969482422,225.80999755859375,226.47000122070312,54146000,225.20257568359375
2024-09-24,AAPL,228.6499938964844,229.3500061035156,225.72999572753903,227.3699951171875,43556100,226.0975341796875
2024-09-25,AAPL,224.92999267578125,227.2899932861328,224.02000427246097,226.3699951171875,42308700,225.10313415527344
2024-09-26,AAPL,227.3000030517578,228.5,225.41000366210935,227.52000427246097,36636700,226.24668884277344
2024-09-27,AAPL,228.4600067138672,229.52000427246097,227.3000030517578,227.7899932861328,34026000,226.51516723632812
2024-09-30,AAPL,230.0399932861328,233.0,229.6499938964844,233.0,54541900,231.6960296630859
2024-10-01,AAPL,229.52000427246097,229.6499938964844,223.7400054931641,226.2100067138672,63285000,224.9440155029297
2024-10-02,AAPL,225.88999938964844,227.3699951171875,223.02000427246097,226.77999877929688,32880600,225.5108337402344
2024-10-03,AAPL,225.13999938964844,226.80999755859375,223.32000732421875,225.6699981689453,34044200,224.40704345703125
2024-10-04,AAPL,227.8999938964844,228.0,224.1300048828125,226.8000030517578,37245100,225.53073120117188
2024-10-07,AAPL,224.5,225.69000244140625,221.3300018310547,221.69000244140625,39505400,220.4493408203125
2024-10-08,AAPL,224.3000030517578,225.97999572753903,223.25,225.77000427246097,31855700,224.50650024414065
2024-10-09,AAPL,225.22999572753903,229.75,224.8300018310547,229.5399932861328,33591100,228.25540161132812
2024-10-10,AAPL,227.77999877929688,229.5,227.1699981689453,229.0399932861328,28183500,227.75816345214844
2024-10-11,AAPL,229.3000030517578,229.41000366210935,227.33999633789065,227.5500030517578,31759200,226.27655029296875
2024-10-14,AAPL,228.6999969482422,231.72999572753903,228.6000061035156,231.3000030517578,39882100,230.00555419921875
2024-10-15,AAPL,233.61000061035156,237.4900054931641,232.3699951171875,233.8500061035156,64751400,232.54129028320312
2024-10-16,AAPL,231.6000061035156,232.1199951171875,229.83999633789065,231.77999877929688,34082200,230.48284912109375
2024-10-17,AAPL,233.42999267578125,233.8500061035156,230.52000427246097,232.1499938964844,32993800,230.8507843017578
2024-10-18,AAPL,236.17999267578125,236.17999267578125,234.0099945068359,235.0,46431500,233.6848297119141
2024-10-21,AAPL,234.4499969482422,236.8500061035156,234.4499969482422,236.47999572753903,36254500,235.15655517578125
2024-10-22,AAPL,233.88999938964844,236.22000122070312,232.6000061035156,235.86000061035156,38846600,234.5400390625
2024-10-23,AAPL,234.0800018310547,235.13999938964844,227.7599945068359,230.7599945068359,52287000,229.46856689453125
2024-10-24,AAPL,229.97999572753903,230.82000732421875,228.41000366210935,230.57000732421875,31109500,229.27963256835935
2024-10-25,AAPL,229.7400054931641,233.22000122070312,229.57000732421875,231.41000366210935,38802300,230.1149444580078
2024-10-28,AAPL,233.32000732421875,234.72999572753903,232.5500030517578,233.3999938964844,36087100,232.09378051757812
2024-10-29,AAPL,233.1000061035156,234.3300018310547,232.32000732421875,233.6699981689453,35417200,232.36227416992188
2024-10-30,AAPL,232.61000061035156,233.47000122070312,229.5500030517578,230.1000061035156,47070900,228.8122711181641
2024-10-31,AAPL,229.33999633789065,229.8300018310547,225.3699951171875,225.91000366210935,64370100,224.6457061767578
2024-11-01,AAPL,220.97000122070312,225.3500061035156,220.27000427246097,222.91000366210935,65276700,221.6625213623047
2024-11-04,AAPL,220.9900054931641,222.7899932861328,219.7100067138672,222.0099945068359,44944500,220.7675323486328
2024-11-05,AAPL,221.8000030517578,223.9499969482422,221.13999938964844,223.4499969482422,28111300,222.19949340820312
2024-11-06,AAPL,222.61000061035156,226.07000732421875,221.19000244140625,222.72000122070312,54561100,221.47357177734375
2024-11-07,AAPL,224.6300048828125,227.8800048828125,224.57000732421875,227.47999572753903,42137700,226.20692443847656
2024-11-08,AAPL,227.1699981689453,228.66000366210935,226.41000366210935,226.9600067138672,38328800,225.93814086914065
2024-11-11,AAPL,225.0,225.6999969482422,221.5,224.22999572753903,42005600,223.2204437255859
2024-11-12,AAPL,224.5500030517578,225.58999633789065,223.36000061035156,224.22999572753903,40398300,223.2204437255859
2024-11-13,AAPL,224.0099945068359,226.6499938964844,222.7599945068359,225.1199951171875,48566200,224.10641479492188
2024-11-14,AAPL,225.02000427246097,228.8699951171875,225.0,228.22000122070312,44923900,227.1924591064453
2024-11-15,AAPL,226.3999938964844,226.9199981689453,224.27000427246097,225.0,47923700,223.98695373535156
2024-11-18,AAPL,225.25,229.7400054931641,225.1699981689453,228.02000427246097,44633700,226.9933624267578
2024-11-19,AAPL,226.97999572753903,230.16000366210935,226.66000366210935,228.27999877929688,36211800,227.252197265625
2024-11-20,AAPL,228.05999755859375,229.92999267578125,225.88999938964844,229.0,35169600,227.9689483642578
2024-11-21,AAPL,228.8800048828125,230.16000366210935,225.7100067138672,228.52000427246097,42108300,227.49110412597656
2024-11-22,AAPL,228.05999755859375,230.72000122070312,228.05999755859375,229.8699951171875,38168300,228.8350372314453
2024-11-25,AAPL,231.4600067138672,233.25,229.7400054931641,232.8699951171875,90152800,231.8215179443359
2024-11-26,AAPL,233.3300018310547,235.57000732421875,233.3300018310547,235.05999755859375,45986200,234.0016632080078
2024-11-27,AAPL,234.47000122070312,235.69000244140625,233.80999755859375,234.92999267578125,33498400,233.87225341796875
2024-11-29,AAPL,234.80999755859375,237.80999755859375,233.97000122070312,237.3300018310547,28481400,236.26144409179688
2024-12-02,AAPL,237.27000427246097,240.7899932861328,237.16000366210935,239.58999633789065,48137100,238.51126098632812
2024-12-03,AAPL,239.80999755859375,242.7599945068359,238.8999938964844,242.6499938964844,38861000,241.5574951171875
2024-12-04,AAPL,242.8699951171875,244.11000061035156,241.25,243.0099945068359,44383900,241.91586303710935
2024-12-05,AAPL,243.9900054931641,244.5399932861328,242.1300048828125,243.0399932861328,40033900,241.94573974609375
2024-12-06,AAPL,242.91000366210935,244.6300048828125,242.0800018310547,242.83999633789065,36870600,241.74664306640625
2024-12-09,AAPL,241.8300018310547,247.2400054931641,241.75,246.75,44649200,245.63902282714844
2024-12-10,AAPL,246.88999938964844,248.2100067138672,245.33999633789065,247.77000427246097,36914800,246.65444946289065
2024-12-11,AAPL,247.9600067138672,250.8000030517578,246.2599945068359,246.4900054931641,45205800,245.3802032470703
2024-12-12,AAPL,246.88999938964844,248.7400054931641,245.67999267578125,247.9600067138672,32777500,246.84361267089844
2024-12-13,AAPL,247.82000732421875,249.2899932861328,246.2400054931641,248.1300048828125,33155300,247.0128173828125
2024-12-16,AAPL,247.9900054931641,251.3800048828125,247.6499938964844,251.0399932861328,51694800,249.9097137451172
2024-12-17,AAPL,250.0800018310547,253.8300018310547,249.77999877929688,253.47999572753903,51356400,252.33872985839844
2024-12-18,AAPL,252.16000366210935,254.27999877929688,247.7400054931641,248.0500030517578,56774100,246.9331817626953
2024-12-19,AAPL,247.5,252.0,247.08999633789065,249.7899932861328,60882300,248.66534423828125
2024-12-20,AAPL,248.0399932861328,255.0,245.69000244140625,254.4900054931641,147495300,253.3441925048828
2024-12-23,AAPL,254.77000427246097,255.6499938964844,253.4499969482422,255.27000427246097,40858800,254.1206970214844
2024-12-24,AAPL,255.4900054931641,258.2099914550781,255.2899932861328,258.20001220703125,23234700,257.0374755859375
2024-12-26,AAPL,258.19000244140625,260.1000061035156,257.6300048828125,259.0199890136719,27237100,257.853759765625
2024-12-27,AAPL,257.8299865722656,258.70001220703125,253.05999755859375,255.58999633789065,42355300,254.4392242431641
2024-12-30,AAPL,252.22999572753903,253.5,250.75,252.1999969482422,35557500,251.0644989013672
2024-12-31,AAPL,252.44000244140625,253.27999877929688,249.42999267578125,250.4199981689453,39480700,249.29251098632812
2025-01-02,AAPL,248.92999267578125,249.1000061035156,241.82000732421875,243.8500061035156,55740700,242.75210571289065
2025-01-03,AAPL,243.36000061035156,244.17999267578125,241.88999938964844,243.36000061035156,40244100,242.26429748535156
2025-01-06,AAPL,244.30999755859375,247.3300018310547,243.1999969482422,245.0,45045600,243.89691162109375
2025-01-07,AAPL,242.97999572753903,245.5500030517578,241.3500061035156,242.2100067138672,40856000,241.11949157714844
2025-01-08,AAPL,241.9199981689453,243.7100067138672,240.0500030517578,242.6999969482422,37628900,241.60726928710935
2025-01-10,AAPL,240.0099945068359,240.16000366210935,233.0,236.8500061035156,61710900,235.7836151123047
2025-01-13,AAPL,233.52999877929688,234.6699981689453,229.72000122070312,234.3999938964844,49630700,233.3446502685547
2025-01-14,AAPL,234.75,236.1199951171875,232.47000122070312,233.27999877929688,39435300,232.22967529296875
2025-01-15,AAPL,234.63999938964844,238.9600067138672,234.42999267578125,237.8699951171875,39832000,236.79901123046875
2025-01-16,AAPL,237.3500061035156,238.0099945068359,228.02999877929688,228.2599945068359,71759100,227.2322998046875
2025-01-17,AAPL,232.1199951171875,232.2899932861328,228.47999572753903,229.97999572753903,68488300,228.9445343017578
2025-01-21,AAPL,224.0,224.4199981689453,219.3800048828125,222.63999938964844,98070400,221.63758850097656
2025-01-22,AAPL,219.7899932861328,224.1199951171875,219.7899932861328,223.8300018310547,64126500,222.8222198486328
2025-01-23,AAPL,224.7400054931641,227.02999877929688,222.3000030517578,223.66000366210935,60234800,222.65301513671875
2025-01-24,AAPL,224.77999877929688,225.6300048828125,221.41000366210935,222.77999877929688,54697900,221.7769470214844
2025-01-27,AAPL,224.02000427246097,232.1499938964844,223.97999572753903,229.86000061035156,94863400,228.82508850097656
2025-01-28,AAPL,230.8500061035156,240.19000244140625,230.80999755859375,238.2599945068359,75707600,237.1872406005859
2025-01-29,AAPL,234.1199951171875,239.86000061035156,234.0099945068359,239.36000061035156,45486100,238.2823181152344
2025-01-30,AAPL,238.6699981689453,240.7899932861328,237.2100067138672,237.58999633789065,55658300,236.5202789306641
2025-01-31,AAPL,247.19000244140625,247.19000244140625,233.44000244140625,236.0,100959800,234.93743896484375
2025-02-03,AAPL,229.9900054931641,231.8300018310547,225.6999969482422,228.0099945068359,73063300,226.98341369628903
2025-02-04,AAPL,227.25,233.1300048828125,226.6499938964844,232.8000030517578,45067300,231.7518615722656
2025-02-05,AAPL,228.52999877929688,232.6699981689453,228.27000427246097,232.47000122070312,39620300,231.42333984375
2025-02-06,AAPL,231.2899932861328,233.8000030517578,230.42999267578125,233.22000122070312,29925300,232.16995239257812
2025-02-07,AAPL,232.6000061035156,234.0,227.2599945068359,227.6300048828125,39707200,226.60513305664065
2025-02-10,AAPL,229.57000732421875,230.58999633789065,227.1999969482422,227.6499938964844,33115600,226.8741912841797
2025-02-11,AAPL,228.1999969482422,235.22999572753903,228.1300048828125,232.6199951171875,53718400,231.82725524902344
2025-02-12,AAPL,231.1999969482422,236.9600067138672,230.67999267578125,236.8699951171875,45243300,236.06277465820312
2025-02-13,AAPL,236.91000366210935,242.33999633789065,235.57000732421875,241.52999877929688,53614100,240.70689392089844
2025-02-14,AAPL,241.25,245.5500030517578,240.9900054931641,244.6000061035156,40896200,243.7664337158203
2025-02-18,AAPL,244.1499938964844,245.17999267578125,241.83999633789065,244.47000122070312,48822500,243.6368865966797
2025-02-19,AAPL,244.66000366210935,246.0099945068359,243.16000366210935,244.8699951171875,32204200,244.03550720214844
2025-02-20,AAPL,244.94000244140625,246.77999877929688,244.2899932861328,245.8300018310547,32316900,244.9922637939453
2025-02-21,AAPL,245.9499969482422,248.69000244140625,245.22000122070312,245.5500030517578,53197400,244.71319580078125
2025-02-24,AAPL,244.92999267578125,248.86000061035156,244.4199981689453,247.1000061035156,51326400,246.25791931152344
2025-02-25,AAPL,248.0,250.0,244.91000366210935,247.0399932861328,48013300,246.1981201171875
2025-02-26,AAPL,244.3300018310547,244.97999572753903,239.1300048828125,240.36000061035156,44433600,239.5408935546875
2025-02-27,AAPL,239.41000366210935,242.4600067138672,237.05999755859375,237.3000030517578,41153600,236.49131774902344
2025-02-28,AAPL,236.9499969482422,242.08999633789065,230.1999969482422,241.83999633789065,56833400,241.01583862304688
2025-03-03,AAPL,241.7899932861328,244.02999877929688,236.11000061035156,238.02999877929688,47184000,237.21881103515625
2025-03-04,AAPL,237.7100067138672,240.07000732421875,234.67999267578125,235.92999267578125,53798100,235.1259765625
2025-03-05,AAPL,235.4199981689453,236.5500030517578,229.22999572753903,235.7400054931641,47227600,234.93663024902344
2025-03-06,AAPL,234.44000244140625,237.86000061035156,233.16000366210935,235.3300018310547,45170400,234.5280303955078
2025-03-07,AAPL,235.11000061035156,241.3699951171875,234.7599945068359,239.07000732421875,46273600,238.2552947998047
2025-03-10,AAPL,235.5399932861328,236.16000366210935,224.22000122070312,227.47999572753903,72071200,226.70477294921875
2025-03-11,AAPL,223.80999755859375,225.83999633789065,217.4499969482422,220.83999633789065,76137400,220.08740234375
2025-03-12,AAPL,220.13999938964844,221.75,214.91000366210935,216.97999572753903,62547500,216.2405548095703
2025-03-13,AAPL,215.9499969482422,216.83999633789065,208.4199981689453,209.67999267578125,61368300,208.9654235839844
2025-03-14,AAPL,211.25,213.9499969482422,209.5800018310547,213.4900054931641,60107600,212.762451171875
2025-03-17,AAPL,213.30999755859375,215.22000122070312,209.97000122070312,214.0,48073400,213.27072143554688
2025-03-18,AAPL,214.16000366210935,215.1499938964844,211.4900054931641,212.69000244140625,42432400,211.96519470214844
2025-03-19,AAPL,214.22000122070312,218.7599945068359,213.75,215.2400054931641,54385400,214.50648498535156
2025-03-20,AAPL,213.9900054931641,217.4900054931641,212.22000122070312,214.1000061035156,48862900,213.37039184570312
2025-03-21,AAPL,211.55999755859375,218.83999633789065,211.27999877929688,218.27000427246097,94127800,217.52618408203125
2025-03-24,AAPL,221.0,221.47999572753903,218.5800018310547,220.72999572753903,44299500,219.977783203125
2025-03-25,AAPL,220.77000427246097,224.1000061035156,220.0800018310547,223.75,34493600,222.9875030517578
2025-03-26,AAPL,223.5099945068359,225.02000427246097,220.47000122070312,221.52999877929688,34466100,220.77505493164065
2025-03-27,AAPL,221.38999938964844,224.9900054931641,220.55999755859375,223.8500061035156,37094800,223.087158203125
2025-03-28,AAPL,221.6699981689453,223.80999755859375,217.67999267578125,217.8999938964844,39818600,217.1574249267578
2025-03-31,AAPL,217.0099945068359,225.6199951171875,216.22999572753903,222.1300048828125,65299300,221.37301635742188
2025-04-01,AAPL,219.80999755859375,223.67999267578125,218.8999938964844,223.19000244140625,36412700,222.42941284179688
2025-04-02,AAPL,221.32000732421875,225.19000244140625,221.02000427246097,223.88999938964844,35905900,223.1270294189453
2025-04-03,AAPL,205.5399932861328,207.4900054931641,201.25,203.19000244140625,103419000,202.49754333496097
2025-04-04,AAPL,193.88999938964844,199.8800048828125,187.33999633789065,188.3800048828125,125910900,187.738037109375
2025-04-07,AAPL,177.1999969482422,194.1499938964844,174.6199951171875,181.4600067138672,160466300,180.84161376953125
2025-04-08,AAPL,186.6999969482422,190.33999633789065,169.2100067138672,172.4199981689453,120859500,171.8323974609375
2025-04-09,AAPL,171.9499969482422,200.61000061035156,171.88999938964844,198.8500061035156,184395900,198.17234802246097
2025-04-10,AAPL,189.07000732421875,194.77999877929688,183.0,190.4199981689453,121880000,189.7710723876953
2025-04-11,AAPL,186.1000061035156,199.5399932861328,186.05999755859375,198.1499938964844,87435900,197.47471618652344
2025-04-14,AAPL,211.44000244140625,212.94000244140625,201.16000366210935,202.52000427246097,101352900,201.8298492431641
2025-04-15,AAPL,201.86000061035156,203.5099945068359,199.8000030517578,202.13999938964844,51343900,201.4511260986328
2025-04-16,AAPL,198.36000061035156,200.6999969482422,192.3699951171875,194.27000427246097,59732400,193.6079559326172
2025-04-17,AAPL,197.1999969482422,198.8300018310547,194.4199981689453,196.97999572753903,52164700,196.3087158203125
2025-04-21,AAPL,193.27000427246097,193.8000030517578,189.80999755859375,193.16000366210935,46742500,192.50173950195312
2025-04-22,AAPL,196.1199951171875,201.58999633789065,195.97000122070312,199.7400054931641,52976400,199.059326171875
2025-04-23,AAPL,206.0,208.0,202.8000030517578,204.6000061035156,52929200,203.9027557373047
2025-04-24,AAPL,204.88999938964844,208.8300018310547,202.94000244140625,208.3699951171875,47311000,207.6598968505859
2025-04-25,AAPL,206.3699951171875,209.75,206.1999969482422,209.27999877929688,38222300,208.5668029785156
2025-04-28,AAPL,210.0,211.5,207.4600067138672,210.13999938964844,38743100,209.4238739013672
2025-04-29,AAPL,208.69000244140625,212.2400054931641,208.3699951171875,211.2100067138672,36827600,210.490234375
2025-04-30,AAPL,209.3000030517578,213.5800018310547,206.6699981689453,212.5,52286500,211.7758331298828
2025-05-01,AAPL,209.0800018310547,214.55999755859375,208.8999938964844,213.32000732421875,57365700,212.59304809570312
2025-05-02,AAPL,206.08999633789065,206.9900054931641,202.16000366210935,205.3500061035156,101010600,204.65020751953125
2025-05-05,AAPL,203.1000061035156,204.1000061035156,198.2100067138672,198.88999938964844,69018500,198.21221923828125
2025-05-06,AAPL,198.2100067138672,200.6499938964844,197.02000427246097,198.5099945068359,51216500,197.83351135253903
2025-05-07,AAPL,199.1699981689453,199.44000244140625,193.25,196.25,68536700,195.58120727539065
2025-05-08,AAPL,197.72000122070312,200.0500030517578,194.67999267578125,197.4900054931641,50478900,196.8169860839844
2025-05-09,AAPL,199.0,200.5399932861328,197.5399932861328,198.52999877929688,36453900,197.8534393310547
2025-05-12,AAPL,210.97000122070312,211.27000427246097,206.75,210.7899932861328,63775800,210.34713745117188
2025-05-13,AAPL,210.42999267578125,213.3999938964844,209.0,212.92999267578125,51909300,212.48263549804688
2025-05-14,AAPL,212.42999267578125,213.94000244140625,210.5800018310547,212.3300018310547,49325800,211.88389587402344
2025-05-15,AAPL,210.9499969482422,212.9600067138672,209.5399932861328,211.4499969482422,45029500,211.00575256347656
2025-05-16,AAPL,212.36000061035156,212.57000732421875,209.77000427246097,211.2599945068359,54737900,210.8161468505859
2025-05-19,AAPL,207.91000366210935,209.47999572753903,204.2599945068359,208.77999877929688,46140500,208.3413543701172
2025-05-20,AAPL,207.6699981689453,208.47000122070312,205.02999877929688,206.86000061035156,42496600,206.42539978027344
2025-05-21,AAPL,205.1699981689453,207.0399932861328,200.7100067138672,202.08999633789065,59211800,201.6654052734375
2025-05-22,AAPL,200.7100067138672,202.75,199.6999969482422,201.36000061035156,46742400,200.9369354248047
2025-05-23,AAPL,193.6699981689453,197.6999969482422,193.4600067138672,195.27000427246097,78432900,194.85975646972656
2025-05-27,AAPL,198.3000030517578,200.7400054931641,197.42999267578125,200.2100067138672,56288500,199.78936767578125
2025-05-28,AAPL,200.58999633789065,202.72999572753903,199.8999938964844,200.4199981689453,45339700,199.99891662597656
2025-05-29,AAPL,203.5800018310547,203.80999755859375,198.5099945068359,199.9499969482422,51396800,199.5299072265625
2025-05-30,AAPL,199.3699951171875,201.9600067138672,196.77999877929688,200.8500061035156,70819900,200.4280242919922
2025-06-02,AAPL,200.27999877929688,202.1300048828125,200.1199951171875,201.6999969482422,35423300,201.27622985839844
2025-06-03,AAPL,201.3500061035156,203.77000427246097,200.9600067138672,203.27000427246097,46381600,202.84292602539065
2025-06-04,AAPL,202.91000366210935,206.2400054931641,202.1000061035156,202.82000732421875,43604000,202.39389038085935
2025-06-05,AAPL,203.5,204.75,200.1499938964844,200.6300048828125,55126100,200.20849609375
2025-06-06,AAPL,203.0,205.6999969482422,202.0500030517578,203.9199981689453,46607700,203.49156188964844
2025-06-09,AAPL,204.38999938964844,206.0,200.02000427246097,201.4499969482422,72862600,201.0267639160156
2025-06-10,AAPL,200.6000061035156,204.3500061035156,200.57000732421875,202.6699981689453,54672600,202.2441864013672
2025-06-11,AAPL,203.5,204.5,198.41000366210935,198.77999877929688,60989900,198.36236572265625
2025-06-12,AAPL,199.0800018310547,199.67999267578125,197.36000061035156,199.1999969482422,43904600,198.7814788818359
2025-06-13,AAPL,199.72999572753903,200.3699951171875,195.6999969482422,196.4499969482422,51447300,196.03726196289065
2025-06-16,AAPL,197.3000030517578,198.69000244140625,196.55999755859375,198.4199981689453,43020700,198.0031280517578
2025-06-17,AAPL,197.1999969482422,198.38999938964844,195.2100067138672,195.63999938964844,38856200,195.2289581298828
2025-06-18,AAPL,195.94000244140625,197.57000732421875,195.07000732421875,196.5800018310547,45394700,196.16697692871097
2025-06-20,AAPL,198.2400054931641,201.6999969482422,196.86000061035156,201.0,96813500,200.57769775390625
2025-06-23,AAPL,201.6300048828125,202.3000030517578,198.9600067138672,201.5,55814300,201.07666015625
2025-06-24,AAPL,202.58999633789065,203.44000244140625,200.1999969482422,200.3000030517578,54064000,199.87918090820312
2025-06-25,AAPL,201.4499969482422,203.6699981689453,200.6199951171875,201.55999755859375,39525700,201.13653564453125
2025-06-26,AAPL,201.42999267578125,202.63999938964844,199.4600067138672,201.0,50799100,200.57769775390625
2025-06-27,AAPL,201.88999938964844,203.22000122070312,200.0,201.0800018310547,73188600,200.65753173828125
2025-06-30,AAPL,202.0099945068359,207.38999938964844,199.2599945068359,205.1699981689453,91912800,204.7389373779297
2025-07-01,AAPL,206.6699981689453,210.19000244140625,206.13999938964844,207.82000732421875,78788900,207.3833770751953
2025-07-02,AAPL,208.91000366210935,213.33999633789065,208.13999938964844,212.44000244140625,67941800,211.99366760253903
2025-07-03,AAPL,212.1499938964844,214.6499938964844,211.80999755859375,213.5500030517578,34955800,213.10134887695312
2025-07-07,AAPL,212.67999267578125,216.22999572753903,208.8000030517578,209.9499969482422,50229000,209.50889587402344
2025-07-08,AAPL,210.1000061035156,211.42999267578125,208.4499969482422,210.0099945068359,42848900,209.5687713623047
2025-07-09,AAPL,209.52999877929688,211.3300018310547,207.22000122070312,211.13999938964844,48749400,210.69639587402344
2025-07-10,AAPL,210.5099945068359,213.47999572753903,210.02999877929688,212.41000366210935,44443600,211.96372985839844
2025-07-11,AAPL,210.57000732421875,212.1300048828125,209.86000061035156,211.16000366210935,39765800,210.7163543701172
2025-07-14,AAPL,209.92999267578125,210.91000366210935,207.5399932861328,208.6199951171875,38840100,208.1816864013672
2025-07-15,AAPL,209.22000122070312,211.88999938964844,208.9199981689453,209.11000061035156,42296300,208.6706695556641
2025-07-16,AAPL,210.3000030517578,212.3999938964844,208.63999938964844,210.16000366210935,47490500,209.71847534179688
2025-07-17,AAPL,210.57000732421875,211.8000030517578,209.58999633789065,210.02000427246097,48068100,209.57875061035156
2025-07-18,AAPL,210.8699951171875,211.7899932861328,209.6999969482422,211.17999267578125,48974600,210.73631286621097
2025-07-21,AAPL,212.1000061035156,215.77999877929688,211.6300048828125,212.47999572753903,51377400,212.0335693359375
2025-07-22,AAPL,213.13999938964844,214.9499969482422,212.22999572753903,214.3999938964844,46404100,213.94955444335935
2025-07-23,AAPL,215.0,215.1499938964844,212.41000366210935,214.1499938964844,46989300,213.7000732421875
2025-07-24,AAPL,213.8999938964844,215.69000244140625,213.52999877929688,213.7599945068359,46022600,213.31088256835935
2025-07-25,AAPL,214.6999969482422,215.2400054931641,213.3999938964844,213.8800048828125,40268800,213.43064880371097
2025-07-28,AAPL,214.02999877929688,214.8500061035156,213.05999755859375,214.0500030517578,37858000,213.6002960205078
2025-07-29,AAPL,214.17999267578125,214.80999755859375,210.82000732421875,211.27000427246097,51411700,210.8261260986328
2025-07-30,AAPL,211.8999938964844,212.38999938964844,207.72000122070312,209.0500030517578,45512500,208.6107940673828
2025-07-31,AAPL,208.4900054931641,209.83999633789065,207.16000366210935,207.57000732421875,80698400,207.1339111328125
2025-08-01,AAPL,210.8699951171875,213.5800018310547,201.5,202.3800048828125,104434500,201.9548187255859
2025-08-04,AAPL,204.5099945068359,207.8800048828125,201.67999267578125,203.3500061035156,75109300,202.9227752685547
2025-08-05,AAPL,203.3999938964844,205.33999633789065,202.16000366210935,202.9199981689453,44155100,202.49366760253903
2025-08-06,AAPL,205.6300048828125,215.3800048828125,205.58999633789065,213.25,108483100,212.80197143554688
2025-08-07,AAPL,218.8800048828125,220.8500061035156,216.5800018310547,220.02999877929688,90224800,219.56771850585935
2025-08-08,AAPL,220.8300018310547,231.0,219.25,229.3500061035156,113854000,228.86814880371097
2025-08-11,AAPL,227.9199981689453,229.55999755859375,224.7599945068359,227.17999267578125,61806100,226.95997619628903
2025-08-12,AAPL,228.0099945068359,230.8000030517578,227.07000732421875,229.6499938964844,55626200,229.42758178710935
2025-08-13,AAPL,231.07000732421875,235.0,230.42999267578125,233.3300018310547,69878500,233.10403442382812
2025-08-14,AAPL,234.05999755859375,235.1199951171875,230.8500061035156,232.77999877929688,51916300,232.5545654296875
2025-08-15,AAPL,234.0,234.27999877929688,229.33999633789065,231.58999633789065,56038700,231.36570739746097
2025-08-18,AAPL,231.6999969482422,233.1199951171875,230.11000061035156,230.88999938964844,37476200,230.66639709472656
2025-08-19,AAPL,231.27999877929688,232.8699951171875,229.3500061035156,230.55999755859375,39402600,230.3367156982422
2025-08-20,AAPL,229.97999572753903,230.47000122070312,225.77000427246097,226.0099945068359,42263900,225.7911071777344
2025-08-21,AAPL,226.27000427246097,226.52000427246097,223.77999877929688,224.8999938964844,30621200,224.68218994140625
2025-08-22,AAPL,226.1699981689453,229.08999633789065,225.41000366210935,227.7599945068359,42477800,227.53941345214844
2025-08-25,AAPL,226.47999572753903,229.3000030517578,226.22999572753903,227.16000366210935,30983100,226.94000244140625
2025-08-26,AAPL,226.8699951171875,229.4900054931641,224.69000244140625,229.30999755859375,54575100,229.08792114257812
2025-08-27,AAPL,228.61000061035156,230.8999938964844,228.2599945068359,230.4900054931641,31259500,230.26678466796875
2025-08-28,AAPL,230.82000732421875,233.41000366210935,229.33999633789065,232.55999755859375,38074700,232.33477783203125
2025-08-29,AAPL,232.5099945068359,233.3800048828125,231.3699951171875,232.13999938964844,39418400,231.91517639160156
2025-09-02,AAPL,229.25,230.8500061035156,226.97000122070312,229.72000122070312,44075600,229.49752807617188
2025-09-03,AAPL,237.2100067138672,238.8500061035156,234.36000061035156,238.47000122070312,66427800,238.2390594482422
2025-09-04,AAPL,238.4499969482422,239.8999938964844,236.7400054931641,239.77999877929688,47549400,239.5477752685547
2025-09-05,AAPL,240.0,241.32000732421875,238.4900054931641,239.69000244140625,54870400,239.45787048339844
2025-09-08,AAPL,239.3000030517578,240.1499938964844,236.33999633789065,237.8800048828125,48999500,237.64962768554688
2025-09-09,AAPL,237.0,238.77999877929688,233.36000061035156,234.3500061035156,66313900,234.123046875
2025-09-10,AAPL,232.19000244140625,232.4199981689453,225.9499969482422,226.7899932861328,83440800,226.5703582763672
2025-09-11,AAPL,226.8800048828125,230.4499969482422,226.6499938964844,230.02999877929688,50208600,229.8072204589844
2025-09-12,AAPL,229.22000122070312,234.5099945068359,229.02000427246097,234.07000732421875,55824200,233.84332275390625
2025-09-15,AAPL,237.0,238.19000244140625,235.02999877929688,236.6999969482422,42699500,236.47076416015625
2025-09-16,AAPL,237.17999267578125,241.22000122070312,236.32000732421875,238.1499938964844,63421100,237.9193572998047
2025-09-17,AAPL,238.97000122070312,240.1000061035156,237.72999572753903,238.9900054931641,46508000,238.7585601806641
2025-09-18,AAPL,239.97000122070312,241.1999969482422,236.6499938964844,237.8800048828125,44249600,237.64962768554688
2025-09-19,AAPL,241.22999572753903,246.3000030517578,240.2100067138672,245.5,163741300,245.26223754882812
2025-09-22,AAPL,248.3000030517578,256.6400146484375,248.1199951171875,256.0799865722656,105517400,255.8319854736328
2025-09-23,AAPL,255.8800048828125,257.3399963378906,253.5800018310547,254.42999267578125,60275200,254.18359375
2025-09-24,AAPL,255.22000122070312,255.7400054931641,251.0399932861328,252.30999755859375,42303700,252.06564331054688
2025-09-25,AAPL,253.2100067138672,257.1700134277344,251.7100067138672,256.8699951171875,55202100,256.6212158203125
2025-09-26,AAPL,254.1000061035156,257.6000061035156,253.77999877929688,255.4600067138672,46076300,255.2126007080078
2025-09-29,AAPL,254.55999755859375,255.0,253.0099945068359,254.42999267578125,40127700,254.18359375
2025-09-30,AAPL,254.86000061035156,255.9199981689453,253.11000061035156,254.6300048828125,37704300,254.38340759277344
2025-10-01,AAPL,255.0399932861328,258.7900085449219,254.92999267578125,255.4499969482422,48713900,255.20260620117188
2025-10-02,AAPL,256.5799865722656,258.17999267578125,254.1499938964844,257.1300048828125,42630200,256.8809814453125
2025-10-03,AAPL,254.6699981689453,259.239990234375,253.9499969482422,258.0199890136719,49155600,257.7701110839844
2025-10-06,AAPL,257.989990234375,259.07000732421875,255.0500030517578,256.69000244140625,44664100,256.44140625
2025-10-07,AAPL,256.80999755859375,257.3999938964844,255.42999267578125,256.4800109863281,31955800,256.23162841796875
2025-10-08,AAPL,256.5199890136719,258.5199890136719,256.1099853515625,258.05999755859375,36496900,257.8100891113281
2025-10-09,AAPL,257.80999755859375,258.0,253.13999938964844,254.0399932861328,38322000,253.79396057128903
2025-10-10,AAPL,254.94000244140625,256.3800048828125,244.0,245.27000427246097,61999100,245.032470703125
2025-10-13,AAPL,249.3800048828125,249.69000244140625,245.55999755859375,247.66000366210935,38142900,247.4201507568359
2025-10-14,AAPL,246.6000061035156,248.8500061035156,244.6999969482422,247.77000427246097,35478000,247.5300445556641
2025-10-15,AAPL,249.4900054931641,251.82000732421875,247.47000122070312,249.33999633789065,33893600,249.09852600097656
2025-10-16,AAPL,248.25,249.0399932861328,245.1300048828125,247.4499969482422,39777000,247.2103576660156
2025-10-17,AAPL,248.02000427246097,253.3800048828125,247.27000427246097,252.2899932861328,49147000,252.045654296875
2025-10-20,AAPL,255.88999938964844,264.3800048828125,255.6300048828125,262.239990234375,90483000,261.98602294921875
2025-10-21,AAPL,261.8800048828125,265.2900085449219,261.8299865722656,262.7699890136719,46695900,262.5155029296875
2025-10-22,AAPL,262.6499938964844,262.8500061035156,255.42999267578125,258.45001220703125,45015300,258.19970703125
2025-10-23,AAPL,259.94000244140625,260.6199951171875,258.010009765625,259.5799865722656,32754900,259.3285827636719
2025-10-24,AAPL,261.19000244140625,264.1300048828125,259.17999267578125,262.82000732421875,38253700,262.56549072265625
2025-10-27,AAPL,264.8800048828125,269.1199951171875,264.6499938964844,268.80999755859375,44888200,268.5496520996094
2025-10-28,AAPL,268.989990234375,269.8900146484375,268.1499938964844,269.0,41534800,268.7394714355469
2025-10-29,AAPL,269.2799987792969,271.4100036621094,267.1099853515625,269.70001220703125,51086700,269.4388122558594
2025-10-30,AAPL,271.989990234375,274.1400146484375,268.4800109863281,271.3999938964844,69886500,271.13714599609375
2025-10-31,AAPL,276.989990234375,277.32000732421875,269.1600036621094,270.3699951171875,86167100,270.108154296875
2025-11-03,AAPL,270.4200134277344,270.8500061035156,266.25,269.04998779296875,50194600,268.7894287109375
2025-11-04,AAPL,268.3299865722656,271.489990234375,267.6199951171875,270.0400085449219,49274800,269.7784729003906
2025-11-05,AAPL,268.6099853515625,271.70001220703125,266.92999267578125,270.1400146484375,43683100,269.8783874511719
2025-11-06,AAPL,267.8900146484375,273.3999938964844,267.8900146484375,269.7699890136719,51204000,269.50872802734375
2025-11-07,AAPL,269.79998779296875,272.2900085449219,266.7699890136719,268.4700012207031,48227400,268.2099914550781
2025-11-10,AAPL,268.9599914550781,273.7300109863281,267.4599914550781,269.42999267578125,41312400,269.42999267578125
2025-11-11,AAPL,269.80999755859375,275.9100036621094,269.79998779296875,275.25,46208300,275.25
2025-11-12,AAPL,275.0,275.7300109863281,271.70001220703125,273.4700012207031,48398000,273.4700012207031
2025-11-13,AAPL,274.1099853515625,276.70001220703125,272.0899963378906,272.95001220703125,49602800,272.95001220703125
2025-11-14,AAPL,271.04998779296875,275.9599914550781,269.6000061035156,272.4100036621094,47431300,272.4100036621094
2025-11-17,AAPL,268.82000732421875,270.489990234375,265.7300109863281,267.4599914550781,45018300,267.4599914550781
2025-11-18,AAPL,269.989990234375,270.7099914550781,265.32000732421875,267.44000244140625,45677300,267.44000244140625
2025-11-19,AAPL,265.5299987792969,272.2099914550781,265.5,268.55999755859375,40424500,268.55999755859375
2025-11-20,AAPL,270.8299865722656,275.42999267578125,265.9200134277344,266.25,45823600,266.25
2025-11-21,AAPL,265.95001220703125,273.3299865722656,265.6700134277344,271.489990234375,59030800,271.489990234375
2025-11-24,AAPL,270.8999938964844,277.0,270.8999938964844,275.9200134277344,65585800,275.9200134277344
2025-11-25,AAPL,275.2699890136719,280.3800048828125,275.25,276.9700012207031,46914200,276.9700012207031
2025-11-26,AAPL,276.9599914550781,279.5299987792969,276.6300048828125,277.54998779296875,33431400,277.54998779296875
2025-11-28,AAPL,277.260009765625,279.0,275.989990234375,278.8500061035156,20135600,278.8500061035156
