Date,Symbol,Open,High,Low,Close,Volume,Adj Close
2020-01-02,GOOGL,67.42050170898438,68.43399810791016,67.32450103759766,68.43399810791016,27278000,67.9652328491211
2020-01-03,GOOGL,67.4000015258789,68.6875,67.36599731445312,68.07599639892578,23408000,67.60968017578125
2020-01-06,GOOGL,67.58149719238281,69.91600036621094,67.55000305175781,69.8905029296875,46768000,69.41175842285156
2020-01-07,GOOGL,70.02300262451172,70.17500305175781,69.5780029296875,69.75550079345703,34330000,69.2776870727539
2020-01-08,GOOGL,69.74099731445312,70.59249877929688,69.63150024414062,70.25199890136719,35314000,69.77079010009766
2020-01-09,GOOGL,71.09649658203125,71.43399810791016,70.510498046875,70.989501953125,33200000,70.50322723388672
2020-01-10,GOOGL,71.47350311279297,71.74700164794922,70.9800033569336,71.447998046875,26258000,70.9585952758789
2020-01-13,GOOGL,71.76249694824219,72.0739974975586,71.26850128173828,72.00150299072266,30730000,71.50830841064453
2020-01-14,GOOGL,72.0,72.13150024414062,71.38849639892578,71.52950286865234,26076000,71.03954315185547
2020-01-15,GOOGL,71.6510009765625,72.03900146484375,71.58300018310547,71.95999908447266,21550000,71.46707916259766
2020-01-16,GOOGL,72.27249908447266,72.53500366210938,72.0,72.50800323486328,26080000,72.0113296508789
2020-01-17,GOOGL,73.12699890136719,74.02749633789062,72.82749938964844,73.97599792480469,52424000,73.46927642822266
2020-01-21,GOOGL,73.94999694824219,74.49400329589844,73.510498046875,74.11250305175781,48930000,73.60484313964844
2020-01-22,GOOGL,74.48650360107422,75.02899932861328,74.13300323486328,74.19349670410156,28458000,73.68528747558594
2020-01-23,GOOGL,74.37750244140625,74.67500305175781,74.01599884033203,74.2344970703125,26650000,73.72600555419922
2020-01-24,GOOGL,74.64099884033203,74.70999908447266,73.15899658203125,73.30850219726562,29786000,72.80635833740234
2020-01-27,GOOGL,71.5770034790039,71.8290023803711,70.9749984741211,71.58650207519531,34132000,71.09614562988281
2020-01-28,GOOGL,72.08699798583984,72.73999786376953,71.51799774169922,72.5250015258789,29724000,72.0282211303711
2020-01-29,GOOGL,72.9229965209961,73.20700073242188,72.26950073242188,72.83499908447266,21566000,72.33609008789062
2020-01-30,GOOGL,71.90499877929688,72.76249694824219,71.75,72.7125015258789,27110000,72.21443176269531
2020-01-31,GOOGL,73.39299774169922,73.4834976196289,71.35299682617188,71.63899993896484,43822000,71.14827728271484
2020-02-03,GOOGL,73.0824966430664,74.31500244140625,72.83049774169922,74.12999725341797,71636000,73.62222290039062
2020-02-04,GOOGL,72.72450256347656,73.36699676513672,71.10150146484375,72.27050018310547,95880000,71.77545928955078
2020-02-05,GOOGL,73.18049621582031,73.22899627685547,71.48400115966797,72.30249786376953,36376000,71.80723571777344
2020-02-06,GOOGL,72.5989990234375,74.0780029296875,72.52400207519531,73.79850006103516,37822000,73.2929916381836
2020-02-07,GOOGL,73.36949920654297,74.26249694824219,73.27050018310547,73.95549774169922,28360000,73.44891357421875
2020-02-10,GOOGL,73.86150360107422,75.44400024414062,73.76000213623047,75.43299865722656,38302000,74.91629791259766
2020-02-11,GOOGL,75.66349792480469,76.49400329589844,75.27249908447266,75.50299835205078,34852000,74.9858169555664
2020-02-12,GOOGL,75.79299926757812,76.01499938964844,75.43350219726562,75.93150329589844,31042000,75.411376953125
2020-02-13,GOOGL,75.5,76.29750061035156,75.19999694824219,75.66950225830078,22914000,75.15118408203125
2020-02-14,GOOGL,75.72650146484375,76.00250244140625,75.27749633789062,75.9365005493164,23198000,75.41634368896484
2020-02-18,GOOGL,75.71700286865234,76.52799987792969,75.55049896240234,75.97200012207031,25642000,75.45160675048828
2020-02-19,GOOGL,76.36000061035156,76.53700256347656,76.04900360107422,76.24349975585938,22746000,75.72123718261719
2020-02-20,GOOGL,75.95050048828125,76.35350036621094,75.21299743652344,75.84950256347656,25962000,75.32994079589844
2020-02-21,GOOGL,75.22899627685547,75.54750061035156,73.92449951171875,74.1729965209961,42520000,73.6649169921875
2020-02-24,GOOGL,71.15249633789062,71.81900024414062,70.3395004272461,70.99299621582031,49560000,70.50670623779297
2020-02-25,GOOGL,71.55000305175781,71.84249877929688,69.02100372314453,69.31600189208984,51580000,68.8411865234375
2020-02-26,GOOGL,69.7490005493164,70.68350219726562,68.82749938964844,69.52349853515625,49776000,69.04727172851562
2020-02-27,GOOGL,67.95700073242188,68.47000122070312,65.71199798583984,65.74749755859375,62290000,65.29713439941406
2020-02-28,GOOGL,63.71549987792969,67.12249755859375,63.410499572753906,66.9625015258789,80198000,66.50381469726562
2020-03-02,GOOGL,67.56950378417969,69.37349700927734,66.26000213623047,69.31600189208984,55430000,68.8411865234375
2020-03-03,GOOGL,69.88400268554688,70.40950012207031,66.46199798583984,66.88600158691406,56602000,66.4278335571289
2020-03-04,GOOGL,67.947998046875,69.13899993896484,66.8499984741211,69.08000183105469,47598000,68.6068115234375
2020-03-05,GOOGL,67.27749633789062,67.68150329589844,65.08200073242188,65.73799896240234,54380000,65.28770446777344
2020-03-06,GOOGL,63.497501373291016,65.13749694824219,62.86050033569336,64.78700256347656,64640000,64.34323120117188
2020-03-09,GOOGL,60.24800109863281,62.63650131225586,59.902000427246094,60.78950119018555,69252000,60.37310028076172
2020-03-10,GOOGL,62.71950149536133,63.79249954223633,60.72549819946289,63.75849914550781,54872000,63.32176208496094
2020-03-11,GOOGL,62.41350173950195,62.84650039672851,59.55699920654297,60.54499816894531,54732000,60.130271911621094
2020-03-12,GOOGL,56.13100051879883,59.4375,55.42350006103515,55.57749938964844,94326000,55.196800231933594
2020-03-13,GOOGL,58.7495002746582,60.720001220703125,55.614498138427734,60.7135009765625,79400000,60.29762268066406
2020-03-16,GOOGL,54.480499267578125,57.27349853515625,53.354000091552734,53.650001525878906,96520000,53.28250503540039
2020-03-17,GOOGL,54.53200149536133,56.29999923706055,52.45500183105469,55.90299987792969,83194000,55.52007293701172
2020-03-18,GOOGL,52.99700164794922,55.2495002746582,51.849998474121094,54.55950164794922,93044000,54.1857795715332
2020-03-19,GOOGL,54.4109992980957,57.63050079345703,52.77750015258789,55.583499908447266,74064000,55.20276641845703
2020-03-20,GOOGL,56.54499816894531,56.92399978637695,53.10499954223633,53.410499572753906,82878000,53.04464340209961
2020-03-23,GOOGL,52.81850051879883,53.34550094604492,50.44350051879883,52.70650100708008,83672000,52.34546661376953
2020-03-24,GOOGL,55.19900131225586,56.666500091552734,54.32149887084961,56.5004997253418,72468000,56.11347579956055
2020-03-25,GOOGL,56.229000091552734,57.30849838256836,54.1505012512207,55.08100128173828,90324000,54.70370101928711
2020-03-26,GOOGL,55.73600006103515,58.57400131225586,54.60150146484375,58.145999908447266,76562000,57.74770736694336
2020-03-27,GOOGL,56.37350082397461,57.5525016784668,55.20000076293945,55.51300048828125,62794000,55.13274383544922
2020-03-30,GOOGL,56.63199996948242,57.54999923706055,54.92449951171875,57.31549835205078,58736000,56.92289733886719
2020-03-31,GOOGL,57.436500549316406,58.66999816894531,56.83599853515625,58.09749984741211,65228000,57.69953536987305
2020-04-01,GOOGL,56.20000076293945,56.47100067138672,54.67449951171875,55.10499954223633,51970000,54.7275390625
2020-04-02,GOOGL,55.0,56.13850021362305,54.65650177001953,55.85150146484375,56410000,55.46892929077149
2020-04-03,GOOGL,55.73550033569336,55.93949890136719,53.75400161743164,54.6349983215332,51374000,54.2607536315918
2020-04-06,GOOGL,56.650001525878906,59.537498474121094,56.25,59.15950012207031,63320000,58.75426483154297
2020-04-07,GOOGL,60.85049819946289,61.03900146484375,58.86249923706055,59.12799835205078,61620000,58.72298049926758
2020-04-08,GOOGL,60.154998779296875,60.744998931884766,59.1974983215332,60.349998474121094,40334000,59.93660736083984
2020-04-09,GOOGL,60.90900039672851,61.0994987487793,59.62099838256836,60.32849884033203,54028000,59.91525650024414
2020-04-13,GOOGL,60.07500076293945,60.72600173950195,59.11650085449219,60.52050018310547,38702000,60.10594177246094
2020-04-14,GOOGL,61.99850082397461,63.787498474121094,61.426998138427734,63.26150131225586,63358000,62.82817077636719
2020-04-15,GOOGL,62.32550048828125,63.75550079345703,61.70000076293945,62.8650016784668,42236000,62.43438720703125
2020-04-16,GOOGL,63.35699844360352,63.667999267578125,61.90999984741211,62.87149810791016,57896000,62.44084167480469
2020-04-17,GOOGL,64.08499908447266,64.5,63.29999923706055,63.95000076293945,51050000,63.5119514465332
2020-04-20,GOOGL,63.49449920654297,63.84099960327149,62.821998596191406,63.057498931884766,35292000,62.62556076049805
2020-04-21,GOOGL,62.135501861572266,62.5,60.25,60.608001708984375,49648000,60.19284439086914
2020-04-22,GOOGL,62.05550003051758,63.99399948120117,61.86000061035156,62.920501708984375,46296000,62.489501953125
2020-04-23,GOOGL,63.2869987487793,64.40750122070312,63.0265007019043,63.55849838256836,34202000,63.12313461303711
2020-04-24,GOOGL,62.75,63.885501861572266,62.20000076293945,63.83000183105469,37402000,63.39277648925781
2020-04-27,GOOGL,64.5999984741211,64.70500183105469,63.25299835205078,63.542999267578125,44186000,63.10773849487305
2020-04-28,GOOGL,64.16000366210938,64.23799896240234,61.51900100708008,61.62950134277344,80700000,61.20734786987305
2020-04-29,GOOGL,67.25,68.00749969482422,66.33650207519531,67.10900115966797,108358000,66.64930725097656
2020-04-30,GOOGL,66.56800079345703,67.5,66.07499694824219,67.33499908447266,55842000,66.8737564086914
2020-05-01,GOOGL,66.20449829101562,67.57150268554688,65.48300170898438,65.86599731445312,48872000,65.4148178100586
2020-05-04,GOOGL,65.40650177001953,66.22350311279297,64.80049896240234,66.1449966430664,30806000,65.69190979003906
2020-05-05,GOOGL,66.875,68.55049896240234,66.75150299072266,67.45099639892578,39666000,66.98896789550781
2020-05-06,GOOGL,67.9000015258789,68.43450164794922,67.25650024414062,67.27149963378906,31732000,66.8106918334961
2020-05-07,GOOGL,68.06549835205078,68.80000305175781,67.62699890136719,68.46399688720703,30652000,67.99502563476562
2020-05-08,GOOGL,69.09100341796875,69.83200073242188,68.60050201416016,69.21700286865234,33326000,68.74287414550781
2020-05-11,GOOGL,68.8395004272461,70.77649688720703,68.7750015258789,70.17949676513672,32718000,69.69878387451172
2020-05-12,GOOGL,70.41100311279297,70.71649932861328,68.72550201416016,68.75900268554688,33918000,68.28800964355469
2020-05-13,GOOGL,68.80799865722656,69.2665023803711,66.40049743652344,67.41649627685547,40368000,66.95469665527344
2020-05-14,GOOGL,66.6760025024414,67.86849975585938,66.16500091552734,67.84300231933594,36660000,67.37828826904297
2020-05-15,GOOGL,67.41300201416016,68.72899627685547,66.94999694824219,68.65299987792969,41544000,68.18273162841797
2020-05-18,GOOGL,68.0790023803711,69.63800048828125,67.70999908447266,69.25900268554688,47094000,68.78459167480469
2020-05-19,GOOGL,69.27400207519531,69.62449645996094,68.68800354003906,68.72000122070312,31586000,68.24928283691406
2020-05-20,GOOGL,69.45800018310547,70.60150146484375,69.37100219726562,70.45800018310547,38262000,69.97537994384766
2020-05-21,GOOGL,70.54949951171875,70.822998046875,69.71949768066406,70.3375015258789,30894000,69.85570526123047
2020-05-22,GOOGL,70.19499969482422,70.8499984741211,69.79750061035156,70.66200256347656,28544000,70.17797088623047
2020-05-26,GOOGL,72.0979995727539,72.25550079345703,70.97000122070312,71.06849670410156,44590000,70.58169555664062
2020-05-27,GOOGL,71.0,71.26750183105469,69.7300033569336,71.01399993896484,31684000,70.5275650024414
2020-05-28,GOOGL,70.0,72.2229995727539,69.9540023803711,70.91200256347656,35170000,70.42626953125
2020-05-29,GOOGL,71.02149963378906,71.83650207519531,70.79900360107422,71.6760025024414,37044000,71.1850357055664
2020-06-01,GOOGL,71.28500366210938,72.0790023803711,71.11399841308594,71.74349975585938,25162000,71.25206756591797
2020-06-02,GOOGL,71.75,72.1500015258789,71.08049774169922,72.1155014038086,23442000,71.62152099609375
2020-06-03,GOOGL,72.13500213623047,72.45050048828125,71.58100128173828,71.9625015258789,27732000,71.46956634521484
2020-06-04,GOOGL,71.83899688720703,72.06600189208984,70.30049896240234,70.71499633789062,26982000,70.23059844970703
2020-06-05,GOOGL,70.78199768066406,72.31500244140625,70.38099670410156,72.0009994506836,42642000,71.50780487060547
2020-06-08,GOOGL,71.31400299072266,72.44999694824219,71.2239990234375,72.4020004272461,33878000,71.90605926513672
2020-06-09,GOOGL,72.26200103759766,73.38999938964844,72.11799621582031,72.60399627685547,33624000,72.1066665649414
2020-06-10,GOOGL,73.07550048828125,73.63849639892578,72.71800231933594,73.23500061035156,31762000,72.73335266113281
2020-06-11,GOOGL,72.05149841308594,72.58000183105469,69.92050170898438,70.09500122070312,47144000,69.61485290527344
2020-06-12,GOOGL,71.29299926757812,71.72550201416016,69.29000091552734,70.64600372314453,36676000,70.1620864868164
2020-06-15,GOOGL,69.47450256347656,71.25,69.36000061035156,71.03700256347656,30468000,70.55040740966797
2020-06-16,GOOGL,72.44999694824219,72.8584976196289,71.44950103759766,72.32350158691406,30648000,71.82809448242188
2020-06-17,GOOGL,72.64700317382812,73.11000061035156,71.75650024414062,72.62699890136719,30610000,72.1295166015625
2020-06-18,GOOGL,72.49250030517578,72.64849853515625,71.31199645996094,71.70600128173828,34862000,71.2148208618164
2020-06-19,GOOGL,72.0,72.2249984741211,70.94999694824219,71.23200225830078,52784000,70.74407958984375
2020-06-22,GOOGL,71.25050354003906,72.54750061035156,70.95950317382812,72.53299713134766,29442000,72.0361557006836
2020-06-23,GOOGL,72.5999984741211,73.76000213623047,72.25,73.1989974975586,37752000,72.69759368896484
2020-06-24,GOOGL,73.16400146484375,73.78949737548828,71.5,71.63500213623047,31592000,71.1443099975586
2020-06-25,GOOGL,71.56099700927734,72.11599731445312,70.97699737548828,72.05500030517578,23958000,71.56143188476562
2020-06-26,GOOGL,71.63150024414062,71.85099792480469,67.75,68.12699890136719,97640000,67.66033935546875
2020-06-29,GOOGL,68.01699829101562,69.9000015258789,67.5824966430664,69.8584976196289,45074000,69.3799819946289
2020-06-30,GOOGL,69.84400177001953,71.19999694824219,69.34649658203125,70.90249633789062,40286000,70.41682434082031
2020-07-01,GOOGL,70.95850372314453,72.42400360107422,70.70899963378906,72.0999984741211,42182000,71.60612487792969
2020-07-02,GOOGL,72.59200286865234,74.4260025024414,72.55349731445312,73.49649810791016,57218000,72.9930648803711
2020-07-06,GOOGL,74.40750122070312,75.5,73.8489990234375,74.98249816894531,44712000,74.46887969970703
2020-07-07,GOOGL,74.80650329589844,76.06600189208984,74.48500061035156,74.49600219726562,42364000,73.98571014404297
2020-07-08,GOOGL,75.04000091552734,75.55850219726562,74.61499786376953,75.18000030517578,31766000,74.66502380371094
2020-07-09,GOOGL,75.49649810791016,76.45700073242188,74.77950286865234,75.93299865722656,41836000,75.41287231445312
2020-07-10,GOOGL,75.6624984741211,77.06700134277344,75.03600311279297,76.95050048828125,35918000,76.42340087890625
2020-07-13,GOOGL,77.49700164794922,78.81800079345703,75.3280029296875,75.61150360107422,42954000,75.09358215332031
2020-07-14,GOOGL,74.6395034790039,76.13999938964844,74.29650115966797,76.04299926757812,38108000,75.52210998535156
2020-07-15,GOOGL,76.1614990234375,76.81649780273438,74.8915023803711,75.84400177001953,31026000,75.32447814941406
2020-07-16,GOOGL,75.07499694824219,75.79550170898438,74.41349792480469,75.74600219726562,26484000,75.22715759277344
2020-07-17,GOOGL,75.84549713134766,76.17150115966797,74.90499877929688,75.84249877929688,34264000,75.322998046875
2020-07-20,GOOGL,75.75,78.45050048828125,75.13500213623047,78.19200134277344,30166000,77.65638732910156
2020-07-21,GOOGL,79.25150299072266,79.35250091552734,77.63099670410156,77.7959976196289,27486000,77.26309967041016
2020-07-22,GOOGL,77.7854995727539,78.3489990234375,77.1614990234375,78.24250030517578,24482000,77.70655059814453
2020-07-23,GOOGL,78.29650115966797,78.51750183105469,75.42949676513672,75.8375015258789,33910000,75.3180160522461
2020-07-24,GOOGL,74.95950317382812,75.77149963378906,74.37950134277344,75.4104995727539,29902000,74.89395141601562
2020-07-27,GOOGL,75.66300201416016,76.87799835205078,75.61650085449219,76.47149658203125,27124000,75.94766998291016
2020-07-28,GOOGL,76.25,76.30049896240234,75.0260009765625,75.18250274658203,30910000,74.66751861572266
2020-07-29,GOOGL,75.25,76.66649627685547,75.15049743652344,76.17549896240234,22676000,75.6537094116211
2020-07-30,GOOGL,74.89849853515625,77.04450225830078,74.75849914550781,76.91850280761719,36042000,76.3916244506836
2020-07-31,GOOGL,74.85250091552734,75.2509994506836,72.69999694824219,74.39749908447266,91468000,73.88789367675781
2020-08-03,GOOGL,74.55000305175781,74.8864974975586,73.58599853515625,74.13800048828125,45482000,73.63017272949219
2020-08-04,GOOGL,74.33550262451172,74.65550231933594,73.20149993896484,73.66500091552734,37212000,73.16039276123047
2020-08-05,GOOGL,73.84100341796875,74.5,73.56099700927734,73.95449829101562,29134000,73.44791412353516
2020-08-06,GOOGL,73.80750274658203,75.3134994506836,73.59500122070312,75.24749755859375,33306000,74.73206329345703
2020-08-07,GOOGL,75.4520034790039,76.00450134277344,74.3134994506836,74.91850280761719,27718000,74.40531921386719
2020-08-10,GOOGL,74.54000091552734,75.35749816894531,73.87449645996094,74.84100341796875,20546000,74.32835388183594
2020-08-11,GOOGL,74.69999694824219,75.52200317382812,73.90950012207031,74.0270004272461,31098000,73.5199203491211
2020-08-12,GOOGL,74.35600280761719,75.58350372314453,74.25,75.36199951171875,22512000,74.84577941894531
2020-08-13,GOOGL,75.4104995727539,76.84850311279297,75.4104995727539,75.8324966430664,22388000,75.31305694580078
2020-08-14,GOOGL,75.68049621582031,75.989501953125,74.94999694824219,75.23149871826172,21942000,74.71617126464844
2020-08-17,GOOGL,75.79850006103516,76.18900299072266,75.25,75.81199645996094,19990000,75.29269409179688
2020-08-18,GOOGL,76.30599975585938,77.86849975585938,76.08350372314453,77.78900146484375,28378000,77.25614166259766
2020-08-19,GOOGL,77.62449645996094,78.44300079345703,77.0,77.23049926757812,30472000,76.70147705078125
2020-08-20,GOOGL,76.99849700927734,79.00849914550781,76.7229995727539,78.8125,26382000,78.27264404296875
2020-08-21,GOOGL,78.58999633789062,79.59400177001953,78.1155014038086,78.77850341796875,34838000,78.2388916015625
2020-08-24,GOOGL,79.62349700927734,80.43900299072266,78.75199890136719,79.25749969482422,25638000,78.71459197998047
2020-08-25,GOOGL,79.00499725341797,80.44400024414062,78.89399719238281,80.2925033569336,25150000,79.74251556396484
2020-08-26,GOOGL,80.31500244140625,82.6395034790039,80.04900360107422,82.20649719238281,52188000,81.64338684082031
2020-08-27,GOOGL,82.33049774169922,82.39949798583984,80.94049835205078,81.4260025024414,31350000,80.86825561523438
2020-08-28,GOOGL,81.47350311279297,82.06749725341797,81.28050231933594,81.97149658203125,22418000,81.41000366210938
2020-08-31,GOOGL,82.17849731445312,82.2249984741211,81.2665023803711,81.47650146484375,26422000,80.91840362548828
2020-09-01,GOOGL,81.60800170898438,82.96099853515625,81.47650146484375,82.75399780273438,22652000,82.18714141845703
2020-09-02,GOOGL,83.40049743652344,86.30500030517578,83.0094985961914,85.86949920654297,49522000,85.28131103515625
2020-09-03,GOOGL,84.97599792480469,85.0,80.385498046875,81.47550201416016,63726000,80.91741180419922
2020-09-04,GOOGL,80.44999694824219,81.74949645996094,76.89849853515625,79.06050109863281,55850000,78.51895141601562
2020-09-08,GOOGL,76.25,77.77749633789062,75.82499694824219,76.18000030517578,54032000,75.6581802368164
2020-09-09,GOOGL,77.44499969482422,77.93599700927734,76.25849914550781,77.36150360107422,39242000,76.83159637451172
2020-09-10,GOOGL,77.50900268554688,78.68299865722656,76.0,76.30249786376953,33024000,75.77983856201172
2020-09-11,GOOGL,76.40750122070312,76.93499755859375,74.6510009765625,75.78800201416016,30706000,75.26885986328125
2020-09-14,GOOGL,76.5824966430664,77.8499984741211,75.25550079345703,75.44149780273438,42660000,74.92473602294922
2020-09-15,GOOGL,76.39450073242188,77.54949951171875,76.1050033569336,76.75599670410156,23042000,76.230224609375
2020-09-16,GOOGL,77.1240005493164,77.71849822998047,75.57949829101562,75.60449981689453,22128000,75.08662414550781
2020-09-17,GOOGL,74.29049682617188,74.93299865722656,73.12300109863281,74.35199737548828,40008000,73.84268951416016
2020-09-18,GOOGL,74.41500091552734,74.76000213623047,71.58100128173828,72.55449676513672,63056000,72.05751037597656
2020-09-21,GOOGL,71.58100128173828,72.00299835205078,70.13400268554688,71.50700378417969,56908000,71.0171890258789
2020-09-22,GOOGL,72.51599884033203,73.19850158691406,71.4749984741211,72.99099731445312,33950000,72.49102020263672
2020-09-23,GOOGL,72.60449981689453,72.65399932861328,70.13400268554688,70.46949768066406,37726000,69.9867935180664
2020-09-24,GOOGL,70.13400268554688,71.89949798583984,70.10749816894531,71.14299774169922,34552000,70.65567779541016
2020-09-25,GOOGL,71.25250244140625,72.2969970703125,70.38400268554688,71.9530029296875,30326000,71.46012878417969
2020-09-28,GOOGL,73.59950256347656,73.64949798583984,72.31400299072266,72.93299865722656,30784000,72.43341827392578
2020-09-29,GOOGL,73.19550323486328,73.5999984741211,72.69999694824219,73.3010025024414,31816000,72.79890441894531
2020-09-30,GOOGL,73.0469970703125,74.30999755859375,72.78800201416016,73.27999877929688,40924000,72.77803802490234
2020-10-01,GOOGL,74.18299865722656,74.75350189208984,73.83999633789062,74.3949966430664,32884000,73.8853988647461
2020-10-02,GOOGL,72.98149871826172,73.95149993896484,72.36750030517578,72.77999877929688,31222000,72.28146362304688
2020-10-05,GOOGL,73.13249969482422,74.23500061035156,73.00450134277344,74.1415023803711,21602000,73.6336441040039
2020-10-06,GOOGL,73.7750015258789,74.22599792480469,72.25050354003906,72.5510025024414,26096000,72.05403137207031
2020-10-07,GOOGL,72.96549987792969,73.44850158691406,71.6614990234375,72.95700073242188,36108000,72.45726013183594
2020-10-08,GOOGL,73.27249908447266,74.40149688720703,73.27249908447266,74.17150115966797,26076000,73.66343688964844
2020-10-09,GOOGL,74.64299774169922,75.59249877929688,74.3499984741211,75.52249908447266,32966000,75.00518035888672
2020-10-12,GOOGL,76.9000015258789,79.4209976196289,76.46499633789062,78.22949981689453,55344000,77.69364166259766
2020-10-13,GOOGL,78.85050201416016,79.25800323486328,77.93150329589844,78.35350036621094,39072000,77.81678771972656
2020-10-14,GOOGL,78.7300033569336,79.19249725341797,77.29499816894531,78.1719970703125,33174000,77.63653564453125
2020-10-15,GOOGL,77.2249984741211,78.56999969482422,77.05650329589844,77.77349853515625,31210000,77.24076843261719
2020-10-16,GOOGL,78.09149932861328,78.885498046875,77.88300323486328,78.38500213623047,34194000,77.84807586669922
2020-10-19,GOOGL,78.79650115966797,79.19650268554688,76.14600372314453,76.49749755859375,29734000,75.97349548339844
2020-10-20,GOOGL,76.15550231933594,78.69200134277344,76.0250015258789,77.55400085449219,41670000,77.02276611328125
2020-10-21,GOOGL,78.49250030517578,80.75700378417969,78.35700225830078,79.29949951171875,60322000,78.75630950927734
2020-10-22,GOOGL,79.25,80.6709976196289,78.8740005493164,80.33300018310547,30512000,79.78273010253906
2020-10-23,GOOGL,80.75250244140625,81.70600128173828,80.59549713134766,81.64900207519531,30548000,81.08971405029297
2020-10-26,GOOGL,80.75,81.47899627685547,78.38899993896484,79.2145004272461,35826000,78.67189025878906
2020-10-27,GOOGL,79.44650268554688,80.0999984741211,78.84950256347656,79.94400024414062,25902000,79.39640045166016
2020-10-28,GOOGL,77.50050354003906,77.69049835205078,75.42400360107422,75.54000091552734,45174000,75.02255249023438
2020-10-29,GOOGL,75.85099792480469,79.43699645996094,75.82749938964844,77.84400177001953,55406000,77.31077575683594
2020-10-30,GOOGL,83.37200164794922,84.06600189208984,80.07849884033203,80.80549621582031,99878000,80.25199127197266
2020-11-02,GOOGL,81.177001953125,82.91200256347656,80.71199798583984,81.21600341796875,44228000,80.65968322753906
2020-11-03,GOOGL,81.53800201416016,82.94999694824219,80.60549926757812,82.28299713134766,31432000,81.71936798095703
2020-11-04,GOOGL,85.27899932861328,88.50150299072266,85.1500015258789,87.2925033569336,71342000,86.69456481933594
2020-11-05,GOOGL,88.52249908447266,89.59100341796875,87.05149841308594,88.125,39758000,87.52135467529297
2020-11-06,GOOGL,87.56700134277344,88.42500305175781,86.83399963378906,87.98650360107422,28622000,87.38380432128906
2020-11-09,GOOGL,89.79900360107422,90.84449768066406,87.87750244140625,88.07099914550781,53440000,87.46772003173828
2020-11-10,GOOGL,86.4885025024414,87.96900177001953,85.80599975585938,86.88600158691406,43022000,86.29084014892578
2020-11-11,GOOGL,87.41999816894531,88.1449966430664,87.15299987792969,87.36150360107422,31838000,86.76309204101562
2020-11-12,GOOGL,87.0999984741211,88.2490005493164,86.89849853515625,87.14099884033203,26474000,86.54409790039062
2020-11-13,GOOGL,87.4000015258789,88.85649871826172,86.79900360107422,88.61299896240234,29744000,88.00601196289062
2020-11-16,GOOGL,88.20700073242188,89.71700286865234,88.06649780273438,88.70149993896484,25468000,88.09390258789062
2020-11-17,GOOGL,88.39299774169922,88.85700225830078,87.97450256347656,88.08300018310547,21314000,87.4796371459961
2020-11-18,GOOGL,87.83200073242188,88.25,86.92849731445312,87.03199768066406,20108000,86.43583679199219
2020-11-19,GOOGL,86.6614990234375,88.17449951171875,86.5009994506836,87.92849731445312,20106000,87.32620239257812
2020-11-20,GOOGL,88.0999984741211,88.41799926757812,86.75,86.81900024414062,27694000,86.22429656982422
2020-11-23,GOOGL,87.01100158691406,87.29949951171875,85.50900268554688,86.37799835205078,22530000,85.78631591796875
2020-11-24,GOOGL,86.375,88.3239974975586,86.0364990234375,88.19499969482422,27984000,87.59088134765625
2020-11-25,GOOGL,88.3905029296875,88.51899719238281,87.41799926757812,88.20649719238281,19600000,87.602294921875
2020-11-27,GOOGL,88.22699737548828,89.85050201416016,88.22699737548828,89.35099792480469,14790000,88.73896026611328
2020-11-30,GOOGL,88.78250122070312,89.01699829101562,87.39199829101562,87.72000122070312,32418000,87.11912536621094
2020-12-01,GOOGL,88.33300018310547,91.08599853515624,88.15149688720703,89.76799774169922,37350000,89.1530990600586
2020-12-02,GOOGL,89.76799774169922,91.63700103759766,89.25849914550781,91.24849700927734,29424000,90.62345886230467
2020-12-03,GOOGL,91.0270004272461,92.19149780273438,90.8499984741211,91.09200286865234,24728000,90.4680404663086
2020-12-04,GOOGL,91.01100158691406,91.4749984741211,90.67949676513672,91.18800354003906,20544000,90.56338500976562
2020-12-07,GOOGL,90.77749633789062,91.4645004272461,90.1520004272461,90.85150146484376,22288000,90.22918701171876
2020-12-08,GOOGL,90.4260025024414,90.79850006103516,89.56400299072266,90.56649780273438,19936000,89.94613647460938
2020-12-09,GOOGL,90.51799774169922,91.4185028076172,88.0999984741211,88.89299774169922,31728000,88.28409576416016
2020-12-10,GOOGL,88.12999725341797,88.74949645996094,86.67649841308594,88.38249969482422,28688000,87.77709197998047
2020-12-11,GOOGL,88.0,88.8655014038086,87.63700103759766,88.73999786376953,18628000,88.13213348388672
2020-12-14,GOOGL,88.53600311279297,89.48999786376953,87.45649719238281,87.61299896240234,33050000,87.01286315917969
2020-12-15,GOOGL,87.99299621582031,88.19999694824219,87.08350372314453,88.05400085449219,21352000,87.45084381103516
2020-12-16,GOOGL,88.45549774169922,88.45549774169922,87.4530029296875,87.8594970703125,24676000,87.2576675415039
2020-12-17,GOOGL,88.19650268554688,88.33550262451172,86.55750274658203,87.02549743652344,34880000,86.42937469482422
2020-12-18,GOOGL,87.30850219726562,87.41799926757812,85.75,86.31099700927734,85256000,85.71977233886719
2020-12-21,GOOGL,85.45649719238281,86.8499984741211,84.69999694824219,86.72799682617188,33974000,86.13392639160156
2020-12-22,GOOGL,86.46649932861328,86.63050079345703,85.28900146484375,86.01100158691406,20370000,85.42182922363281
2020-12-23,GOOGL,86.19650268554688,87.20549774169922,86.05999755859375,86.4114990234375,22974000,85.81958770751953
2020-12-24,GOOGL,86.44999694824219,87.12049865722656,86.21749877929688,86.70800018310547,9312000,86.11405944824219
2020-12-28,GOOGL,87.24549865722656,89.3499984741211,87.09100341796875,88.697998046875,27650000,88.09043884277344
2020-12-29,GOOGL,89.36150360107422,89.42350006103516,87.75550079345703,87.88800048828125,19726000,87.2859878540039
2020-12-30,GOOGL,88.25,88.38800048828125,86.4000015258789,86.8125,21026000,86.21784210205078
2020-12-31,GOOGL,86.8635025024414,87.875,86.80449676513672,87.63200378417969,21070000,87.03173828125
2021-01-04,GOOGL,88.0,88.12449645996094,85.35700225830078,86.30650329589844,37324000,85.71531677246094
2021-01-05,GOOGL,86.25450134277344,87.34149932861328,85.84500122070312,87.00250244140625,20360000,86.40655517578125
2021-01-06,GOOGL,85.01300048828125,87.19850158691406,84.80500030517578,86.14399719238281,46588000,85.55390930175781
2021-01-07,GOOGL,86.33799743652344,88.89099884033203,86.33799743652344,88.71700286865234,41936000,88.10930633544922
2021-01-08,GOOGL,88.85800170898438,89.96800231933594,88.06099700927734,89.8915023803711,35484000,89.27574920654297
2021-01-11,GOOGL,88.85099792480469,89.21900177001953,87.60700225830078,87.81449890136719,34796000,87.2129898071289
2021-01-12,GOOGL,87.26799774169922,88.3949966430664,85.81900024414062,86.87149810791016,29528000,86.27642822265625
2021-01-13,GOOGL,86.36599731445312,87.81950378417969,86.36599731445312,87.36250305175781,23432000,86.76409149169922
2021-01-14,GOOGL,87.44349670410156,88.37750244140625,86.30349731445312,86.5459976196289,29212000,85.95316314697266
2021-01-15,GOOGL,86.45099639892578,87.38099670410156,85.58550262451172,86.38099670410156,31444000,85.789306640625
2021-01-19,GOOGL,87.1500015258789,90.19200134277344,86.6415023803711,89.22350311279297,41660000,88.6123275756836
2021-01-20,GOOGL,91.31849670410156,94.98600006103516,90.97550201416016,94.00350189208984,64152000,93.3595962524414
2021-01-21,GOOGL,94.68250274658205,96.60399627685548,93.97049713134766,94.2074966430664,58634000,93.56218719482422
2021-01-22,GOOGL,94.572998046875,95.21949768066406,93.8249969482422,94.62799835205078,32744000,93.97981262207033
2021-01-25,GOOGL,95.63700103759766,96.09100341796876,92.95800018310548,94.71399688720705,50586000,94.06522369384766
2021-01-26,GOOGL,94.29949951171876,95.7874984741211,93.80650329589844,95.39749908447266,31462000,94.74404907226562
2021-01-27,GOOGL,93.74549865722656,94.02349853515624,89.86399841308594,90.9469985961914,82512000,90.32402801513672
2021-01-28,GOOGL,91.5500030517578,94.39949798583984,91.5500030517578,92.66000366210938,55278000,92.0252914428711
2021-01-29,GOOGL,91.70099639892578,92.3769989013672,90.0780029296875,91.36799621582033,44530000,90.7421417236328
2021-02-01,GOOGL,92.22949981689452,95.7770004272461,92.22949981689452,94.65350341796876,40252000,94.00513458251952
2021-02-02,GOOGL,95.65650177001952,97.46849822998048,95.31849670410156,95.95600128173828,66332000,95.29872131347656
2021-02-03,GOOGL,103.28050231933594,105.33100128173828,100.67749786376952,102.94400024414062,97882000,102.23884582519533
2021-02-04,GOOGL,103.03099822998048,103.46499633789062,101.75499725341795,102.68150329589844,48596000,101.97814178466795
2021-02-05,GOOGL,102.97799682617188,104.7969970703125,102.5,104.44149780273438,29866000,103.72608184814452
2021-02-08,GOOGL,105.0,105.75,103.1675033569336,104.22599792480467,28828000,103.5120620727539
2021-02-09,GOOGL,103.73999786376952,104.92549896240234,103.5,103.76950073242188,21892000,103.0586929321289
2021-02-10,GOOGL,104.15699768066406,104.94400024414062,102.61199951171876,104.3239974975586,25102000,103.60939025878906
2021-02-11,GOOGL,104.5500030517578,104.6999969482422,103.44300079345705,104.4375,20480000,103.7221221923828
2021-02-12,GOOGL,103.9885025024414,104.9749984741211,103.67849731445312,104.75150299072266,18990000,104.03396606445312
2021-02-16,GOOGL,104.5875015258789,107.25700378417967,104.5875015258789,105.53500366210938,31004000,104.8121109008789
2021-02-17,GOOGL,104.6989974975586,106.12200164794922,104.4175033569336,105.93099975585938,20294000,105.20538330078124
2021-02-18,GOOGL,105.25,106.09950256347656,104.66649627685548,105.29049682617188,22546000,104.56927490234376
2021-02-19,GOOGL,105.3895034790039,105.9290008544922,104.17150115966795,104.44049835205078,37938000,103.72509765625
2021-02-22,GOOGL,102.68000030517578,104.0165023803711,102.4000015258789,102.71299743652344,29466000,102.00942993164062
2021-02-23,GOOGL,100.69950103759766,103.625,99.5114974975586,103.00599670410156,34658000,102.30042266845705
2021-02-24,GOOGL,101.5019989013672,104.41600036621094,101.37650299072266,104.19049835205078,22608000,103.47681427001952
2021-02-25,GOOGL,102.79650115966795,104.1500015258789,100.32450103759766,100.79750061035156,41548000,100.1070556640625
2021-02-26,GOOGL,101.49749755859376,102.82599639892578,100.05049896240234,101.09549713134766,40042000,100.40299987792967
2021-03-01,GOOGL,102.4000015258789,103.8115005493164,101.72100067138672,103.48300170898438,26060000,102.77415466308594
2021-03-02,GOOGL,103.24199676513672,104.73699951171876,102.83350372314452,103.2239990234375,25564000,102.51692962646484
2021-03-03,GOOGL,102.59750366210938,103.79949951171876,99.6999969482422,100.57050323486328,33892000,99.8816146850586
2021-03-04,GOOGL,100.74349975585938,103.72949981689452,100.27149963378906,101.69650268554688,49216000,100.9999008178711
2021-03-05,GOOGL,103.05750274658205,105.30999755859376,101.38899993896484,104.85350036621094,53100000,104.13526153564452
2021-03-08,GOOGL,104.2030029296875,105.68699645996094,100.2594985961914,100.375,36868000,99.68744659423828
2021-03-09,GOOGL,102.4875030517578,103.1959991455078,101.77999877929688,102.01799774169922,33920000,101.31919860839844
2021-03-10,GOOGL,103.06999969482422,103.06999969482422,100.96649932861328,101.80950164794922,27100000,101.11212158203124
2021-03-11,GOOGL,102.91100311279295,105.5634994506836,102.82250213623048,105.0270004272461,27702000,104.30757904052734
2021-03-12,GOOGL,103.82050323486328,103.88050079345705,101.62100219726562,102.5,33818000,101.79788970947266
2021-03-15,GOOGL,102.2490005493164,102.74949645996094,101.3895034790039,102.72200012207033,26168000,102.01836395263672
2021-03-16,GOOGL,103.29949951171876,105.68399810791016,102.9645004272461,104.19450378417967,31900000,103.48078155517578
2021-03-17,GOOGL,103.42350006103516,104.9499969482422,102.20600128173828,104.11100006103516,26382000,103.3978500366211
2021-03-18,GOOGL,102.40899658203124,103.4375,100.95899963378906,101.06700134277344,31700000,100.3747100830078
2021-03-19,GOOGL,101.48650360107422,101.85199737548828,100.14649963378906,101.3479995727539,46072000,100.65377807617188
2021-03-22,GOOGL,101.38150024414062,102.41699981689452,100.6999969482422,101.53450012207033,33536000,100.83899688720705
2021-03-23,GOOGL,101.99749755859376,103.20549774169922,101.4000015258789,102.06649780273438,28510000,101.36736297607422
2021-03-24,GOOGL,102.58799743652344,103.37999725341795,101.4499969482422,101.62650299072266,25218000,100.9303741455078
2021-03-25,GOOGL,101.45249938964844,102.28199768066406,99.80449676513672,101.6230010986328,35616000,100.9269027709961
2021-03-26,GOOGL,101.5895004272461,101.96949768066406,100.19249725341795,101.23650360107422,27978000,100.54305267333984
2021-03-29,GOOGL,101.10800170898438,102.46050262451172,100.27249908447266,102.28949737548828,26492000,101.58882904052734
2021-03-30,GOOGL,102.64900207519533,103.1334991455078,101.80750274658205,102.32350158691406,27312000,101.6226043701172
2021-03-31,GOOGL,102.72000122070312,104.31300354003906,102.3499984741211,103.1259994506836,42570000,102.41960144042967
2021-04-01,GOOGL,104.6125030517578,106.7874984741211,104.57150268554688,106.48899841308594,39880000,105.7595672607422
2021-04-05,GOOGL,107.35749816894533,111.44950103759766,107.260498046875,110.947998046875,48510000,110.18801879882812
2021-04-06,GOOGL,110.5459976196289,111.4000015258789,110.0895004272461,110.46299743652344,35240000,109.70633697509766
2021-04-07,GOOGL,110.65499877929688,112.2249984741211,110.65499877929688,111.95149993896484,24134000,111.18464660644533
2021-04-08,GOOGL,113.1999969482422,113.5895004272461,112.15049743652344,112.52149963378906,28664000,111.75074005126952
2021-04-09,GOOGL,112.27200317382812,113.69850158691406,111.86299896240234,113.53350067138672,26146000,112.75580596923828
2021-04-12,GOOGL,112.70600128173828,112.84449768066406,111.39099884033205,112.2310028076172,25024000,111.46223449707033
2021-04-13,GOOGL,112.54949951171876,113.17350006103516,112.15249633789062,112.72149658203124,25682000,111.9493637084961
2021-04-14,GOOGL,113.37149810791016,113.37149810791016,111.8010025024414,112.09549713134766,21002000,111.3276596069336
2021-04-15,GOOGL,113.09750366210938,114.8000030517578,112.55850219726562,114.2624969482422,29174000,113.47981262207033
2021-04-16,GOOGL,114.46199798583984,114.71199798583984,113.5459976196289,114.1374969482422,26282000,113.35568237304688
2021-04-19,GOOGL,113.50900268554688,115.20449829101562,113.50900268554688,114.48799896240234,30290000,113.70377349853516
2021-04-20,GOOGL,114.87449645996094,114.9499969482422,112.8560028076172,113.95050048828124,22288000,113.16995239257812
2021-04-21,GOOGL,113.60250091552734,114.0,112.24099731445312,113.9175033569336,23204000,113.13719177246094
2021-04-22,GOOGL,113.7699966430664,114.44400024414062,112.01599884033205,112.6259994506836,24146000,111.85453033447266
2021-04-23,GOOGL,113.3499984741211,115.30599975585938,113.0625,114.99649810791016,29066000,114.20879364013672
2021-04-26,GOOGL,115.22599792480467,116.22650146484376,114.86599731445312,115.49649810791016,32038000,114.7053680419922
2021-04-27,GOOGL,115.88150024414062,115.92250061035156,114.30799865722656,114.54900360107422,44386000,113.7643585205078
2021-04-28,GOOGL,119.625,121.56900024414062,117.66100311279295,117.9520034790039,81106000,117.14404296875
2021-04-29,GOOGL,119.46150207519533,120.20800018310548,118.69249725341795,119.63800048828124,41234000,118.81848907470705
2021-04-30,GOOGL,118.4010009765625,119.09249877929688,117.3280029296875,117.6750030517578,44856000,116.8689422607422
2021-05-03,GOOGL,118.24549865722656,119.07749938964844,116.7750015258789,117.15399932861328,28242000,116.35150909423828
2021-05-04,GOOGL,115.67749786376952,116.24949645996094,112.83399963378906,115.34149932861328,44818000,114.55142974853516
2021-05-05,GOOGL,116.43150329589844,116.75,115.41400146484376,115.7385025024414,26636000,114.94571685791016
2021-05-06,GOOGL,115.31649780273438,116.86750030517578,114.6520004272461,116.86750030517578,25190000,116.06698608398438
2021-05-07,GOOGL,118.19450378417967,118.5625,117.30799865722656,117.59649658203124,28898000,116.79097747802734
2021-05-10,GOOGL,116.40699768066406,116.5500030517578,114.22699737548828,114.5875015258789,30914000,113.80259704589844
2021-05-11,GOOGL,112.15350341796876,114.01399993896484,111.6959991455078,113.50299835205078,34186000,112.72552490234376
2021-05-12,GOOGL,111.30950164794922,112.39900207519533,109.68099975585938,110.0124969482422,46376000,109.25892639160156
2021-05-13,GOOGL,111.30599975585938,111.97200012207033,110.33599853515624,111.4520034790039,33204000,110.68856811523438
2021-05-14,GOOGL,112.927001953125,114.23600006103516,112.5,113.91899871826172,31996000,113.138671875
2021-05-17,GOOGL,113.17849731445312,114.48899841308594,112.77549743652344,114.4459991455078,21598000,113.66205596923828
2021-05-18,GOOGL,115.11750030517578,115.38400268554688,113.1094970703125,113.12349700927734,22204000,112.34861755371094
2021-05-19,GOOGL,111.42150115966795,113.74949645996094,111.27200317382812,113.5749969482422,23684000,112.79702758789062
2021-05-20,GOOGL,114.5500030517578,115.5999984741211,114.1760025024414,115.34750366210938,32352000,114.55738830566406
2021-05-21,GOOGL,115.87049865722656,115.94450378417967,114.46499633789062,114.7064971923828,40632000,113.92076873779295
2021-05-24,GOOGL,115.74449920654295,118.27749633789062,115.5979995727539,118.052001953125,31832000,117.24335479736328
2021-05-25,GOOGL,118.5999984741211,119.1999969482422,117.75,118.14350128173828,22440000,117.334228515625
2021-05-26,GOOGL,118.32599639892578,119.44950103759766,118.322998046875,119.0155029296875,21572000,118.20027160644533
2021-05-27,GOOGL,119.45249938964844,119.45249938964844,117.81300354003906,118.13400268554688,35224000,117.32481384277344
2021-05-28,GOOGL,118.72100067138672,118.80349731445312,117.64250183105467,117.84249877929688,21482000,117.0353012084961
2021-06-01,GOOGL,118.72200012207033,119.2854995727539,117.71399688720705,119.05899810791016,23354000,118.24346160888672
2021-06-02,GOOGL,119.4574966430664,119.68199920654295,117.61799621582033,118.52950286865234,21158000,117.71760559082033
2021-06-03,GOOGL,117.2864990234375,117.85099792480467,116.47599792480467,117.37899780273438,18696000,116.5749740600586
2021-06-04,GOOGL,118.4635009765625,119.95149993896484,118.12049865722656,119.67849731445312,24458000,118.85871124267578
2021-06-07,GOOGL,119.47200012207033,120.22550201416016,119.0500030517578,120.11499786376952,24120000,119.292236328125
2021-06-08,GOOGL,120.60050201416016,120.97599792480467,119.73899841308594,119.9219970703125,24240000,119.10055541992188
2021-06-09,GOOGL,120.57150268554688,120.6439971923828,119.84500122070312,120.39700317382812,17942000,119.57230377197266
2021-06-10,GOOGL,120.34600067138672,121.8000030517578,120.18900299072266,121.75650024414062,25904000,120.92247772216795
2021-06-11,GOOGL,122.0,122.08599853515624,120.947998046875,121.51000213623048,21958000,120.67766571044922
2021-06-14,GOOGL,121.61299896240234,122.4459991455078,120.9000015258789,122.44550323486328,22098000,121.60678100585938
2021-06-15,GOOGL,122.4499969482422,122.77549743652344,121.05599975585938,121.41950225830078,21562000,120.58780670166016
2021-06-16,GOOGL,121.5719985961914,121.88600158691406,119.47000122070312,120.77249908447266,26472000,119.94522094726562
2021-06-17,GOOGL,120.69750213623048,122.52249908447266,120.5,121.74349975585938,25842000,120.90957641601562
2021-06-18,GOOGL,121.36699676513672,121.60299682617188,120.01499938964844,120.11100006103516,46116000,119.28825378417967
2021-06-21,GOOGL,120.50050354003906,122.0,119.89849853515624,121.8125,27414000,120.97810363769533
2021-06-22,GOOGL,121.75,122.4000015258789,121.06400299072266,122.33049774169922,22390000,121.4925537109375
2021-06-23,GOOGL,122.09349822998048,123.09549713134766,121.83450317382812,122.1269989013672,19148000,121.29045104980467
2021-06-24,GOOGL,122.6999969482422,123.05549621582033,122.3000030517578,122.5,21362000,121.66090393066406
2021-06-25,GOOGL,122.0,122.63300323486328,121.56500244140624,122.5084991455078,34594000,121.6693344116211
2021-06-28,GOOGL,122.67849731445312,122.78500366210938,121.40550231933594,122.53600311279295,28526000,121.69664001464844
2021-06-29,GOOGL,122.67050170898438,123.02100372314452,121.69100189208984,122.27249908447266,23108000,121.4349594116211
2021-06-30,GOOGL,121.99449920654295,122.25700378417967,121.35449981689452,122.0895004272461,24474000,121.25321197509766
2021-07-01,GOOGL,121.7249984741211,122.58699798583984,121.53150177001952,122.44450378417967,18110000,121.60578155517578
2021-07-02,GOOGL,123.1500015258789,125.40399932861328,123.05950164794922,125.25749969482422,25982000,124.39949798583984
2021-07-06,GOOGL,125.64849853515624,126.4280014038086,124.5824966430664,126.19000244140624,26404000,125.32561492919922
2021-07-07,GOOGL,127.16200256347656,127.28399658203124,126.15299987792967,126.4739990234375,24060000,125.607666015625
2021-07-08,GOOGL,124.0260009765625,125.59549713134766,124.02200317382812,125.04399871826172,23790000,124.1874542236328
2021-07-09,GOOGL,125.0250015258789,125.7344970703125,124.55149841308594,125.51850128173828,18632000,124.65872192382812
2021-07-12,GOOGL,126.1780014038086,127.06950378417967,125.61100006103516,126.97550201416016,17668000,126.10574340820312
2021-07-13,GOOGL,127.03849792480467,128.0574951171875,126.67449951171876,127.34149932861328,19240000,126.46922302246094
2021-07-14,GOOGL,127.95800018310548,129.32650756835938,127.91449737548828,128.23699951171875,23742000,127.3585968017578
2021-07-15,GOOGL,128.6490020751953,128.6999969482422,126.52999877929688,127.00499725341795,24218000,126.13502502441406
2021-07-16,GOOGL,127.66300201416016,127.8115005493164,126.15350341796876,126.97000122070312,20424000,126.10028076171876
2021-07-19,GOOGL,126.0895004272461,126.20500183105467,123.50499725341795,124.5780029296875,27968000,123.72466278076172
2021-07-20,GOOGL,125.52749633789062,127.04299926757812,124.35050201416016,126.20950317382812,26312000,125.34498596191406
2021-07-21,GOOGL,126.1334991455078,127.59600067138672,126.02349853515624,127.54900360107422,20746000,126.67530822753906
2021-07-22,GOOGL,127.84400177001952,128.48300170898438,127.4990005493164,128.42149353027344,14302000,127.54183197021484
2021-07-23,GOOGL,130.4304962158203,133.3990020751953,129.80050659179688,133.01499938964844,41506000,132.1038818359375
2021-07-26,GOOGL,133.32850646972656,134.23699951171875,132.30149841308594,134.03500366210938,30572000,133.11688232421875
2021-07-27,GOOGL,134.25050354003906,134.3990020751953,130.10400390625,131.89999389648438,54710000,130.9965057373047
2021-07-28,GOOGL,136.31199645996094,138.2969970703125,135.27749633789062,136.093994140625,95130000,135.1617889404297
2021-07-29,GOOGL,136.14999389648438,136.66099548339844,135.54299926757812,135.77749633789062,31716000,134.84742736816406
2021-07-30,GOOGL,135.03500366210938,135.30450439453125,134.2550048828125,134.72650146484375,25576000,133.80364990234375
2021-08-02,GOOGL,135.11700439453125,135.3365020751953,133.79400634765625,134.85450744628906,21634000,133.93077087402344
2021-08-03,GOOGL,135.13499450683594,135.73199462890625,133.3195037841797,135.6300048828125,20762000,134.70094299316406
2021-08-04,GOOGL,135.34950256347656,135.64950561523438,134.48699951171875,135.12550354003906,19676000,134.1999053955078
2021-08-05,GOOGL,135.6804962158203,136.35000610351562,134.8459930419922,136.25149536132812,17870000,135.31817626953125
2021-08-06,GOOGL,136.04200744628906,136.47250366210938,135.2100067138672,135.73849487304688,20488000,134.80868530273438
2021-08-09,GOOGL,135.9425048828125,137.1840057373047,135.33949279785156,136.91299438476562,17760000,135.97515869140625
2021-08-10,GOOGL,137.3419952392578,137.7725067138672,136.364501953125,136.8070068359375,19414000,135.8699188232422
2021-08-11,GOOGL,137.18150329589844,137.6824951171875,136.27149963378906,136.2790069580078,15352000,135.3455047607422
2021-08-12,GOOGL,135.97549438476562,137.3000030517578,135.42550659179688,137.19400024414062,16506000,136.25424194335938
2021-08-13,GOOGL,137.25,137.85650634765625,137.0330047607422,137.7274932861328,15948000,136.78408813476562
2021-08-16,GOOGL,137.52499389648438,138.3625030517578,135.2989959716797,138.3094940185547,22384000,137.36207580566406
2021-08-17,GOOGL,137.75,138.2655029296875,136.08200073242188,136.6614990234375,21716000,135.7253875732422
2021-08-18,GOOGL,136.5,137.10450744628906,135.32150268554688,135.44900512695312,19258000,134.52120971679688
2021-08-19,GOOGL,134.4355010986328,136.3524932861328,134.25,135.67999267578125,21782000,134.75062561035156
2021-08-20,GOOGL,136.0,137.5540008544922,135.25,137.42950439453125,31194000,136.48812866210938
2021-08-23,GOOGL,137.96949768066406,140.87449645996094,137.6074981689453,140.04150390625,28454000,139.08224487304688
2021-08-24,GOOGL,140.6114959716797,142.0800018310547,140.3385009765625,141.26150512695312,19268000,140.2938995361328
2021-08-25,GOOGL,141.625,142.1894989013672,141.37600708007812,142.07899475097656,15848000,141.10577392578125
2021-08-26,GOOGL,141.75,142.41749572753906,141.35699462890625,141.4405059814453,20610000,140.47164916992188
2021-08-27,GOOGL,141.65249633789062,144.5124969482422,141.4969940185547,144.00399780273438,28780000,143.01760864257812
2021-08-30,GOOGL,144.39999389648438,145.9705047607422,144.16299438476562,144.5904998779297,24434000,143.60008239746094
2021-08-31,GOOGL,145.14700317382812,145.17149353027344,144.281005859375,144.69749450683594,22448000,143.70632934570312
2021-09-01,GOOGL,145.0,146.25399780273438,144.8834991455078,145.2154998779297,21936000,144.2207794189453
2021-09-02,GOOGL,145.21600341796875,145.51950073242188,143.18499755859375,143.28700256347656,32342000,142.3054962158203
2021-09-03,GOOGL,143.08050537109375,144.15499877929688,142.40049743652344,143.739501953125,19850000,142.75491333007812
2021-09-07,GOOGL,143.83450317382812,144.56500244140625,143.61900329589844,144.28050231933594,20124000,143.2921905517578
2021-09-08,GOOGL,144.10000610351562,144.39999389648438,143.0,143.6909942626953,18344000,142.70672607421875
2021-09-09,GOOGL,143.8404998779297,144.3105010986328,143.17750549316406,143.54100036621094,15314000,142.55776977539062
2021-09-10,GOOGL,144.21249389648438,144.718505859375,140.73800659179688,140.87600708007812,36840000,139.91102600097656
2021-09-13,GOOGL,141.94949340820312,142.9499969482422,141.25,142.33250427246094,22094000,141.3575439453125
2021-09-14,GOOGL,142.99549865722656,143.36300659179688,141.75,142.54449462890625,19674000,141.56808471679688
2021-09-15,GOOGL,142.77149963378906,144.45050048828125,141.34750366210938,144.42950439453125,27408000,143.44020080566406
2021-09-16,GOOGL,143.95050048828125,144.3000030517578,142.40150451660156,143.61000061035156,26190000,142.6262969970703
2021-09-17,GOOGL,143.03050231933594,143.4499969482422,140.47000122070312,140.8000030517578,53384000,139.83554077148438
2021-09-20,GOOGL,138.1614990234375,139.0,136.32200622558594,138.71949768066406,46518000,137.76930236816406
2021-09-21,GOOGL,139.74949645996094,140.01150512695312,138.2779998779297,139.0330047607422,25332000,138.0806427001953
2021-09-22,GOOGL,139.3040008544922,140.88699340820312,138.55149841308594,140.2834930419922,25056000,139.32257080078125
2021-09-23,GOOGL,140.9875030517578,141.69650268554688,140.40150451660156,141.21600341796875,20952000,140.24868774414062
2021-09-24,GOOGL,140.5384979248047,142.33050537109375,140.24099731445312,142.21499633789062,22984000,141.2408447265625
2021-09-27,GOOGL,140.80450439453125,141.93850708007812,140.0675048828125,141.07200622558594,21882000,140.10568237304688
2021-09-28,GOOGL,138.65499877929688,139.09649658203125,135.36000061035156,135.8300018310547,45772000,134.8995819091797
2021-09-29,GOOGL,136.97999572753906,137.1510009765625,133.86500549316406,134.35350036621094,30848000,133.43319702148438
2021-09-30,GOOGL,134.26150512695312,135.54249572753906,133.55599975585938,133.67599487304688,37996000,132.7603302001953
2021-10-01,GOOGL,134.44749450683594,136.91050720214844,134.072998046875,136.54299926757812,35360000,135.60769653320312
2021-10-04,GOOGL,135.9604949951172,135.9604949951172,131.0500030517578,133.6595001220703,51202000,132.74395751953125
2021-10-05,GOOGL,134.04100036621094,137.22450256347656,134.04100036621094,136.0229949951172,32404000,135.0912628173828
2021-10-06,GOOGL,134.75,137.75,134.5500030517578,137.56500244140625,24364000,136.62271118164062
2021-10-07,GOOGL,138.89199829101562,140.04200744628906,138.6510009765625,139.22500610351562,25110000,138.2713623046875
2021-10-08,GOOGL,139.57699584960938,140.33099365234375,139.21749877929688,139.78550720214844,26526000,138.8280029296875
2021-10-11,GOOGL,139.29200744628906,140.71200561523438,138.85899353027344,138.91400146484375,17954000,137.96246337890625
2021-10-12,GOOGL,139.47999572753906,139.5070037841797,135.75999450683594,136.44900512695312,36332000,135.5143585205078
2021-10-13,GOOGL,137.40249633789062,138.0,136.5189971923828,137.58200073242188,19654000,136.63958740234375
2021-10-14,GOOGL,139.4739990234375,141.33749389648438,138.8249969482422,141.1510009765625,31894000,140.18411254882812
2021-10-15,GOOGL,141.614501953125,141.71800231933594,140.7550048828125,141.3679962158203,30274000,140.399658203125
2021-10-18,GOOGL,141.07650756835938,142.79600524902344,141.0695037841797,142.7779998779297,20396000,141.7999725341797
2021-10-19,GOOGL,143.3874969482422,143.66250610351562,142.60000610351562,143.23699951171875,20164000,142.25584411621094
2021-10-20,GOOGL,143.33799743652344,143.54600524902344,141.37649536132812,141.7689971923828,23288000,140.79791259765625
2021-10-21,GOOGL,141.7689971923828,142.156005859375,140.5,141.88600158691406,26292000,140.91409301757812
2021-10-22,GOOGL,139.14999389648438,140.58299255371094,136.05599975585938,137.56649780273438,50588000,136.62420654296875
2021-10-25,GOOGL,137.5500030517578,138.0,135.4239959716797,137.44700622558594,34412000,136.50552368164062
2021-10-26,GOOGL,139.2635040283203,140.08299255371094,138.30450439453125,139.30850219726562,49236000,138.354248046875
2021-10-27,GOOGL,139.40499877929688,148.64999389648438,139.40499877929688,146.21749877929688,85782000,145.21592712402344
2021-10-28,GOOGL,147.13450622558594,147.1580047607422,144.6269989013672,145.8489990234375,36206000,144.84994506835938
2021-10-29,GOOGL,145.0780029296875,148.24200439453125,144.64950561523438,148.04600524902344,43320000,147.03192138671875
2021-11-01,GOOGL,148.04600524902344,148.04600524902344,143.22549438476562,143.4969940185547,46924000,142.51406860351562
2021-11-02,GOOGL,144.57949829101562,146.60899353027344,144.3354949951172,145.4324951171875,33482000,144.43630981445312
2021-11-03,GOOGL,145.90049743652344,146.66900634765625,144.59100341796875,146.59800720214844,27494000,145.59381103515625
2021-11-04,GOOGL,147.12449645996094,149.73350524902344,146.30799865722656,148.2675018310547,38412000,147.2518768310547
2021-11-05,GOOGL,149.16949462890625,150.32749938964844,148.19700622558594,148.8520050048828,38354000,147.83238220214844
2021-11-08,GOOGL,149.8249969482422,150.61500549316406,148.4304962158203,149.031005859375,23052000,148.01016235351562
2021-11-09,GOOGL,149.23300170898438,149.83450317382812,147.2449951171875,148.9185028076172,19530000,147.89842224121094
2021-11-10,GOOGL,147.5,148.07000732421875,144.53750610351562,145.89349365234375,29970000,144.89413452148438
2021-11-11,GOOGL,146.489501953125,147.53550720214844,145.60049438476562,145.76649475097656,16518000,144.76803588867188
2021-11-12,GOOGL,146.61549377441406,148.85000610351562,145.41099548339844,148.67799377441406,22360000,147.65957641601562
2021-11-15,GOOGL,148.90049743652344,149.54949951171875,147.5749969482422,148.45199584960938,23508000,147.43511962890625
2021-11-16,GOOGL,148.14950561523438,148.7624969482422,147.3125,147.87600708007812,18904000,146.86306762695312
2021-11-17,GOOGL,148.02749633789062,148.5594940185547,147.24000549316406,148.0469970703125,19594000,147.03289794921875
2021-11-18,GOOGL,148.2415008544922,150.58050537109375,147.88450622558594,149.8385009765625,35608000,148.81211853027344
2021-11-19,GOOGL,149.97549438476562,150.9665069580078,148.8990020751953,148.92649841308594,33682000,147.9063720703125
2021-11-22,GOOGL,149.33250427246094,149.82949829101562,146.1475067138672,146.302001953125,30594000,145.2998504638672
2021-11-23,GOOGL,146.1529998779297,146.66000366210938,144.11500549316406,145.78199768066406,27218000,144.78341674804688
2021-11-24,GOOGL,145.47349548339844,146.24949645996094,144.3730010986328,146.1199951171875,18040000,145.1190948486328
2021-11-26,GOOGL,144.34849548339844,144.5574951171875,141.84249877929688,142.18299865722656,30470000,141.20907592773438
2021-11-29,GOOGL,144.0,146.29750061035156,143.89349365234375,145.53050231933594,32596000,144.53363037109375
2021-11-30,GOOGL,145.0084991455078,146.0,141.60150146484375,141.8975067138672,42068000,140.925537109375
2021-12-01,GOOGL,144.0,145.95050048828125,140.91200256347656,141.05149841308594,34020000,140.08531188964844
2021-12-02,GOOGL,141.25,143.864501953125,140.21449279785156,142.96600341796875,29194000,141.9866943359375
2021-12-03,GOOGL,143.68099975585938,144.39999389648438,140.30099487304688,142.00149536132812,41230000,141.02880859375
2021-12-06,GOOGL,143.04049682617188,143.8524932861328,140.14999389648438,143.15499877929688,30618000,142.1743927001953
2021-12-07,GOOGL,145.59649658203125,147.531005859375,145.2274932861328,147.26950073242188,32240000,146.26072692871094
2021-12-08,GOOGL,147.59649658203125,148.39300537109375,146.406005859375,148.18649291992188,24270000,147.17141723632812
2021-12-09,GOOGL,147.59100341796875,149.10000610351562,147.11500549316406,147.6385040283203,23270000,146.62718200683594
2021-12-10,GOOGL,148.6999969482422,148.9774932861328,146.70399475097656,148.00149536132812,24458000,146.98768615722656
2021-12-13,GOOGL,147.781494140625,147.97000122070312,145.5175018310547,145.82650756835938,27070000,144.82760620117188
2021-12-14,GOOGL,143.96800231933594,144.47999572753906,141.21499633789062,143.90699768066406,38446000,142.92124938964844
2021-12-15,GOOGL,143.40899658203125,146.7209930419922,141.67799377441406,146.4409942626953,36370000,145.43789672851562
2021-12-16,GOOGL,147.17050170898438,147.677001953125,143.60699462890625,144.44500732421875,33650000,143.45558166503906
2021-12-17,GOOGL,142.5,143.83450317382812,141.3000030517578,141.72500610351562,50416000,140.75421142578125
2021-12-20,GOOGL,140.0,141.77450561523438,139.3209991455078,141.60699462890625,27192000,140.6370086669922
2021-12-21,GOOGL,142.05349731445312,143.86900329589844,140.50250244140625,143.47250366210938,28756000,142.48974609375
2021-12-22,GOOGL,143.0675048828125,146.5,143.0675048828125,146.4149932861328,26322000,145.41207885742188
2021-12-23,GOOGL,146.5,148.24349975585938,146.45199584960938,146.91650390625,26384000,145.91012573242188
2021-12-27,GOOGL,147.25599670410156,148.343994140625,147.16949462890625,147.906494140625,15976000,146.8933563232422
2021-12-28,GOOGL,148.23599243164062,148.2989959716797,146.05450439453125,146.68699645996094,18200000,145.68222045898438
2021-12-29,GOOGL,146.64450073242188,147.41700744628906,145.6475067138672,146.65499877929688,17788000,145.6504364013672
2021-12-30,GOOGL,146.69400024414062,147.3000030517578,145.9945068359375,146.20050048828125,15688000,145.1990509033203
2021-12-31,GOOGL,146.0500030517578,146.69850158691406,144.8520050048828,144.8520050048828,18136000,143.8597869873047
2022-01-03,GOOGL,145.05499267578125,145.8509979248047,143.71299743652344,144.9915008544922,28646000,143.9983367919922
2022-01-04,GOOGL,145.39599609375,146.48500061035156,143.7165069580078,144.39950561523438,28400000,143.41036987304688
2022-01-05,GOOGL,144.4199981689453,144.49949645996094,137.68800354003906,137.77499389648438,54618000,136.83123779296875
2022-01-06,GOOGL,136.99850463867188,139.94000244140625,136.55850219726562,137.74749755859375,37348000,136.80393981933594
2022-01-07,GOOGL,138.14549255371094,138.44850158691406,135.76649475097656,137.01699829101562,29760000,136.0784454345703
2022-01-10,GOOGL,135.0780029296875,138.8195037841797,133.1645050048828,138.66949462890625,44408000,137.7196044921875
2022-01-11,GOOGL,138.0070037841797,140.21600341796875,136.6925048828125,139.73599243164062,28730000,138.77880859375
2022-01-12,GOOGL,141.14999389648438,142.60800170898438,140.6945037841797,141.4304962158203,26108000,140.46170043945312
2022-01-13,GOOGL,141.5399932861328,142.85000610351562,138.40899658203125,138.58700561523438,31436000,137.63772583007812
2022-01-14,GOOGL,137.07899475097656,140.74200439453125,136.99850463867188,139.48049926757812,29662000,138.5250701904297
2022-01-18,GOOGL,136.1750030517578,137.13150024414062,135.43850708007812,135.9980010986328,34872000,135.06642150878906
2022-01-19,GOOGL,136.52349853515625,137.95950317382812,135.0155029296875,135.1165008544922,28648000,134.19097900390625
2022-01-20,GOOGL,136.25,137.62600708007812,132.96449279785156,133.3074951171875,29908000,132.3943634033203
2022-01-21,GOOGL,132.593505859375,134.86549377441406,130.0865020751953,130.35150146484375,55652000,129.4586181640625
2022-01-24,GOOGL,125.97799682617188,131.2030029296875,124.5,130.8040008544922,76622000,129.9080352783203
2022-01-25,GOOGL,128.74000549316406,129.3990020751953,126.50050354003906,126.93499755859376,46960000,126.06550598144533
2022-01-26,GOOGL,131.11900329589844,133.0,127.14199829101562,129.23300170898438,49130000,128.34776306152344
2022-01-27,GOOGL,131.3040008544922,132.65249633789062,128.9324951171875,129.0050048828125,31950000,128.121337890625
2022-01-28,GOOGL,129.65899658203125,133.35650634765625,128.48500061035156,133.3509979248047,34362000,132.43756103515625
2022-01-31,GOOGL,134.16200256347656,135.47300720214844,132.20950317382812,135.30349731445312,39986000,134.37669372558594
2022-02-01,GOOGL,137.59449768066406,137.79299926757812,134.36849975585938,137.6439971923828,68644000,136.70114135742188
2022-02-02,GOOGL,151.25,151.54649353027344,145.5225067138672,148.0,123200000,146.98622131347656
2022-02-03,GOOGL,145.70550537109375,149.6750030517578,142.66549682617188,143.08999633789062,71518000,142.10984802246094
2022-02-04,GOOGL,143.4445037841797,144.875,140.51499938964844,143.29299926757812,57998000,142.3114471435547
2022-02-07,GOOGL,144.25,144.25,138.89999389648438,139.2010040283203,54974000,138.24749755859375
2022-02-08,GOOGL,139.02650451660156,140.0,137.01400756835938,139.3990020751953,54284000,138.4441680908203
2022-02-09,GOOGL,140.9635009765625,142.52450561523438,140.18699645996094,141.5919952392578,40144000,140.62210083007812
2022-02-10,GOOGL,139.70350646972656,141.4844970703125,137.95700073242188,138.6199951171875,39330000,137.6704559326172
2022-02-11,GOOGL,138.60000610351562,139.156494140625,133.39999389648438,134.28250122070312,39958000,133.36268615722656
2022-02-14,GOOGL,133.25650024414062,136.3000030517578,133.25650024414062,135.5260009765625,34302000,134.59767150878906
2022-02-15,GOOGL,137.57049560546875,138.10850524902344,135.82150268554688,136.60850524902344,26680000,135.67276000976562
2022-02-16,GOOGL,136.64649963378906,138.08599853515625,134.9239959716797,137.73800659179688,25022000,136.79452514648438
2022-02-17,GOOGL,136.2429962158203,137.11349487304688,132.47850036621094,132.53900146484375,38950000,131.63111877441406
2022-02-18,GOOGL,133.4669952392578,134.07000732421875,130.19650268554688,130.4029998779297,45620000,129.509765625
2022-02-22,GOOGL,129.83799743652344,132.1804962158203,128.22349548339844,129.81350708007812,44990000,128.92431640625
2022-02-23,GOOGL,131.64849853515625,132.05099487304688,127.52749633789062,127.58799743652344,32786000,126.71403503417967
2022-02-24,GOOGL,124.95349884033205,133.0,124.95349884033205,132.6909942626953,54456000,131.78207397460938
2022-02-25,GOOGL,133.552001953125,135.27149963378906,131.75149536132812,134.45950317382812,36406000,133.53848266601562
2022-02-28,GOOGL,133.0500030517578,135.75149536132812,132.59249877929688,135.0570068359375,38864000,134.1318817138672
2022-03-01,GOOGL,134.8784942626953,136.2554931640625,133.218505859375,134.06149291992188,26496000,133.1431884765625
2022-03-02,GOOGL,134.6280059814453,135.2624969482422,133.07150268554688,134.57150268554688,23520000,133.64971923828125
2022-03-03,GOOGL,136.00999450683594,136.4394989013672,133.02549743652344,133.89950561523438,24604000,132.98231506347656
2022-03-04,GOOGL,132.92750549316406,133.85150146484375,130.33749389648438,131.906494140625,30430000,131.00296020507812
2022-03-07,GOOGL,131.48800659179688,131.73500061035156,126.29499816894533,126.37850189208984,45112000,125.5128173828125
2022-03-08,GOOGL,126.25,131.25,125.67449951171876,127.10449981689452,40428000,126.23387145996094
2022-03-09,GOOGL,131.25,133.73550415039062,129.90049743652344,133.4199981689453,37026000,132.506103515625
2022-03-10,GOOGL,131.26600646972656,133.27200317382812,130.91250610351562,132.42950439453125,27102000,131.52239990234375
2022-03-11,GOOGL,133.48849487304688,133.79550170898438,129.63150024414062,129.87049865722656,31526000,128.9809112548828
2022-03-14,GOOGL,130.25,130.40899658203125,125.2750015258789,125.95099639892578,38812000,125.08824920654295
2022-03-15,GOOGL,126.97599792480467,129.85450744628906,125.72049713134766,129.197998046875,30920000,128.31300354003906
2022-03-16,GOOGL,130.73300170898438,133.33299255371094,128.7344970703125,133.28050231933594,35576000,132.3675537109375
2022-03-17,GOOGL,133.1490020751953,134.08050537109375,132.18499755859375,133.83900451660156,28264000,132.92221069335938
2022-03-18,GOOGL,133.42449951171875,136.24400329589844,132.2584991455078,136.12550354003906,44566000,135.19305419921875
2022-03-21,GOOGL,136.1634979248047,137.0500030517578,134.09249877929688,136.10150146484375,26832000,135.16921997070312
2022-03-22,GOOGL,136.10150146484375,141.0500030517578,136.10150146484375,139.8679962158203,35496000,138.90992736816406
2022-03-23,GOOGL,138.70249938964844,139.5885009765625,137.8350067138672,138.27549743652344,25154000,137.32833862304688
2022-03-24,GOOGL,139.1999969482422,141.61900329589844,137.75050354003906,141.57200622558594,26396000,140.60227966308594
2022-03-25,GOOGL,141.91600036621094,142.03500366210938,139.7375030517578,141.67300415039062,24126000,140.7025604248047
2022-03-28,GOOGL,140.90049743652344,142.00250244140625,139.81149291992188,141.45550537109375,35050000,140.48654174804688
2022-03-29,GOOGL,142.6475067138672,143.7935028076172,142.0384979248047,142.5054931640625,34318000,141.5293426513672
2022-03-30,GOOGL,142.4600067138672,142.7205047607422,141.60000610351562,141.93850708007812,19884000,140.9662322998047
2022-03-31,GOOGL,142.05299377441406,142.10800170898438,139.02450561523438,139.0675048828125,37524000,138.1149139404297
2022-04-01,GOOGL,139.5,140.4709930419922,138.3074951171875,140.15049743652344,25942000,139.1904754638672
2022-04-04,GOOGL,140.35850524902344,143.71200561523438,140.3105010986328,142.97149658203125,25942000,141.99215698242188
2022-04-05,GOOGL,142.86900329589844,142.99049377441406,140.38250732421875,140.59100341796875,21418000,139.6279754638672
2022-04-06,GOOGL,138.75,139.36050415039062,135.51699829101562,136.54800415039062,32468000,135.6126708984375
2022-04-07,GOOGL,136.00999450683594,137.1645050048828,134.2274932861328,135.8885040283203,26234000,134.9576873779297
2022-04-08,GOOGL,135.58349609375,135.6699981689453,132.9654998779297,133.28750610351562,25142000,132.37449645996094
2022-04-11,GOOGL,131.82350158691406,132.09249877929688,128.6685028076172,128.82350158691406,36884000,127.94107055664062
2022-04-12,GOOGL,131.60000610351562,131.60000610351562,126.78900146484376,127.7145004272461,32710000,126.83966827392578
2022-04-13,GOOGL,128.0,130.33399963378906,127.74099731445312,129.8939971923828,27928000,129.00424194335938
2022-04-14,GOOGL,130.47950744628906,130.47950744628906,126.60099792480467,126.7300033569336,31598000,125.86193084716795
2022-04-18,GOOGL,127.0,128.21249389648438,126.18199920654295,127.67649841308594,20808000,126.80193328857422
2022-04-19,GOOGL,127.69149780273438,130.33299255371094,126.99949645996094,130.00900268554688,26490000,129.11843872070312
2022-04-20,GOOGL,130.89199829101562,131.3990020751953,127.5,128.0399932861328,31696000,127.16293334960938
2022-04-21,GOOGL,129.25,130.09849548339844,124.52649688720705,124.8144989013672,36446000,123.95953369140624
2022-04-22,GOOGL,125.0,125.4020004272461,118.9250030517578,119.635498046875,56884000,118.81600952148438
2022-04-25,GOOGL,119.10099792480467,123.27749633789062,118.51100158691406,123.0739974975586,46128000,122.23096466064452
2022-04-26,GOOGL,122.29450225830078,122.51000213623048,118.51100158691406,118.6500015258789,73054000,117.83726501464844
2022-04-27,GOOGL,114.46949768066406,117.24199676513672,112.73650360107422,114.29450225830078,91820000,113.5115966796875
2022-04-28,GOOGL,116.41500091552734,119.64949798583984,114.11499786376952,118.52249908447266,48884000,117.71063995361328
2022-04-29,GOOGL,116.7344970703125,117.91999816894533,113.8144989013672,114.1094970703125,42676000,113.32786560058594
2022-05-02,GOOGL,113.40499877929688,116.74549865722656,112.5999984741211,116.58300018310548,35534000,115.784423828125
2022-05-03,GOOGL,116.43049621582033,118.44200134277344,116.03450012207033,117.33399963378906,24968000,116.53028106689452
2022-05-04,GOOGL,117.03150177001952,122.85449981689452,115.11599731445312,122.26100158691406,49916000,121.42353057861328
2022-05-05,GOOGL,120.2040023803711,121.03900146484376,115.00550079345705,116.50550079345705,45840000,115.70745849609376
2022-05-06,GOOGL,115.18450164794922,117.57150268554688,114.0155029296875,115.74649810791016,39710000,114.95365142822266
2022-05-09,GOOGL,113.25,115.0770034790039,112.00050354003906,112.51100158691406,40802000,111.74031829833984
2022-05-10,GOOGL,115.50749969482422,116.25,112.90049743652344,114.3949966430664,39900000,113.61140441894533
2022-05-11,GOOGL,113.23650360107422,116.364501953125,113.23650360107422,113.60250091552734,37534000,112.8243408203125
2022-05-12,GOOGL,111.37750244140624,114.29499816894533,109.82450103759766,112.84400177001952,53836000,112.071044921875
2022-05-13,GOOGL,114.53299713134766,117.875,113.6050033569336,116.05049896240234,35038000,115.25557708740234
2022-05-16,GOOGL,114.95549774169922,116.16999816894533,113.8895034790039,114.44499969482422,25990000,113.66107177734376
2022-05-17,GOOGL,116.84049987792967,116.9000015258789,114.87000274658205,116.4729995727539,23054000,115.67517852783205
2022-05-18,GOOGL,115.0,115.4000015258789,111.55549621582033,111.89949798583984,35126000,111.13300323486328
2022-05-19,GOOGL,111.43150329589844,113.01000213623048,110.0,110.38400268554688,34144000,109.62789154052734
2022-05-20,GOOGL,111.95099639892578,112.18350219726562,105.79650115966795,108.90799713134766,48962000,108.16199493408205
2022-05-23,GOOGL,109.5875015258789,112.14749908447266,108.74099731445312,111.48799896240234,37184000,110.7243194580078
2022-05-24,GOOGL,105.77200317382812,106.45850372314452,101.8844985961914,105.97000122070312,76780000,105.24413299560548
2022-05-25,GOOGL,104.9854965209961,106.5,103.85649871826172,105.80500030517578,40258000,105.08024597167967
2022-05-26,GOOGL,105.677001953125,108.64949798583984,105.2249984741211,107.7925033569336,37948000,107.05414581298828
2022-05-27,GOOGL,109.48300170898438,112.31800079345705,109.13849639892578,112.31649780273438,37914000,111.5471420288086
2022-05-31,GOOGL,112.74649810791016,115.73500061035156,112.07849884033205,113.76200103759766,50012000,112.98274993896484
2022-06-01,GOOGL,114.8550033569336,117.10150146484376,113.25,113.89199829101562,36606000,113.1118621826172
2022-06-02,GOOGL,114.0,117.89949798583984,112.94650268554688,117.62249755859376,37992000,116.8167953491211
2022-06-03,GOOGL,116.0625,116.32150268554688,113.51850128173828,114.54100036621094,26136000,113.75641632080078
2022-06-06,GOOGL,116.70449829101562,119.34700012207033,116.16400146484376,116.82050323486328,33542000,116.02030181884766
2022-06-07,GOOGL,115.48049926757812,117.69100189208984,115.052001953125,117.14949798583984,31590000,116.3470458984375
2022-06-08,GOOGL,116.7614974975586,118.57050323486328,116.5999984741211,117.19400024414062,26108000,116.39124298095705
2022-06-09,GOOGL,116.32749938964844,118.29900360107422,114.7760009765625,114.83550262451172,25798000,114.04890441894533
2022-06-10,GOOGL,112.44499969482422,113.27899932861328,110.36599731445312,111.1614990234375,41452000,110.40005493164062
2022-06-13,GOOGL,106.7864990234375,108.79149627685548,106.11900329589844,106.39250183105467,47252000,105.66372680664062
2022-06-14,GOOGL,106.53500366210938,107.92449951171876,105.8000030517578,106.71549987792967,33706000,105.9845199584961
2022-06-15,GOOGL,108.54499816894533,111.42350006103516,107.66950225830078,109.7645034790039,39698000,109.01262664794922
2022-06-16,GOOGL,107.22100067138672,108.64849853515624,105.13800048828124,106.03350067138672,51684000,105.30718231201172
2022-06-17,GOOGL,106.03350067138672,108.69950103759766,105.0459976196289,107.14350128173828,51376000,106.40959167480467
2022-06-21,GOOGL,108.92949676513672,112.489501953125,108.5999984741211,111.54399871826172,47416000,110.7799301147461
2022-06-22,GOOGL,110.55650329589844,113.34649658203124,110.38249969482422,111.4875030517578,30774000,110.7238311767578
2022-06-23,GOOGL,112.23149871826172,112.74250030517578,110.50050354003906,112.24199676513672,28362000,111.47315216064452
2022-06-24,GOOGL,112.99500274658205,118.0790023803711,112.95249938964844,117.9749984741211,41164000,117.1668930053711
2022-06-27,GOOGL,118.27300262451172,118.57949829101562,115.17949676513672,115.83350372314452,36420000,115.04005432128906
2022-06-28,GOOGL,115.80249786376952,117.30950164794922,111.8479995727539,112.00749969482422,35792000,111.24026489257812
2022-06-29,GOOGL,111.552001953125,113.1604995727539,110.87249755859376,111.70149993896484,24716000,110.93636322021484
2022-06-30,GOOGL,110.0,110.88800048828124,106.75,108.96299743652344,43170000,108.21661376953124
2022-07-01,GOOGL,107.93299865722656,109.25,106.73049926757812,108.7375030517578,35476000,107.99267578125
2022-07-05,GOOGL,107.10050201416016,113.3769989013672,105.73149871826172,113.26300048828124,39342000,112.48717498779295
2022-07-06,GOOGL,113.302001953125,115.5895004272461,111.47599792480467,114.5719985961914,37432000,113.78720092773438
2022-07-07,GOOGL,115.08000183105467,119.1894989013672,114.83350372314452,118.78299713134766,40936000,117.9693603515625
2022-07-08,GOOGL,117.25,119.68499755859376,116.90149688720705,119.35350036621094,38238000,118.53594970703124
2022-07-11,GOOGL,117.9980010986328,117.9980010986328,115.33049774169922,115.67649841308594,31196000,114.88414001464844
2022-07-12,GOOGL,116.21499633789062,116.9739990234375,113.69000244140624,114.02050018310548,29960000,113.23946380615234
2022-07-13,GOOGL,111.70099639892578,114.1959991455078,111.20149993896484,111.35350036621094,43722000,110.59075164794922
2022-07-14,GOOGL,110.21050262451172,111.09300231933594,108.3730010986328,110.36750030517578,37004000,109.61150360107422
2022-07-15,GOOGL,112.00050354003906,113.1405029296875,110.9000015258789,111.77749633789062,46770000,111.01183319091795
2022-07-18,GOOGL,112.63999938964844,113.68000030517578,108.37000274658205,109.02999877929688,43164600,108.2831573486328
2022-07-19,GOOGL,110.8499984741211,114.0199966430664,109.55999755859376,113.80999755859376,36530900,113.0304183959961
2022-07-20,GOOGL,113.16999816894533,115.4000015258789,112.4800033569336,113.9000015258789,35600400,113.11978912353516
2022-07-21,GOOGL,114.27999877929688,114.5500030517578,111.11000061035156,114.33999633789062,32676200,113.5567855834961
2022-07-22,GOOGL,111.0,112.33999633789062,106.5,107.9000015258789,48901200,107.16089630126952
2022-07-25,GOOGL,108.41000366210938,109.87000274658205,106.3000030517578,107.51000213623048,34690900,106.7735824584961
2022-07-26,GOOGL,106.5999984741211,107.1999969482422,104.06999969482422,105.0199966430664,47991000,104.30062866210938
2022-07-27,GOOGL,109.26000213623048,113.91000366210938,108.01000213623048,113.05999755859376,59858500,112.28555297851562
2022-07-28,GOOGL,112.37000274658205,114.33999633789062,111.45999908447266,114.22000122070312,32816600,113.43761444091795
2022-07-29,GOOGL,113.08000183105467,116.70999908447266,113.05999755859376,116.31999969482422,37223400,115.52323150634766
2022-08-01,GOOGL,115.3000030517578,116.72000122070312,114.33999633789062,114.86000061035156,26034300,114.0732192993164
2022-08-02,GOOGL,114.0,116.3499984741211,113.72000122070312,115.12999725341795,20236000,114.34137725830078
2022-08-03,GOOGL,115.70999908447266,118.62000274658205,115.4800033569336,118.08000183105467,28499000,117.27117156982422
2022-08-04,GOOGL,117.4800033569336,118.77999877929688,116.88999938964844,118.19000244140624,21602900,117.3804168701172
2022-08-05,GOOGL,116.2300033569336,118.11000061035156,116.0,117.47000122070312,19159500,116.66534423828124
2022-08-08,GOOGL,118.38999938964844,120.1500015258789,116.87999725341795,117.3000030517578,19138300,116.49651336669922
2022-08-09,GOOGL,117.13999938964844,117.31999969482422,115.70999908447266,116.62999725341795,19086500,115.83109283447266
2022-08-10,GOOGL,118.77999877929688,120.91999816894533,118.41000366210938,119.6999969482422,30930400,118.88007354736328
2022-08-11,GOOGL,121.27999877929688,121.48999786376952,118.55999755859376,118.83999633789062,24293700,118.02595520019533
2022-08-12,GOOGL,120.26000213623048,121.68000030517578,119.45999908447266,121.68000030517578,19096300,120.84650421142578
2022-08-15,GOOGL,121.12999725341795,122.3000030517578,120.61000061035156,122.08000183105467,19494800,121.2437744140625
2022-08-16,GOOGL,121.5199966430664,122.43000030517578,120.63999938964844,121.6999969482422,19041200,120.86636352539062
2022-08-17,GOOGL,120.12000274658205,121.29000091552734,119.37999725341795,119.5500030517578,22847000,118.7311019897461
2022-08-18,GOOGL,119.43000030517578,120.81999969482422,118.72000122070312,120.16999816894533,17987700,119.34685516357422
2022-08-19,GOOGL,119.05999755859376,119.1500015258789,116.76000213623048,117.20999908447266,21809500,116.4071273803711
2022-08-22,GOOGL,115.1999969482422,115.62999725341795,113.8499984741211,114.23999786376952,21456600,113.4574737548828
2022-08-23,GOOGL,113.4800033569336,115.01000213623048,113.43000030517578,113.86000061035156,15870400,113.08007049560548
2022-08-24,GOOGL,113.5,114.77999877929688,112.87000274658205,113.69000244140624,17734600,112.91124725341795
2022-08-25,GOOGL,114.23999786376952,116.72000122070312,114.11000061035156,116.6500015258789,16956800,115.85096740722656
2022-08-26,GOOGL,114.72000122070312,115.12000274658205,110.19000244140624,110.33999633789062,37245700,109.5841827392578
2022-08-29,GOOGL,109.98999786376952,110.9499969482422,108.8000030517578,109.41999816894533,21191200,108.67049407958984
2022-08-30,GOOGL,110.16999816894533,110.5,107.8000030517578,108.94000244140624,27513300,108.19378662109376
2022-08-31,GOOGL,110.6500015258789,110.8499984741211,108.12999725341795,108.22000122070312,28627000,107.47870635986328
2022-09-01,GOOGL,108.27999877929688,110.4499969482422,107.36000061035156,109.73999786376952,28360900,108.98829650878906
2022-09-02,GOOGL,110.58999633789062,110.73999786376952,107.26000213623048,107.8499984741211,24160700,107.11123657226562
2022-09-06,GOOGL,107.3000030517578,108.02999877929688,105.77999877929688,106.80999755859376,25068300,106.07837677001952
2022-09-07,GOOGL,107.05999755859376,109.9800033569336,106.9000015258789,109.4499969482422,23167000,108.70027160644533
2022-09-08,GOOGL,108.04000091552734,109.5999984741211,107.16000366210938,108.37999725341795,24238300,107.63760375976562
2022-09-09,GOOGL,109.06999969482422,110.98999786376952,109.0199966430664,110.6500015258789,23197700,109.8920669555664
2022-09-12,GOOGL,110.98999786376952,111.62000274658205,109.93000030517578,110.86000061035156,22966800,110.1006317138672
2022-09-13,GOOGL,107.8000030517578,108.3000030517578,104.08999633789062,104.31999969482422,38172900,103.6054229736328
2022-09-14,GOOGL,104.56999969482422,105.27999877929688,103.66000366210938,105.0,26395100,104.28076171875
2022-09-15,GOOGL,104.02999877929688,105.2699966430664,102.3499984741211,102.91000366210938,34188300,102.205078125
2022-09-16,GOOGL,102.06999969482422,103.12999725341795,100.94000244140624,102.8000030517578,42797200,102.09584045410156
2022-09-19,GOOGL,101.75,103.33000183105467,101.5500030517578,103.06999969482422,23036800,102.36398315429688
2022-09-20,GOOGL,102.08000183105467,102.37000274658205,100.5199966430664,101.13999938964844,26517100,100.44720458984376
2022-09-21,GOOGL,101.66999816894533,102.87999725341795,99.2699966430664,99.27999877929688,31487300,98.59996032714844
2022-09-22,GOOGL,98.81999969482422,101.23999786376952,98.79000091552734,100.13999938964844,34298600,99.4540557861328
2022-09-23,GOOGL,99.62999725341795,99.66000366210938,97.47000122070312,98.73999786376952,31625400,98.06364440917967
2022-09-26,GOOGL,98.0999984741211,99.87999725341795,97.8000030517578,98.16999816894533,27072700,97.4975357055664
2022-09-27,GOOGL,99.43000030517578,100.0,96.87000274658205,97.5,30072800,96.8321533203125
2022-09-28,GOOGL,97.6500015258789,100.6999969482422,97.11000061035156,100.0500030517578,32466300,99.36468505859376
2022-09-29,GOOGL,98.63999938964844,98.63999938964844,95.95999908447266,97.41999816894533,31047200,96.752685546875
2022-09-30,GOOGL,97.0500030517578,98.9000015258789,95.55999755859376,95.6500015258789,32941500,94.99481964111328
2022-10-03,GOOGL,96.76000213623048,99.29000091552734,96.5199966430664,98.63999938964844,27982000,97.9643325805664
2022-10-04,GOOGL,100.44000244140624,101.83999633789062,100.37999725341795,101.63999938964844,28850800,100.94378662109376
2022-10-05,GOOGL,99.83000183105467,101.93000030517578,98.8000030517578,101.43000030517578,22176900,100.73521423339844
2022-10-06,GOOGL,100.68000030517578,102.93000030517578,100.58999633789062,101.41999816894533,22324000,100.7252960205078
2022-10-07,GOOGL,99.8499984741211,100.52999877929688,98.3000030517578,98.68000030517578,27502800,98.00405883789062
2022-10-10,GOOGL,99.0,99.0999984741211,97.01000213623048,97.86000061035156,18225100,97.1896743774414
2022-10-11,GOOGL,97.43000030517578,99.25,96.30999755859376,97.18000030517578,26507100,96.51432800292967
2022-10-12,GOOGL,97.3000030517578,98.75,96.73999786376952,97.55999755859376,21876400,96.8917236328125
2022-10-13,GOOGL,95.1500015258789,99.77999877929688,94.37999725341795,99.05999755859376,34574500,98.3814468383789
2022-10-14,GOOGL,99.98999786376952,100.69000244140624,96.37000274658205,96.55999755859376,25410700,95.89857482910156
2022-10-17,GOOGL,98.86000061035156,100.93000030517578,98.83000183105467,99.97000122070312,28419200,99.28522491455078
2022-10-18,GOOGL,103.12999725341795,103.47000122070312,99.97000122070312,100.7699966430664,24060700,100.0797348022461
2022-10-19,GOOGL,100.01000213623048,101.0199966430664,98.91999816894533,99.62999725341795,23811100,98.94754791259766
2022-10-20,GOOGL,100.0,102.31999969482422,99.38999938964844,99.97000122070312,25323200,99.28522491455078
2022-10-21,GOOGL,97.8499984741211,101.30999755859376,97.72000122070312,101.12999725341795,32458700,100.43726348876952
2022-10-24,GOOGL,101.8000030517578,102.75,99.9800033569336,102.5199966430664,27176400,101.81775665283205
2022-10-25,GOOGL,102.9000015258789,104.81999969482422,102.72000122070312,104.4800033569336,40611400,103.76432800292967
2022-10-26,GOOGL,96.43000030517578,98.30999755859376,94.69000244140624,94.93000030517578,88114100,94.27974700927734
2022-10-27,GOOGL,94.5199966430664,95.43000030517578,91.8000030517578,92.22000122070312,60710900,91.58830261230467
2022-10-28,GOOGL,92.2699966430664,96.5500030517578,92.12999725341795,96.29000091552734,43697300,95.63043212890624
2022-10-31,GOOGL,95.41999816894533,96.02999877929688,93.9800033569336,94.51000213623048,31675000,93.86262512207033
2022-11-01,GOOGL,95.4499969482422,96.02999877929688,90.37000274658205,90.47000122070312,47161400,89.85029602050781
2022-11-02,GOOGL,90.94000244140624,91.18000030517578,86.87999725341797,86.97000122070312,57038300,86.37427520751953
2022-11-03,GOOGL,86.31999969482422,86.5199966430664,83.33999633789062,83.43000030517578,61288000,82.8585205078125
2022-11-04,GOOGL,85.4000015258789,86.63999938964844,83.70999908447266,86.58000183105469,51124900,85.9869384765625
2022-11-07,GOOGL,87.27999877929688,88.9000015258789,86.8499984741211,88.48999786376953,34078900,87.88385772705078
2022-11-08,GOOGL,88.9000015258789,90.31999969482422,87.58999633789062,88.9000015258789,30429000,88.29104614257812
2022-11-09,GOOGL,88.44999694824219,89.44000244140625,87.27999877929688,87.31999969482422,31769100,86.72187042236328
2022-11-10,GOOGL,92.25,94.38999938964844,91.61000061035156,93.94000244140624,51620100,93.29651641845705
2022-11-11,GOOGL,94.69000244140624,96.93000030517578,93.91999816894533,96.41000366210938,33090500,95.7496109008789
2022-11-14,GOOGL,95.08999633789062,96.79000091552734,94.51000213623048,95.6999969482422,30179500,95.04446411132812
2022-11-15,GOOGL,98.26000213623048,100.13999938964844,96.70999908447266,98.44000244140624,41640800,97.76570129394533
2022-11-16,GOOGL,97.9000015258789,99.63999938964844,97.63999938964844,98.8499984741211,29105200,98.17288970947266
2022-11-17,GOOGL,96.97000122070312,99.27999877929688,96.79000091552734,98.36000061035156,26052600,97.68624877929688
2022-11-18,GOOGL,98.7699966430664,98.9000015258789,96.37000274658205,97.43000030517578,28342300,96.76261901855467
2022-11-21,GOOGL,97.29000091552734,98.4000015258789,95.36000061035156,95.5999984741211,21647400,94.94515228271484
2022-11-22,GOOGL,95.9499969482422,97.22000122070312,94.0500030517578,97.0500030517578,23438500,96.38522338867188
2022-11-23,GOOGL,97.08999633789062,98.76000213623048,97.08999633789062,98.45999908447266,18868100,97.78556060791016
2022-11-25,GOOGL,98.23999786376952,98.63999938964844,97.4000015258789,97.45999908447266,9701400,96.79241180419922
2022-11-28,GOOGL,97.04000091552734,97.58000183105467,95.61000061035156,96.0500030517578,26237500,95.39208221435548
2022-11-29,GOOGL,95.7300033569336,96.12000274658205,94.11000061035156,95.19000244140624,20061700,94.53797149658205
2022-11-30,GOOGL,94.81999969482422,101.04000091552734,94.41999816894533,100.98999786376952,43647500,100.29823303222656
2022-12-01,GOOGL,101.0199966430664,102.25,100.25,100.98999786376952,28687100,100.29823303222656
2022-12-02,GOOGL,99.0500030517578,100.7699966430664,98.9000015258789,100.44000244140624,21480700,99.7519989013672
2022-12-05,GOOGL,99.4000015258789,101.37999725341795,99.0,99.4800033569336,24405100,98.798583984375
2022-12-06,GOOGL,99.3000030517578,99.77999877929688,96.41999816894533,96.9800033569336,24910700,96.31570434570312
2022-12-07,GOOGL,96.41000366210938,96.87999725341795,94.72000122070312,94.94000244140624,31045400,94.2896728515625
2022-12-08,GOOGL,95.37999725341795,95.58000183105467,93.4499969482422,93.70999908447266,32213300,93.06809997558594
2022-12-09,GOOGL,93.7699966430664,94.26000213623048,92.75,92.83000183105467,28225400,92.19412994384766
2022-12-12,GOOGL,92.70999908447266,93.55999755859376,91.61000061035156,93.30999755859376,29420000,92.67084503173828
2022-12-13,GOOGL,97.76000213623048,99.52999877929688,95.02999877929688,95.62999725341795,40593700,94.9749526977539
2022-12-14,GOOGL,95.1999969482422,96.87000274658205,93.5999984741211,95.06999969482422,28733600,94.41879272460938
2022-12-15,GOOGL,93.12999725341795,93.63999938964844,90.01000213623047,90.86000061035156,40107000,90.23762512207033
2022-12-16,GOOGL,90.76000213623048,91.33000183105467,89.5199966430664,90.26000213623048,58011800,89.64173126220703
2022-12-19,GOOGL,90.26000213623048,90.55999755859376,88.20999908447266,88.44000244140625,29493000,87.83419799804688
2022-12-20,GOOGL,88.11000061035156,89.18000030517578,87.44000244140625,89.0199966430664,23453800,88.41022491455078
2022-12-21,GOOGL,89.08000183105469,90.22000122070312,88.31999969482422,89.58000183105469,24745600,88.96640014648438
2022-12-22,GOOGL,88.16000366210938,88.54000091552734,86.31999969482422,87.76000213623047,27658300,87.15885162353516
2022-12-23,GOOGL,87.11000061035156,89.55000305175781,87.06999969482422,89.2300033569336,23003000,88.61878967285156
2022-12-27,GOOGL,88.80000305175781,88.94000244140625,87.01000213623047,87.38999938964844,20097300,86.79139709472656
2022-12-28,GOOGL,86.9800033569336,88.04000091552734,85.94000244140625,86.0199966430664,19523200,85.43077850341797
2022-12-29,GOOGL,86.62000274658203,88.8499984741211,86.61000061035156,88.44999694824219,23333500,87.84413146972656
2022-12-30,GOOGL,86.9800033569336,88.30000305175781,86.56999969482422,88.2300033569336,23986300,87.62564086914062
2023-01-03,GOOGL,89.58999633789062,91.0500030517578,88.5199966430664,89.12000274658203,28131200,88.5095443725586
2023-01-04,GOOGL,90.3499984741211,90.6500015258789,87.2699966430664,88.08000183105469,34854800,87.47666931152344
2023-01-05,GOOGL,87.47000122070312,87.56999969482422,85.9000015258789,86.19999694824219,27194400,85.60954284667969
2023-01-06,GOOGL,86.79000091552734,87.69000244140625,84.86000061035156,87.33999633789062,41381500,86.7417221069336
2023-01-09,GOOGL,88.36000061035156,90.05000305175781,87.86000061035156,88.0199966430664,29003900,87.41706848144531
2023-01-10,GOOGL,85.9800033569336,88.66999816894531,85.83000183105469,88.41999816894531,30467800,87.8143310546875
2023-01-11,GOOGL,89.18000030517578,91.5999984741211,89.01000213623047,91.5199966430664,26862000,90.8930892944336
2023-01-12,GOOGL,91.4800033569336,91.87000274658205,89.75,91.12999725341795,30258100,90.50576782226562
2023-01-13,GOOGL,90.8499984741211,92.19000244140624,90.12999725341795,92.12000274658205,26329200,91.48898315429688
2023-01-17,GOOGL,92.05999755859376,92.25,90.05000305175781,91.29000091552734,32602400,90.6646728515625
2023-01-18,GOOGL,92.13999938964844,92.8000030517578,90.63999938964844,91.12000274658205,29116700,90.495849609375
2023-01-19,GOOGL,90.72000122070312,93.61000061035156,90.62999725341795,93.0500030517578,37000400,92.41262817382812
2023-01-20,GOOGL,95.0999984741211,98.3000030517578,95.0199966430664,98.0199966430664,63191100,97.34857940673828
2023-01-23,GOOGL,97.9499969482422,100.04000091552734,97.5,99.79000091552734,40005100,99.10645294189452
2023-01-24,GOOGL,98.0999984741211,99.61000061035156,97.1999969482422,97.6999969482422,33078500,97.03076934814452
2023-01-25,GOOGL,95.56999969482422,96.16000366210938,93.76000213623048,95.22000122070312,42330000,94.56775665283205
2023-01-26,GOOGL,96.5,97.56999969482422,95.37999725341795,97.5199966430664,30114000,96.8520050048828
2023-01-27,GOOGL,97.30999755859376,100.31999969482422,97.30999755859376,99.37000274658205,33879800,98.6893310546875
2023-01-30,GOOGL,97.4800033569336,98.29000091552734,96.4000015258789,96.94000244140624,27226200,96.2759780883789
2023-01-31,GOOGL,96.87000274658205,98.87999725341795,96.81999969482422,98.83999633789062,29870700,98.16295623779295
2023-02-01,GOOGL,98.70999908447266,101.19000244140624,97.58000183105467,100.43000030517578,35531100,99.74207305908205
2023-02-02,GOOGL,105.8000030517578,107.8499984741211,105.61000061035156,107.73999786376952,69883800,107.00199127197266
2023-02-03,GOOGL,102.93000030517578,107.80999755859376,102.58000183105467,104.77999877929688,65309300,104.06227111816406
2023-02-06,GOOGL,102.4000015258789,104.36000061035156,101.87999725341795,102.9000015258789,31999600,102.19515991210938
2023-02-07,GOOGL,103.22000122070312,108.18000030517578,103.12000274658205,107.63999938964844,49010200,106.90267944335938
2023-02-08,GOOGL,102.0500030517578,103.13999938964844,98.04000091552734,99.37000274658205,94743500,98.6893310546875
2023-02-09,GOOGL,100.0,100.02999877929688,93.62999725341795,95.01000213623048,119455000,94.35919952392578
2023-02-10,GOOGL,95.4499969482422,96.75,94.25,94.56999969482422,54980700,93.92221069335938
2023-02-13,GOOGL,94.73999786376952,95.1999969482422,93.83999633789062,94.61000061035156,50076100,93.9619369506836
2023-02-14,GOOGL,94.43000030517578,94.8499984741211,92.26000213623048,94.68000030517578,54726100,94.03145599365234
2023-02-15,GOOGL,94.48999786376952,97.12000274658205,94.1500015258789,96.94000244140624,50169000,96.2759780883789
2023-02-16,GOOGL,95.37000274658205,97.68000030517578,94.73999786376952,95.51000213623048,42462600,94.85577392578124
2023-02-17,GOOGL,94.8499984741211,95.55999755859376,93.20999908447266,94.3499984741211,34284100,93.70372009277344
2023-02-21,GOOGL,93.0,93.0999984741211,91.72000122070312,91.79000091552734,33629300,91.16126251220705
2023-02-22,GOOGL,91.6999969482422,92.11000061035156,90.61000061035156,91.6500015258789,30884000,91.022216796875
2023-02-23,GOOGL,91.91999816894533,91.94000244140624,89.76000213623047,90.88999938964844,41206400,90.26741790771484
2023-02-24,GOOGL,89.44000244140625,89.88999938964844,88.58000183105469,89.12999725341797,36585100,88.51947021484375
2023-02-27,GOOGL,89.87000274658203,90.16000366210938,89.33999633789062,89.87000274658203,27502300,89.25440216064453
2023-02-28,GOOGL,89.33000183105469,91.2300033569336,89.31999969482422,90.05999755859375,30142000,89.44310760498047
2023-03-01,GOOGL,89.9800033569336,91.02999877929688,89.66999816894531,90.36000061035156,31111200,89.74105072021484
2023-03-02,GOOGL,89.66000366210938,92.27999877929688,89.58999633789062,92.0,32204400,91.36980438232422
2023-03-03,GOOGL,92.4800033569336,93.7300033569336,92.4499969482422,93.6500015258789,35160100,93.00851440429688
2023-03-06,GOOGL,94.0199966430664,95.97000122070312,94.0,95.12999725341795,32639300,94.4783706665039
2023-03-07,GOOGL,94.9800033569336,95.66999816894533,93.52999877929688,93.86000061035156,27835500,93.21707153320312
2023-03-08,GOOGL,94.12000274658205,95.95999908447266,94.0,94.25,34103300,93.60440063476562
2023-03-09,GOOGL,94.0500030517578,95.52999877929688,91.9000015258789,92.31999969482422,28813500,91.68761444091795
2023-03-10,GOOGL,92.16999816894533,92.79000091552734,90.4000015258789,90.62999725341795,35941000,90.00919342041016
2023-03-13,GOOGL,90.08999633789062,92.56999969482422,89.41999816894531,91.11000061035156,37335600,90.48590850830078
2023-03-14,GOOGL,92.55999755859376,94.36000061035156,92.44000244140624,93.97000122070312,36050200,93.32632446289062
2023-03-15,GOOGL,93.22000122070312,96.93000030517578,92.63999938964844,96.11000061035156,50622100,95.45166015625
2023-03-16,GOOGL,96.1999969482422,101.19000244140624,95.5,100.31999969482422,65492000,99.63282012939452
2023-03-17,GOOGL,100.26000213623048,102.83999633789062,100.0999984741211,101.62000274658205,61028500,100.92391967773438
2023-03-20,GOOGL,100.12000274658205,101.75,99.87000274658205,101.22000122070312,32960400,100.52666473388672
2023-03-21,GOOGL,101.25,105.0999984741211,101.22000122070312,104.91999816894533,42110300,104.2013168334961
2023-03-22,GOOGL,104.2699966430664,106.58999633789062,103.33000183105467,103.37000274658205,43427400,102.66194152832033
2023-03-23,GOOGL,105.05999755859376,106.3000030517578,104.45999908447266,105.5999984741211,40797800,104.87664794921876
2023-03-24,GOOGL,104.98999786376952,105.48999786376952,103.83999633789062,105.44000244140624,30393300,104.71775817871094
2023-03-27,GOOGL,104.62000274658205,104.76000213623048,101.93000030517578,102.45999908447266,31120900,101.7581558227539
2023-03-28,GOOGL,102.44000244140624,102.4499969482422,99.73999786376952,101.02999877929688,32057900,100.33795928955078
2023-03-29,GOOGL,102.27999877929688,102.48999786376952,100.6500015258789,101.38999938964844,28779600,100.69548797607422
2023-03-30,GOOGL,100.91000366210938,101.16000366210938,99.77999877929688,100.88999938964844,33086200,100.19891357421876
2023-03-31,GOOGL,101.3000030517578,103.88999938964844,101.04000091552734,103.7300033569336,36863400,103.01947784423828
2023-04-03,GOOGL,102.38999938964844,104.52999877929688,101.93000030517578,104.36000061035156,25035400,103.64514923095705
2023-04-04,GOOGL,104.33000183105467,105.58000183105467,104.04000091552734,104.72000122070312,24420100,104.002685546875
2023-04-05,GOOGL,105.77999877929688,106.0999984741211,103.66000366210938,104.47000122070312,28290500,103.75439453125
2023-04-06,GOOGL,105.26000213623048,109.16999816894533,104.33000183105467,108.41999816894533,48711500,107.67733764648438
2023-04-10,GOOGL,106.9800033569336,107.58999633789062,105.12000274658205,106.44000244140624,27067400,105.71090698242188
2023-04-11,GOOGL,106.5500030517578,106.7300033569336,104.68000030517578,105.3499984741211,26311800,104.6283721923828
2023-04-12,GOOGL,106.58000183105467,106.75,104.33999633789062,104.63999938964844,24370300,103.92323303222656
2023-04-13,GOOGL,105.83999633789062,107.48999786376952,105.83999633789062,107.43000030517578,24843600,106.69412231445312
2023-04-14,GOOGL,106.88999938964844,108.94000244140624,106.83999633789062,108.87000274658205,26578000,108.12425994873048
2023-04-17,GOOGL,104.66000366210938,106.16000366210938,104.5199966430664,105.97000122070312,37571200,105.24413299560548
2023-04-18,GOOGL,106.48999786376952,106.54000091552734,104.06999969482422,104.5,26596400,103.78419494628906
2023-04-19,GOOGL,103.58000183105467,104.9800033569336,103.06999969482422,104.18000030517578,20905700,103.46638488769533
2023-04-20,GOOGL,103.91000366210938,106.25,103.87000274658205,105.29000091552734,27820800,104.56877899169922
2023-04-21,GOOGL,105.47000122070312,106.0,104.77999877929688,105.41000366210938,25800100,104.6879653930664
2023-04-24,GOOGL,105.48999786376952,106.62999725341795,104.6999969482422,105.97000122070312,23542800,105.24413299560548
2023-04-25,GOOGL,105.83000183105467,106.69000244140624,103.83999633789062,103.8499984741211,46664100,103.1386489868164
2023-04-26,GOOGL,104.91999816894533,106.3499984741211,102.62999725341795,103.70999908447266,53347600,102.99960327148438
2023-04-27,GOOGL,104.4499969482422,108.37000274658205,103.54000091552734,107.58999633789062,50089200,106.85301971435548
2023-04-28,GOOGL,107.04000091552734,107.3499984741211,105.08999633789062,107.33999633789062,36139800,106.60472869873048
2023-05-01,GOOGL,106.83999633789062,107.98999786376952,106.81999969482422,107.1999969482422,26681700,106.46569061279295
2023-05-02,GOOGL,107.13999938964844,107.1999969482422,103.70999908447266,105.31999969482422,30997200,104.59857177734376
2023-05-03,GOOGL,105.52999877929688,107.48999786376952,104.95999908447266,105.41000366210938,21795400,104.6879653930664
2023-05-04,GOOGL,105.48999786376952,105.5999984741211,103.97000122070312,104.69000244140624,23419500,103.97288513183594
2023-05-05,GOOGL,104.81999969482422,105.87999725341795,104.11000061035156,105.56999969482422,26639300,104.84687042236328
2023-05-08,GOOGL,105.18000030517578,107.95999908447266,105.16000366210938,107.7699966430664,26511400,107.03179168701172
2023-05-09,GOOGL,108.38999938964844,110.1500015258789,107.19000244140624,107.3499984741211,36360100,106.61467742919922
2023-05-10,GOOGL,107.97000122070312,112.94000244140624,107.93000030517578,111.75,63153400,110.98453521728516
2023-05-11,GOOGL,115.4000015258789,117.91999816894533,114.41000366210938,116.56999969482422,78900000,115.7715072631836
2023-05-12,GOOGL,116.68000030517578,118.02999877929688,116.11000061035156,117.51000213623048,41102300,116.705078125
2023-05-15,GOOGL,116.11000061035156,118.4800033569336,116.01000213623048,116.51000213623048,36266800,115.71192169189452
2023-05-16,GOOGL,116.48999786376952,120.75,116.43000030517578,119.51000213623048,45035600,118.69137573242188
2023-05-17,GOOGL,119.61000061035156,121.66999816894533,118.88999938964844,120.83999633789062,33323600,120.01226806640624
2023-05-18,GOOGL,120.9499969482422,123.30999755859376,120.83000183105467,122.83000183105467,35234200,121.98863220214844
2023-05-19,GOOGL,123.5500030517578,125.97000122070312,122.1500015258789,122.76000213623048,41353400,121.91912078857422
2023-05-22,GOOGL,122.94000244140624,126.43000030517578,122.73999786376952,125.0500030517578,35253000,124.19343566894533
2023-05-23,GOOGL,124.16000366210938,124.62999725341795,122.20999908447266,122.55999755859376,34046300,121.72048950195312
2023-05-24,GOOGL,121.12000274658205,121.91000366210938,119.86000061035156,120.9000015258789,34182600,120.07186126708984
2023-05-25,GOOGL,124.5199966430664,125.31999969482422,121.95999908447266,123.4800033569336,42317000,122.63418579101562
2023-05-26,GOOGL,123.16999816894533,125.26000213623048,122.4499969482422,124.61000061035156,35635900,123.75643920898438
2023-05-30,GOOGL,125.63999938964844,125.66000366210938,122.0,123.66999816894533,35076700,122.8228759765625
2023-05-31,GOOGL,122.75,124.05999755859376,122.5,122.87000274658205,37325800,122.02835083007812
2023-06-01,GOOGL,122.81999969482422,124.41999816894533,122.62000274658205,123.72000122070312,30772700,122.8725357055664
2023-06-02,GOOGL,123.98999786376952,126.1500015258789,123.76000213623048,124.66999816894533,26980100,123.8160171508789
2023-06-05,GOOGL,124.01000213623048,127.43000030517578,123.83999633789062,126.01000213623048,32305500,125.14685821533205
2023-06-06,GOOGL,126.01000213623048,128.2899932861328,125.36000061035156,127.30999755859376,26638300,126.43795013427734
2023-06-07,GOOGL,126.97000122070312,129.0399932861328,122.12000274658205,122.5,52539000,121.66090393066406
2023-06-08,GOOGL,122.2300033569336,123.2300033569336,121.23999786376952,122.13999938964844,29389200,121.3033676147461
2023-06-09,GOOGL,122.25,123.76000213623048,121.91000366210938,122.2300033569336,23778300,121.39274597167967
2023-06-12,GOOGL,122.79000091552734,124.0500030517578,121.66000366210938,123.63999938964844,28306400,122.79308319091795
2023-06-13,GOOGL,124.9800033569336,125.16000366210938,123.18000030517578,123.83000183105467,22278300,122.98178100585938
2023-06-14,GOOGL,123.0999984741211,124.0500030517578,121.4499969482422,123.66999816894533,30592300,122.8228759765625
2023-06-15,GOOGL,123.13999938964844,125.45999908447266,122.4000015258789,125.08999633789062,35246300,124.233154296875
2023-06-16,GOOGL,125.93000030517578,126.11000061035156,123.27999877929688,123.52999877929688,45535600,122.68383026123048
2023-06-20,GOOGL,122.93000030517578,124.56999969482422,122.13999938964844,123.0999984741211,26097500,122.2567901611328
2023-06-21,GOOGL,122.4000015258789,122.66000366210938,120.0999984741211,120.5500030517578,30306300,119.72425079345705
2023-06-22,GOOGL,120.0,123.23999786376952,118.83000183105467,123.1500015258789,26952200,122.30643463134766
2023-06-23,GOOGL,121.37999725341795,122.79000091552734,121.05999755859376,122.33999633789062,34913600,121.50198364257812
2023-06-26,GOOGL,120.76000213623048,122.0,118.2699966430664,118.33999633789062,33969900,117.52938842773438
2023-06-27,GOOGL,117.08000183105467,119.08000183105467,116.0999984741211,118.33000183105467,39535900,117.51947021484376
2023-06-28,GOOGL,117.08999633789062,120.38999938964844,116.8499984741211,120.18000030517578,27091400,119.35678100585938
2023-06-29,GOOGL,119.23999786376952,120.05999755859376,118.3000030517578,119.0999984741211,24090900,118.2841796875
2023-06-30,GOOGL,120.16999816894533,121.08000183105467,119.69000244140624,119.6999969482422,29532200,118.88007354736328
2023-07-03,GOOGL,119.23999786376952,120.19000244140624,118.81999969482422,119.9000015258789,14467900,119.07870483398438
2023-07-05,GOOGL,119.23999786376952,122.61000061035156,119.2300033569336,121.75,27584800,120.91603088378906
2023-07-06,GOOGL,119.8000030517578,120.3000030517578,118.4000015258789,120.11000061035156,24745200,119.28726196289062
2023-07-07,GOOGL,120.0999984741211,121.0500030517578,119.4000015258789,119.4800033569336,21709500,118.66158294677734
2023-07-10,GOOGL,118.3000030517578,118.30999755859376,116.13999938964844,116.4499969482422,35315200,115.65232849121094
2023-07-11,GOOGL,116.29000091552734,117.70999908447266,115.3499984741211,117.13999938964844,23078800,116.33760833740234
2023-07-12,GOOGL,118.8000030517578,120.33000183105467,118.41000366210938,118.93000030517578,30404400,118.11534881591795
2023-07-13,GOOGL,120.93000030517578,124.83000183105467,120.4499969482422,124.54000091552734,44297900,123.68692016601562
2023-07-14,GOOGL,124.8000030517578,126.77999877929688,123.48999786376952,125.41999816894533,33283100,124.56088256835938
2023-07-17,GOOGL,125.94000244140624,127.0999984741211,124.1999969482422,124.6500015258789,25716200,123.79615783691406
2023-07-18,GOOGL,124.5999984741211,124.68000030517578,122.95999908447266,123.76000213623048,26193600,122.9122543334961
2023-07-19,GOOGL,124.5999984741211,125.18000030517578,121.8000030517578,122.02999877929688,37224000,121.1941146850586
2023-07-20,GOOGL,121.41999816894533,124.08999633789062,118.22000122070312,119.1999969482422,37906800,118.3834991455078
2023-07-21,GOOGL,120.62000274658205,120.98999786376952,118.7300033569336,120.0199966430664,72937900,119.1978759765625
2023-07-24,GOOGL,121.66000366210938,123.0,120.9800033569336,121.52999877929688,29686100,120.6975326538086
2023-07-25,GOOGL,121.36000061035156,123.1500015258789,121.0199966430664,122.20999908447266,52509600,121.37287902832033
2023-07-26,GOOGL,130.07000732421875,130.97999572753906,128.32000732421875,129.27000427246094,61682100,128.38453674316406
2023-07-27,GOOGL,131.6699981689453,133.24000549316406,128.7899932861328,129.39999389648438,44952100,128.51364135742188
2023-07-28,GOOGL,130.77999877929688,133.74000549316406,130.57000732421875,132.5800018310547,36591200,131.67184448242188
2023-07-31,GOOGL,132.72999572753906,133.52999877929688,131.77999877929688,132.72000122070312,28055500,131.81089782714844
2023-08-01,GOOGL,130.77999877929688,132.6300048828125,130.67999267578125,131.5500030517578,23166800,130.64891052246094
2023-08-02,GOOGL,129.4499969482422,130.08999633789062,127.55999755859376,128.3800048828125,26273300,127.5006103515625
2023-08-03,GOOGL,127.97000122070312,129.38999938964844,127.41999816894533,128.4499969482422,20089500,127.57012939453124
2023-08-04,GOOGL,129.27999877929688,131.50999450683594,127.91000366210938,128.11000061035156,26147200,127.2324676513672
2023-08-07,GOOGL,129.16000366210938,131.61000061035156,129.02000427246094,131.52999877929688,22746300,130.6290283203125
2023-08-08,GOOGL,130.6199951171875,131.50999450683594,129.5399932861328,131.39999389648438,23535200,130.4999237060547
2023-08-09,GOOGL,131.66000366210938,132.0399932861328,129.0,129.66000366210938,24912900,128.77183532714844
2023-08-10,GOOGL,131.32000732421875,132.0500030517578,129.4499969482422,129.69000244140625,20857800,128.80165100097656
2023-08-11,GOOGL,128.66000366210938,129.92999267578125,128.1699981689453,129.55999755859375,19591100,128.6725311279297
2023-08-14,GOOGL,129.38999938964844,131.3699951171875,128.9600067138672,131.3300018310547,24695600,130.43040466308594
2023-08-15,GOOGL,131.10000610351562,131.4199981689453,129.27999877929688,129.77999877929688,19770700,128.89102172851562
2023-08-16,GOOGL,128.6999969482422,130.27999877929688,127.87000274658205,128.6999969482422,25216100,127.81842803955078
2023-08-17,GOOGL,129.8000030517578,131.99000549316406,129.2899932861328,129.9199981689453,33446300,129.03005981445312
2023-08-18,GOOGL,128.50999450683594,129.25,126.37999725341795,127.45999908447266,30504800,126.58690643310548
2023-08-21,GOOGL,127.18000030517578,128.72999572753906,126.55999755859376,128.3699951171875,25248700,127.49068450927734
2023-08-22,GOOGL,128.50999450683594,130.27999877929688,128.32000732421875,129.0800018310547,22054900,128.19583129882812
2023-08-23,GOOGL,130.17999267578125,133.41000366210938,129.8699951171875,132.3699951171875,27819700,131.46327209472656
2023-08-24,GOOGL,133.9499969482422,134.25,129.57000732421875,129.77999877929688,28500700,128.89102172851562
2023-08-25,GOOGL,129.5399932861328,130.75999450683594,127.25,129.8800048828125,26762900,128.9903564453125
2023-08-28,GOOGL,131.30999755859375,132.5399932861328,130.13999938964844,131.00999450683594,20543300,130.1125946044922
2023-08-29,GOOGL,132.24000549316406,136.57000732421875,132.24000549316406,134.57000732421875,43075600,133.64822387695312
2023-08-30,GOOGL,134.77999877929688,136.27999877929688,134.07000732421875,135.8800048828125,28315800,134.94924926757812
2023-08-31,GOOGL,136.00999450683594,138.0,135.7899932861328,136.1699981689453,30053800,135.2372589111328
2023-09-01,GOOGL,137.4600067138672,137.4600067138672,134.85000610351562,135.66000366210938,21543700,134.73074340820312
2023-09-05,GOOGL,135.44000244140625,136.4199981689453,134.5800018310547,135.77000427246094,19403100,134.8400115966797
2023-09-06,GOOGL,136.02000427246094,136.52999877929688,133.6699981689453,134.4600067138672,18684500,133.53897094726562
2023-09-07,GOOGL,133.58999633789062,135.5800018310547,132.9499969482422,135.25999450683594,18844300,134.33348083496094
2023-09-08,GOOGL,134.91000366210938,136.66000366210938,134.85000610351562,136.3800048828125,23558300,135.44581604003906
2023-09-11,GOOGL,136.5399932861328,137.47999572753906,135.7899932861328,136.9199981689453,20763400,135.98211669921875
2023-09-12,GOOGL,136.25999450683594,136.8699951171875,135.19000244140625,135.33999633789062,18405500,134.41293334960938
2023-09-13,GOOGL,135.08999633789062,136.89999389648438,134.14999389648438,136.7100067138672,20749500,135.7735595703125
2023-09-14,GOOGL,137.60000610351562,138.6999969482422,136.24000549316406,138.10000610351562,24751000,137.15402221679688
2023-09-15,GOOGL,137.97999572753906,138.52000427246094,136.47999572753906,137.39999389648438,38919600,136.4588165283203
2023-09-18,GOOGL,136.61000061035156,139.16000366210938,136.61000061035156,138.2100067138672,21861300,137.2633056640625
2023-09-19,GOOGL,137.4199981689453,138.41000366210938,136.6199951171875,138.0399932861328,20353700,137.0944366455078
2023-09-20,GOOGL,138.0800018310547,138.0800018310547,133.6199951171875,133.74000549316406,29927500,132.82391357421875
2023-09-21,GOOGL,131.44000244140625,132.22999572753906,130.07000732421875,130.44000244140625,31503900,129.5465087890625
2023-09-22,GOOGL,130.75999450683594,132.02999877929688,129.60000610351562,130.25,26397300,129.3577880859375
2023-09-25,GOOGL,129.8300018310547,131.1699981689453,128.9600067138672,131.11000061035156,20094600,130.2119140625
2023-09-26,GOOGL,129.77000427246094,130.36000061035156,127.22000122070312,128.57000732421875,25718700,127.68932342529295
2023-09-27,GOOGL,128.57000732421875,130.89999389648438,128.57000732421875,130.5399932861328,22746500,129.6457977294922
2023-09-28,GOOGL,129.83999633789062,133.3000030517578,129.7899932861328,132.30999755859375,22513100,131.40370178222656
2023-09-29,GOOGL,133.27999877929688,134.0500030517578,130.36000061035156,130.86000061035156,30859800,129.96360778808594
2023-10-02,GOOGL,131.2100067138672,134.4199981689453,131.1699981689453,134.1699981689453,22288000,133.25096130371094
2023-10-03,GOOGL,133.94000244140625,134.25999450683594,131.83999633789062,132.42999267578125,22989400,131.5228729248047
2023-10-04,GOOGL,132.7899932861328,135.57000732421875,132.52999877929688,135.24000549316406,26752300,134.3136444091797
2023-10-05,GOOGL,135.07000732421875,135.49000549316406,133.4499969482422,135.07000732421875,19832600,134.144775390625
2023-10-06,GOOGL,134.00999450683594,138.16000366210938,134.00999450683594,137.5800018310547,27597600,136.63758850097656
2023-10-09,GOOGL,136.94000244140625,138.94000244140625,135.61000061035156,138.4199981689453,19278100,137.4718475341797
2023-10-10,GOOGL,138.5,139.72000122070312,137.3300018310547,138.05999755859375,27786600,137.11431884765625
2023-10-11,GOOGL,138.5800018310547,141.11000061035156,138.5800018310547,140.5500030517578,25884300,139.58724975585938
2023-10-12,GOOGL,141.0500030517578,141.22000122070312,138.25999450683594,138.97000122070312,24765500,138.01809692382812
2023-10-13,GOOGL,139.3800048828125,140.0,136.6199951171875,137.36000061035156,23420500,136.4191131591797
2023-10-16,GOOGL,138.1699981689453,139.6300048828125,137.99000549316406,139.10000610351562,28501900,138.1471710205078
2023-10-17,GOOGL,138.6300048828125,139.89999389648438,137.17999267578125,139.72000122070312,23515800,138.76295471191406
2023-10-18,GOOGL,139.4499969482422,140.72000122070312,137.3800048828125,137.9600067138672,23375000,137.01498413085938
2023-10-19,GOOGL,138.5,139.66000366210938,137.3800048828125,137.75,26066000,136.80642700195312
2023-10-20,GOOGL,137.3300018310547,137.8699951171875,135.0800018310547,135.60000610351562,26335700,134.67117309570312
2023-10-23,GOOGL,135.0399932861328,137.66000366210938,133.9499969482422,136.5,26317900,135.5649871826172
2023-10-24,GOOGL,137.8300018310547,139.36000061035156,137.4199981689453,138.80999755859375,44814300,137.8591766357422
2023-10-25,GOOGL,128.16000366210938,128.30999755859375,125.06999969482422,125.61000061035156,84366200,124.74959564208984
2023-10-26,GOOGL,123.2699966430664,124.33000183105467,121.2699966430664,122.27999877929688,57061100,121.4424057006836
2023-10-27,GOOGL,122.87999725341795,123.30999755859376,120.20999908447266,122.16999816894533,44566500,121.3331527709961
2023-10-30,GOOGL,123.20999908447266,125.4000015258789,122.75,124.45999908447266,28940100,123.6074676513672
2023-10-31,GOOGL,125.05999755859376,125.37000274658205,122.69000244140624,124.08000183105467,26292300,123.23006439208984
2023-11-01,GOOGL,124.06999969482422,126.48999786376952,123.72000122070312,126.4499969482422,30082400,125.58383178710938
2023-11-02,GOOGL,128.4199981689453,128.97999572753906,126.93000030517578,127.48999786376952,27124600,126.6167221069336
2023-11-03,GOOGL,128.02000427246094,129.52999877929688,127.86000061035156,129.10000610351562,26393100,128.21568298339844
2023-11-06,GOOGL,129.0500030517578,130.33999633789062,128.6699981689453,130.25,19052700,129.3577880859375
2023-11-07,GOOGL,130.7100067138672,131.91000366210938,129.8800048828125,130.97000122070312,29757300,130.07289123535156
2023-11-08,GOOGL,130.97000122070312,132.2100067138672,130.77999877929688,131.83999633789062,26425800,130.93692016601562
2023-11-09,GOOGL,131.9600067138672,132.5500030517578,130.07000732421875,130.24000549316406,23747800,129.34788513183594
2023-11-10,GOOGL,130.10000610351562,132.8000030517578,129.41000366210938,132.58999633789062,26913300,131.68179321289062
2023-11-13,GOOGL,131.77999877929688,132.58999633789062,131.25,132.08999633789062,18324800,131.18519592285156
2023-11-14,GOOGL,134.19000244140625,135.6999969482422,133.32000732421875,133.6199951171875,32395200,132.7047119140625
2023-11-15,GOOGL,134.8699951171875,135.02999877929688,133.57000732421875,134.6199951171875,23861500,133.6978759765625
2023-11-16,GOOGL,135.19000244140625,137.22000122070312,134.32000732421875,136.92999267578125,28013200,135.99205017089844
2023-11-17,GOOGL,136.0,136.05999755859375,133.64999389648438,135.30999755859375,37240600,134.3831329345703
2023-11-20,GOOGL,133.69000244140625,136.66000366210938,133.6199951171875,136.25,27815500,135.3167266845703
2023-11-21,GOOGL,136.2899932861328,137.17999267578125,135.9600067138672,136.97000122070312,22635300,136.03176879882812
2023-11-22,GOOGL,137.47000122070312,139.4199981689453,137.47000122070312,138.49000549316406,17813900,137.5413818359375
2023-11-24,GOOGL,138.02999877929688,138.1300048828125,135.99000549316406,136.69000244140625,12514300,135.7537078857422
2023-11-27,GOOGL,136.02999877929688,138.4199981689453,136.0,136.41000366210938,23436500,135.47561645507812
2023-11-28,GOOGL,136.0800018310547,137.25,135.4199981689453,137.1999969482422,18730000,136.2602081298828
2023-11-29,GOOGL,137.57000732421875,138.2899932861328,134.83999633789062,134.99000549316406,23967200,134.06532287597656
2023-11-30,GOOGL,135.0500030517578,135.5500030517578,131.27999877929688,132.52999877929688,38988300,131.62217712402344
2023-12-01,GOOGL,131.86000061035156,132.11000061035156,130.6699981689453,131.86000061035156,31442300,130.95677185058594
2023-12-04,GOOGL,129.8800048828125,130.02999877929688,127.9000015258789,129.27000427246094,36669900,128.38453674316406
2023-12-05,GOOGL,128.9499969482422,132.13999938964844,128.25,130.99000549316406,27384800,130.09275817871094
2023-12-06,GOOGL,131.44000244140625,131.83999633789062,129.8800048828125,130.02000427246094,23576200,129.12937927246094
2023-12-07,GOOGL,135.0399932861328,138.55999755859375,134.6999969482422,136.92999267578125,56767100,135.99205017089844
2023-12-08,GOOGL,134.1999969482422,136.39999389648438,134.02999877929688,134.99000549316406,32260100,134.06532287597656
2023-12-11,GOOGL,132.3800048828125,133.33999633789062,131.36000061035156,133.2899932861328,31138000,132.376953125
2023-12-12,GOOGL,131.80999755859375,133.0,131.25999450683594,132.52000427246094,29032800,131.6122589111328
2023-12-13,GOOGL,133.3800048828125,133.5,131.57000732421875,132.57000732421875,30104800,131.66192626953125
2023-12-14,GOOGL,133.3800048828125,133.72000122070312,129.69000244140625,131.94000244140625,38722400,131.03622436523438
2023-12-15,GOOGL,131.6199951171875,133.50999450683594,131.17999267578125,132.60000610351562,50847100,131.6917266845703
2023-12-18,GOOGL,132.6300048828125,137.14999389648438,132.42999267578125,135.8000030517578,32258000,134.8697967529297
2023-12-19,GOOGL,136.83999633789062,137.47000122070312,136.0800018310547,136.64999389648438,25476800,135.71395874023438
2023-12-20,GOOGL,138.97000122070312,141.6999969482422,138.07000732421875,138.33999633789062,49107200,137.39236450195312
2023-12-21,GOOGL,139.49000549316406,140.69000244140625,139.17999267578125,140.4199981689453,27488300,139.45814514160156
2023-12-22,GOOGL,140.77000427246094,141.99000549316406,140.7100067138672,141.49000549316406,26532200,140.5208282470703
2023-12-26,GOOGL,141.58999633789062,142.67999267578125,141.19000244140625,141.52000427246094,16780300,140.55059814453125
2023-12-27,GOOGL,141.58999633789062,142.0800018310547,139.88999938964844,140.3699951171875,19628600,139.40847778320312
2023-12-28,GOOGL,140.77999877929688,141.13999938964844,139.75,140.22999572753906,16045700,139.26942443847656
2023-12-29,GOOGL,139.6300048828125,140.36000061035156,138.77999877929688,139.69000244140625,18733000,138.733154296875
2024-01-02,GOOGL,138.5500030517578,139.4499969482422,136.47999572753906,138.1699981689453,23711200,137.2235565185547
2024-01-03,GOOGL,137.25,139.6300048828125,137.0800018310547,138.9199981689453,24212100,137.96844482421875
2024-01-04,GOOGL,138.4199981689453,139.16000366210938,136.35000610351562,136.38999938964844,27137700,135.4557342529297
2024-01-05,GOOGL,136.75,137.16000366210938,135.14999389648438,135.72999572753906,22513900,134.80027770996094
2024-01-08,GOOGL,136.2899932861328,139.00999450683594,136.25999450683594,138.83999633789062,21404000,137.88897705078125
2024-01-09,GOOGL,138.5,141.49000549316406,138.14999389648438,140.9499969482422,24759600,139.9844970703125
2024-01-10,GOOGL,141.0,143.0,140.91000366210938,142.27999877929688,21320200,141.30538940429688
2024-01-11,GOOGL,143.49000549316406,145.22000122070312,140.63999938964844,142.0800018310547,24008700,141.10678100585938
2024-01-12,GOOGL,142.6699981689453,143.1999969482422,141.82000732421875,142.64999389648438,18785500,141.67286682128906
2024-01-16,GOOGL,142.0,144.35000610351562,141.4499969482422,142.49000549316406,22670500,141.51397705078125
2024-01-17,GOOGL,141.35000610351562,141.83999633789062,138.89999389648438,141.47000122070312,20968600,140.50094604492188
2024-01-18,GOOGL,142.0500030517578,144.2100067138672,141.99000549316406,143.47999572753906,25746400,142.49717712402344
2024-01-19,GOOGL,144.74000549316406,146.4499969482422,144.3800048828125,146.3800048828125,34271900,145.3773193359375
2024-01-22,GOOGL,147.10000610351562,148.38999938964844,145.83999633789062,145.99000549316406,32200400,144.99000549316406
2024-01-23,GOOGL,145.88999938964844,147.17999267578125,145.5,147.0399932861328,21636100,146.03277587890625
2024-01-24,GOOGL,148.5399932861328,149.85000610351562,148.10000610351562,148.6999969482422,25233500,147.68142700195312
2024-01-25,GOOGL,150.07000732421875,153.0500030517578,149.5399932861328,151.8699951171875,29149100,150.82969665527344
2024-01-26,GOOGL,151.10000610351562,152.5399932861328,151.00999450683594,152.19000244140625,26115500,151.14752197265625
2024-01-29,GOOGL,152.05999755859375,153.77999877929688,151.42999267578125,153.50999450683594,27784300,152.45846557617188
2024-01-30,GOOGL,152.8000030517578,153.6199951171875,151.19000244140625,151.4600067138672,36331800,150.42251586914062
2024-01-31,GOOGL,143.6199951171875,144.0,139.8699951171875,140.10000610351562,71910000,139.14035034179688
2024-02-01,GOOGL,142.1199951171875,143.05999755859375,140.7899932861328,141.16000366210938,40466500,140.19308471679688
2024-02-02,GOOGL,139.25999450683594,142.6199951171875,136.5,142.3800048828125,62499600,141.4047088623047
2024-02-05,GOOGL,142.82000732421875,145.47000122070312,142.77999877929688,143.67999267578125,38505400,142.69581604003906
2024-02-06,GOOGL,144.64999389648438,145.36000061035156,143.19000244140625,144.10000610351562,29128200,143.11294555664062
2024-02-07,GOOGL,144.75999450683594,145.6199951171875,143.92999267578125,145.5399932861328,25208900,144.54307556152344
2024-02-08,GOOGL,145.8300018310547,146.3300018310547,145.10000610351562,145.91000366210938,22563800,144.91055297851562
2024-02-09,GOOGL,146.67999267578125,149.44000244140625,146.17999267578125,149.0,26829500,147.97938537597656
2024-02-12,GOOGL,148.4199981689453,149.33999633789062,147.3699951171875,147.52999877929688,21564100,146.51943969726562
2024-02-13,GOOGL,144.9199981689453,146.6699981689453,143.69000244140625,145.13999938964844,27837700,144.14581298828125
2024-02-14,GOOGL,146.0800018310547,146.52000427246094,144.08999633789062,145.94000244140625,22704200,144.94032287597656
2024-02-15,GOOGL,143.13999938964844,143.52000427246094,140.4600067138672,142.77000427246094,37590700,141.7920684814453
2024-02-16,GOOGL,142.99000549316406,143.19000244140625,140.13999938964844,140.52000427246094,31468900,139.5574493408203
2024-02-20,GOOGL,139.66000366210938,142.0800018310547,139.49000549316406,141.1199951171875,25144700,140.15333557128906
2024-02-21,GOOGL,141.4499969482422,142.69000244140625,140.67999267578125,142.5500030517578,23223300,141.57357788085938
2024-02-22,GOOGL,144.92999267578125,145.0,142.8000030517578,144.08999633789062,27191900,143.10299682617188
2024-02-23,GOOGL,143.6699981689453,144.67999267578125,143.42999267578125,143.9600067138672,19493800,142.97389221191406
2024-02-26,GOOGL,142.13999938964844,142.44000244140625,137.38999938964844,137.57000732421875,53641800,136.62767028808594
2024-02-27,GOOGL,138.02000427246094,139.25,137.08999633789062,138.8800048828125,33099200,137.92872619628906
2024-02-28,GOOGL,137.89999389648438,138.00999450683594,135.41000366210938,136.3800048828125,37328600,135.44581604003906
2024-02-29,GOOGL,137.27999877929688,138.86000061035156,136.39999389648438,138.4600067138672,42133000,137.51156616210938
2024-03-01,GOOGL,138.42999267578125,138.8699951171875,136.9199981689453,137.13999938964844,31151100,136.20062255859375
2024-03-04,GOOGL,135.66000366210938,135.66000366210938,131.91000366210938,133.35000610351562,55999400,132.4365997314453
2024-03-05,GOOGL,131.8800048828125,133.24000549316406,130.6699981689453,132.6699981689453,40194800,131.76124572753906
2024-03-06,GOOGL,133.1199951171875,133.5800018310547,130.85000610351562,131.39999389648438,35318600,130.4999237060547
2024-03-07,GOOGL,132.7899932861328,134.94000244140625,131.61000061035156,134.3800048828125,37738200,133.4595184326172
2024-03-08,GOOGL,134.2100067138672,138.08999633789062,134.0,135.41000366210938,39370400,134.48248291015625
2024-03-11,GOOGL,136.1300048828125,139.10000610351562,136.1300048828125,137.6699981689453,32437800,136.7269744873047
2024-03-12,GOOGL,137.02999877929688,139.3800048828125,137.02999877929688,138.5,27563400,137.55130004882812
2024-03-13,GOOGL,139.0,141.08999633789062,138.99000549316406,139.7899932861328,23347200,138.83245849609375
2024-03-14,GOOGL,141.19000244140625,143.58999633789062,140.4600067138672,143.10000610351562,42753400,142.11978149414062
2024-03-15,GOOGL,142.5,143.17999267578125,140.02999877929688,141.17999267578125,49475400,140.2129364013672
2024-03-18,GOOGL,148.61000061035156,152.14999389648438,147.1699981689453,147.67999267578125,69273700,146.66839599609375
2024-03-19,GOOGL,148.16000366210938,148.7899932861328,146.0800018310547,147.02999877929688,24070400,146.0228729248047
2024-03-20,GOOGL,148.0,148.86000061035156,146.74000549316406,148.74000549316406,21311500,147.72116088867188
2024-03-21,GOOGL,149.47000122070312,150.3699951171875,146.89999389648438,147.60000610351562,24755600,146.58895874023438
2024-03-22,GOOGL,149.1199951171875,151.5800018310547,148.97999572753906,150.77000427246094,29211800,149.73724365234375
2024-03-25,GOOGL,149.94000244140625,150.3800048828125,147.82000732421875,150.07000732421875,19229300,149.04205322265625
2024-03-26,GOOGL,150.22000122070312,152.25999450683594,149.97999572753906,150.6699981689453,22149100,149.637939453125
2024-03-27,GOOGL,151.17999267578125,151.63999938964844,148.89999389648438,150.8699951171875,22879200,149.8365478515625
2024-03-28,GOOGL,150.85000610351562,151.42999267578125,150.1699981689453,150.92999267578125,24485400,149.89614868164062
2024-04-01,GOOGL,150.69000244140625,155.74000549316406,150.61000061035156,155.49000549316406,31730800,154.4249267578125
2024-04-02,GOOGL,153.5,154.6999969482422,152.14999389648438,154.55999755859375,24586000,153.50128173828125
2024-04-03,GOOGL,153.60000610351562,155.0800018310547,152.72999572753906,154.9199981689453,24705000,153.85882568359375
2024-04-04,GOOGL,153.5,154.77000427246094,150.4499969482422,150.52999877929688,34724700,149.49888610839844
2024-04-05,GOOGL,150.02999877929688,153.4199981689453,149.60000610351562,152.5,23459200,151.45538330078125
2024-04-08,GOOGL,152.77999877929688,155.27000427246094,152.61000061035156,154.85000610351562,20702000,153.78932189941406
2024-04-09,GOOGL,156.08999633789062,158.55999755859375,155.19000244140625,156.60000610351562,31079500,155.52732849121094
2024-04-10,GOOGL,156.2100067138672,156.61000061035156,154.67999267578125,156.13999938964844,22838600,155.07046508789062
2024-04-11,GOOGL,156.91000366210938,159.67999267578125,156.4600067138672,159.41000366210938,27166400,158.3180694580078
2024-04-12,GOOGL,157.9600067138672,160.22000122070312,157.13999938964844,157.72999572753906,25353700,156.6495819091797
2024-04-15,GOOGL,158.86000061035156,159.24000549316406,154.58999633789062,154.86000061035156,27136500,153.79922485351562
2024-04-16,GOOGL,154.19000244140625,155.64999389648438,153.42999267578125,154.39999389648438,20779500,153.34237670898438
2024-04-17,GOOGL,155.6199951171875,157.0800018310547,154.5800018310547,155.47000122070312,21763100,154.4050750732422
2024-04-18,GOOGL,155.33999633789062,156.94000244140625,154.6199951171875,156.00999450683594,19883000,154.94134521484375
2024-04-19,GOOGL,156.1999969482422,156.36000061035156,152.3000030517578,154.08999633789062,32615600,153.0345001220703
2024-04-22,GOOGL,154.30999755859375,157.63999938964844,154.05999755859375,156.27999877929688,26446200,155.20950317382812
2024-04-23,GOOGL,156.9600067138672,158.97000122070312,156.27999877929688,158.25999450683594,21151600,157.17593383789062
2024-04-24,GOOGL,157.49000549316406,159.57000732421875,157.1699981689453,159.1300048828125,22779100,158.0399932861328
2024-04-25,GOOGL,151.3300018310547,156.49000549316406,150.8699951171875,156.0,57109700,154.9314422607422
2024-04-26,GOOGL,174.3699951171875,174.7100067138672,169.64999389648438,171.9499969482422,64665300,170.7721710205078
2024-04-29,GOOGL,169.05999755859375,169.5500030517578,165.2100067138672,166.14999389648438,45610000,165.0118865966797
2024-04-30,GOOGL,165.61000061035156,168.10000610351562,162.60000610351562,162.77999877929688,33562900,161.66497802734375
2024-05-01,GOOGL,164.3000030517578,167.1199951171875,163.08999633789062,163.86000061035156,33493200,162.7375946044922
2024-05-02,GOOGL,164.7899932861328,166.72999572753906,163.88999938964844,166.6199951171875,24294500,165.47866821289062
2024-05-03,GOOGL,167.55999755859375,167.9600067138672,163.0500030517578,167.24000549316406,34662400,166.0944366455078
2024-05-06,GOOGL,167.4600067138672,168.13999938964844,166.02999877929688,168.10000610351562,21871300,166.94854736328125
2024-05-07,GOOGL,168.5,171.75999450683594,168.38999938964844,171.25,28039700,170.0769500732422
2024-05-08,GOOGL,169.0,170.14999389648438,168.74000549316406,169.3800048828125,19569100,168.2197723388672
2024-05-09,GOOGL,169.38999938964844,170.69000244140625,168.17999267578125,169.9600067138672,15346700,168.79579162597656
2024-05-10,GOOGL,168.02999877929688,169.85000610351562,166.19000244140625,168.64999389648438,29799900,167.49476623535156
2024-05-13,GOOGL,164.25999450683594,169.27999877929688,164.0,169.13999938964844,31327600,167.98141479492188
2024-05-14,GOOGL,169.77000427246094,171.25,168.8000030517578,170.33999633789062,25127100,169.17318725585938
2024-05-15,GOOGL,170.6300048828125,172.64999389648438,170.50999450683594,172.50999450683594,26948400,171.32833862304688
2024-05-16,GOOGL,173.2899932861328,175.1199951171875,172.69000244140625,174.17999267578125,27867900,172.9868927001953
2024-05-17,GOOGL,174.17999267578125,176.27000427246094,173.69000244140625,176.05999755859375,24479300,174.85400390625
2024-05-20,GOOGL,176.19000244140625,178.77000427246094,176.0800018310547,176.9199981689453,22554400,175.7081298828125
2024-05-21,GOOGL,176.89999389648438,178.14999389648438,175.80999755859375,177.85000610351562,16989400,176.6317596435547
2024-05-22,GOOGL,176.63999938964844,177.14999389648438,175.2100067138672,176.3800048828125,17880000,175.17181396484375
2024-05-23,GOOGL,177.07000732421875,178.25,172.9499969482422,173.5500030517578,21024900,172.36123657226562
2024-05-24,GOOGL,174.97999572753906,175.77000427246094,173.64999389648438,174.99000549316406,16579400,173.79135131835938
2024-05-28,GOOGL,174.4499969482422,177.27000427246094,174.3699951171875,176.39999389648438,20572200,175.19168090820312
2024-05-29,GOOGL,175.42999267578125,176.83999633789062,174.72000122070312,175.89999389648438,23388700,174.69508361816406
2024-05-30,GOOGL,175.1999969482422,175.22000122070312,171.7899932861328,172.11000061035156,22931500,170.9310760498047
2024-05-31,GOOGL,171.86000061035156,173.05999755859375,169.44000244140625,172.5,37638900,171.3184051513672
2024-06-03,GOOGL,172.5399932861328,174.52999877929688,171.16000366210938,173.1699981689453,27459100,171.9838104248047
2024-06-04,GOOGL,173.27999877929688,173.85000610351562,171.88999938964844,173.7899932861328,26879600,172.59957885742188
2024-06-05,GOOGL,175.1999969482422,176.64999389648438,173.92999267578125,175.41000366210938,22068500,174.20848083496094
2024-06-06,GOOGL,175.89999389648438,177.14999389648438,175.75,176.72999572753906,23251000,175.51942443847656
2024-06-07,GOOGL,177.0500030517578,177.8699951171875,174.3000030517578,174.4600067138672,19661400,173.26498413085938
2024-06-10,GOOGL,174.97000122070312,177.05999755859375,172.75999450683594,175.00999450683594,23726700,174.01068115234375
2024-06-11,GOOGL,176.22000122070312,176.83999633789062,173.77000427246094,176.6199951171875,21540600,175.61148071289062
2024-06-12,GOOGL,178.25,180.41000366210935,176.11000061035156,177.7899932861328,27864700,176.77479553222656
2024-06-13,GOOGL,176.11000061035156,176.74000549316406,174.8800048828125,175.16000366210938,20913300,174.15985107421875
2024-06-14,GOOGL,174.22000122070312,177.05999755859375,174.14999389648438,176.7899932861328,18063600,175.780517578125
2024-06-17,GOOGL,175.4600067138672,178.36000061035156,174.80999755859375,177.24000549316406,19618500,176.2279510498047
2024-06-18,GOOGL,177.13999938964844,177.38999938964844,174.10000610351562,175.08999633789062,21869900,174.09024047851562
2024-06-20,GOOGL,175.3699951171875,177.2899932861328,174.99000549316406,176.3000030517578,20160100,175.2933349609375
2024-06-21,GOOGL,177.0,180.8500061035156,176.61000061035156,179.6300048828125,57759000,178.60430908203125
2024-06-24,GOOGL,180.16000366210935,180.88999938964844,178.6699981689453,179.22000122070312,18298000,178.19664001464844
2024-06-25,GOOGL,179.6199951171875,184.2899932861328,179.4199981689453,184.02999877929688,23130200,182.9791717529297
2024-06-26,GOOGL,182.6300048828125,184.5099945068359,182.47999572753903,183.8800048828125,19839000,182.8300323486328
2024-06-27,GOOGL,184.17999267578125,186.0500030517578,184.02000427246097,185.41000366210935,18848900,184.351318359375
2024-06-28,GOOGL,184.32000732421875,185.1300048828125,181.9600067138672,182.1499938964844,29156600,181.10992431640625
2024-07-01,GOOGL,183.02999877929688,183.8800048828125,181.3000030517578,182.9900054931641,16006100,181.94512939453125
2024-07-02,GOOGL,182.0500030517578,185.57000732421875,181.55999755859375,185.2400054931641,17372500,184.18226623535156
2024-07-03,GOOGL,184.8500061035156,186.08999633789065,184.0,185.82000732421875,10242100,184.7589874267578
2024-07-05,GOOGL,185.86000061035156,190.86000061035156,185.8000030517578,190.6000061035156,20967500,189.5116729736328
2024-07-08,GOOGL,189.8999938964844,190.1699981689453,187.77999877929688,189.02999877929688,21035900,187.95062255859375
2024-07-09,GOOGL,190.30999755859375,191.36000061035156,188.72000122070312,188.97999572753903,15121400,187.9009246826172
2024-07-10,GOOGL,189.1499938964844,191.75,189.02999877929688,191.17999267578125,15952500,190.08834838867188
2024-07-11,GOOGL,189.8500061035156,190.86000061035156,185.0800018310547,185.57000732421875,25625800,184.51039123535156
2024-07-12,GOOGL,185.0800018310547,187.11000061035156,184.4900054931641,185.07000732421875,22898400,184.0132598876953
2024-07-15,GOOGL,184.9199981689453,188.2400054931641,184.9199981689453,186.52999877929688,16474000,185.46490478515625
2024-07-16,GOOGL,187.36000061035156,188.67999267578125,183.3699951171875,183.9199981689453,18290700,182.86981201171875
2024-07-17,GOOGL,182.97000122070312,183.5500030517578,179.89999389648438,181.02000427246097,20734100,179.9863739013672
2024-07-18,GOOGL,181.92999267578125,182.5,176.47000122070312,177.69000244140625,25315700,176.67539978027344
2024-07-19,GOOGL,178.8800048828125,180.2899932861328,177.1300048828125,177.66000366210938,18881900,176.6455535888672
2024-07-22,GOOGL,180.58999633789065,182.6999969482422,180.22999572753903,181.6699981689453,24100300,180.6326446533203
2024-07-23,GOOGL,182.0500030517578,183.61000061035156,181.5399932861328,181.7899932861328,36352700,180.75196838378903
2024-07-24,GOOGL,173.60000610351562,176.19000244140625,171.82000732421875,172.6300048828125,49585200,171.64427185058594
2024-07-25,GOOGL,172.52000427246094,173.4199981689453,167.19000244140625,167.27999877929688,44852000,166.3248291015625
2024-07-26,GOOGL,167.14999389648438,168.08999633789062,164.05999755859375,167.0,41336900,166.04641723632812
2024-07-29,GOOGL,168.8300018310547,170.42999267578125,167.99000549316406,169.52999877929688,20293800,168.5619659423828
2024-07-30,GOOGL,170.24000549316406,171.22999572753906,168.44000244140625,170.2899932861328,18959700,169.317626953125
2024-07-31,GOOGL,173.24000549316406,174.25,170.00999450683594,171.5399932861328,25729100,170.5605010986328
2024-08-01,GOOGL,170.25,174.0500030517578,168.8800048828125,170.75999450683594,24531400,169.7849578857422
2024-08-02,GOOGL,166.44000244140625,168.50999450683594,164.6699981689453,166.66000366210938,29130100,165.7083740234375
2024-08-05,GOOGL,155.5,164.42999267578125,154.92999267578125,159.25,53630700,158.34068298339844
2024-08-06,GOOGL,159.3300018310547,160.57000732421875,156.41000366210938,158.2899932861328,49004600,157.3861541748047
2024-08-07,GOOGL,161.25,162.97999572753906,158.47000122070312,158.94000244140625,25138600,158.03245544433594
2024-08-08,GOOGL,160.50999450683594,163.69000244140625,160.2100067138672,162.02999877929688,25578800,161.1048126220703
2024-08-09,GOOGL,160.00999450683594,163.7899932861328,159.05999755859375,163.6699981689453,28602300,162.73544311523438
2024-08-12,GOOGL,164.35000610351562,164.89999389648438,161.83999633789062,162.2899932861328,15895300,161.36331176757812
2024-08-13,GOOGL,163.41000366210938,164.72999572753906,162.97000122070312,164.16000366210938,18551700,163.22262573242188
2024-08-14,GOOGL,162.39999389648438,163.22000122070312,157.7100067138672,160.3699951171875,40591100,159.45428466796875
2024-08-15,GOOGL,160.5,161.63999938964844,159.61000061035156,161.3000030517578,31524300,160.37896728515625
2024-08-16,GOOGL,161.47000122070312,165.05999755859375,161.1300048828125,162.9600067138672,24208600,162.02947998046875
2024-08-19,GOOGL,165.27999877929688,166.69000244140625,164.25999450683594,166.6699981689453,22416200,165.71829223632812
2024-08-20,GOOGL,166.89999389648438,168.63999938964844,166.82000732421875,167.17999267578125,18341500,166.22540283203125
2024-08-21,GOOGL,165.14999389648438,166.85000610351562,164.6699981689453,165.85000610351562,22902000,164.9029998779297
2024-08-22,GOOGL,167.25999450683594,167.58999633789062,163.30999755859375,163.8000030517578,22493300,162.86468505859375
2024-08-23,GOOGL,164.72000122070312,166.17999267578125,163.8300018310547,165.6199951171875,13955700,164.67430114746094
2024-08-26,GOOGL,166.3800048828125,167.5500030517578,164.4600067138672,166.16000366210938,14190400,165.21121215820312
2024-08-27,GOOGL,165.83999633789062,166.44000244140625,164.4600067138672,164.67999267578125,11821900,163.7396697998047
2024-08-28,GOOGL,165.0399932861328,165.60000610351562,161.52999877929688,162.85000610351562,16407400,161.92015075683594
2024-08-29,GOOGL,164.30999755859375,165.97000122070312,160.25,161.77999877929688,19699800,160.85623168945312
2024-08-30,GOOGL,162.6199951171875,163.66000366210938,161.69000244140625,163.3800048828125,22123800,162.44711303710938
2024-09-03,GOOGL,161.72000122070312,161.85000610351562,156.47999572753906,157.36000061035156,38945300,156.4614715576172
2024-09-04,GOOGL,156.66000366210938,159.0,155.9600067138672,156.4499969482422,19353800,155.55667114257812
2024-09-05,GOOGL,156.3000030517578,159.4499969482422,155.97999572753906,157.24000549316406,18688700,156.3421630859375
2024-09-06,GOOGL,157.3000030517578,157.8300018310547,150.5500030517578,150.9199981689453,37912100,150.05824279785156
2024-09-09,GOOGL,152.50999450683594,153.39999389648438,147.22000122070312,148.7100067138672,39260500,148.05706787109375
2024-09-10,GOOGL,150.4499969482422,151.27000427246094,148.33999633789062,148.66000366210938,31118800,148.00729370117188
2024-09-11,GOOGL,149.9199981689453,151.5,147.52000427246094,151.16000366210938,29607700,150.49630737304688
2024-09-12,GOOGL,153.8000030517578,154.82000732421875,152.64999389648438,154.69000244140625,29621500,154.0108184814453
2024-09-13,GOOGL,155.42999267578125,158.3800048828125,155.2100067138672,157.4600067138672,29591200,156.76866149902344
2024-09-16,GOOGL,157.30999755859375,158.25,156.60000610351562,158.05999755859375,18379800,157.36599731445312
2024-09-17,GOOGL,159.02000427246094,160.5500030517578,158.3800048828125,159.32000732421875,20715600,158.62049865722656
2024-09-18,GOOGL,159.86000061035156,160.5,158.60000610351562,159.80999755859375,23677300,159.10833740234375
2024-09-19,GOOGL,163.7100067138672,163.7899932861328,161.33999633789062,162.13999938964844,26587700,161.42811584472656
2024-09-20,GOOGL,163.5,163.72999572753906,162.05999755859375,163.58999633789062,40896400,162.87173461914062
2024-09-23,GOOGL,164.35000610351562,165.49000549316406,161.6699981689453,161.85000610351562,24150900,161.13938903808594
2024-09-24,GOOGL,163.02999877929688,163.22000122070312,160.69000244140625,162.2899932861328,23332100,161.5774383544922
2024-09-25,GOOGL,161.47000122070312,162.80999755859375,161.3000030517578,161.49000549316406,18869200,160.7809600830078
2024-09-26,GOOGL,163.63999938964844,164.0800018310547,162.27999877929688,162.72999572753906,20319300,162.01548767089844
2024-09-27,GOOGL,162.80999755859375,165.6999969482422,162.6300048828125,163.9499969482422,21101300,163.23016357421875
2024-09-30,GOOGL,163.32000732421875,166.14999389648438,163.25999450683594,165.85000610351562,20413900,165.12181091308594
2024-10-01,GOOGL,167.69000244140625,169.16000366210938,164.5800018310547,166.99000549316406,28338100,166.25680541992188
2024-10-02,GOOGL,166.4199981689453,167.52000427246094,164.72999572753906,165.86000061035156,17760200,165.13177490234375
2024-10-03,GOOGL,164.41000366210938,166.63999938964844,163.9199981689453,165.86000061035156,15073100,165.13177490234375
2024-10-04,GOOGL,168.05999755859375,168.22999572753906,165.47999572753906,167.05999755859375,19047400,166.32650756835938
2024-10-07,GOOGL,167.72000122070312,168.47999572753906,162.75,162.97999572753906,22463100,162.264404296875
2024-10-08,GOOGL,163.94000244140625,164.72999572753906,162.8699951171875,164.3800048828125,23072700,163.6582794189453
2024-10-09,GOOGL,163.4499969482422,164.83999633789062,159.74000549316406,161.86000061035156,31181800,161.1493377685547
2024-10-10,GOOGL,160.8699951171875,163.07000732421875,160.39999389648438,162.0800018310547,14144100,161.3683624267578
2024-10-11,GOOGL,162.1300048828125,163.89999389648438,161.24000549316406,163.24000549316406,15344300,162.5232696533203
2024-10-14,GOOGL,163.63999938964844,166.22999572753906,163.39999389648438,164.9600067138672,19016100,164.23573303222656
2024-10-15,GOOGL,165.7899932861328,167.67999267578125,164.6300048828125,165.4600067138672,20247200,164.7335205078125
2024-10-16,GOOGL,164.52999877929688,165.8000030517578,163.74000549316406,165.16000366210938,16406000,164.43484497070312
2024-10-17,GOOGL,165.72999572753906,166.3699951171875,162.75999450683594,162.92999267578125,21453400,162.214599609375
2024-10-18,GOOGL,163.19000244140625,164.7100067138672,163.0800018310547,163.4199981689453,19757700,162.70249938964844
2024-10-21,GOOGL,162.9499969482422,164.5,162.6199951171875,164.07000732421875,20946500,163.34963989257812
2024-10-22,GOOGL,162.97999572753906,165.77000427246094,162.97999572753906,165.13999938964844,16568100,164.41493225097656
2024-10-23,GOOGL,164.75999450683594,165.82000732421875,161.92999267578125,162.77999877929688,18280500,162.06529235839844
2024-10-24,GOOGL,162.8300018310547,163.3300018310547,161.00999450683594,162.72000122070312,22412500,162.00555419921875
2024-10-25,GOOGL,163.6699981689453,165.58999633789062,163.4199981689453,165.27000427246094,19828900,164.5443572998047
2024-10-28,GOOGL,168.75,168.75,163.9499969482422,166.72000122070312,32138600,165.98800659179688
2024-10-29,GOOGL,167.72999572753906,170.3800048828125,167.08999633789062,169.67999267578125,42169000,168.9349822998047
2024-10-30,GOOGL,180.67999267578125,182.02000427246097,174.05999755859375,174.4600067138672,68890800,173.6940155029297
2024-10-31,GOOGL,173.1300048828125,176.82000732421875,171.0,171.11000061035156,44769000,170.3587188720703
2024-11-01,GOOGL,170.07000732421875,172.32000732421875,168.8800048828125,171.2899932861328,31796500,170.53790283203125
2024-11-04,GOOGL,169.92999267578125,170.72999572753906,168.00999450683594,169.24000549316406,21492700,168.49691772460938
2024-11-05,GOOGL,169.42999267578125,170.52999877929688,168.83999633789062,169.74000549316406,18242100,168.9947509765625
2024-11-06,GOOGL,173.8000030517578,176.94000244140625,173.5,176.50999450683594,33695500,175.73500061035156
2024-11-07,GOOGL,177.41000366210938,181.0800018310547,177.19000244140625,180.75,25352900,179.95639038085938
2024-11-08,GOOGL,180.6499938964844,180.8999938964844,178.0800018310547,178.35000610351562,22006200,177.5669403076172
2024-11-11,GOOGL,178.5800018310547,180.5500030517578,178.47000122070312,180.3500061035156,17450400,179.5581512451172
2024-11-12,GOOGL,179.82000732421875,182.4900054931641,179.38999938964844,181.6199951171875,25134900,180.8225555419922
2024-11-13,GOOGL,180.4600067138672,180.9600067138672,178.5399932861328,178.8800048828125,23184000,178.0946044921875
2024-11-14,GOOGL,178.27999877929688,178.82000732421875,174.32000732421875,175.5800018310547,31007500,174.80908203125
2024-11-15,GOOGL,173.72999572753906,174.13999938964844,171.22000122070312,172.49000549316406,32504600,171.73265075683594
2024-11-18,GOOGL,173.4199981689453,175.44000244140625,172.89999389648438,175.3000030517578,20135300,174.5303192138672
2024-11-19,GOOGL,173.72000122070312,178.8699951171875,173.55999755859375,178.1199951171875,23434900,177.3379364013672
2024-11-20,GOOGL,177.33999633789062,177.67999267578125,173.77999877929688,175.97999572753906,18997100,175.2073211669922
2024-11-21,GOOGL,173.89999389648438,174.1300048828125,163.6999969482422,167.6300048828125,59734400,166.8939971923828
2024-11-22,GOOGL,165.85000610351562,166.4600067138672,163.89999389648438,164.75999450683594,38604600,164.03659057617188
2024-11-25,GOOGL,166.08999633789062,168.6300048828125,165.61000061035156,167.64999389648438,33135300,166.9138946533203
2024-11-26,GOOGL,167.6300048828125,169.82000732421875,167.5800018310547,169.1199951171875,20486700,168.37744140625
2024-11-27,GOOGL,169.0,169.47999572753906,168.02000427246094,169.22999572753906,19266500,168.48696899414062
2024-11-29,GOOGL,168.5,169.42999267578125,167.16000366210938,168.9499969482422,14257200,168.20819091796875
2024-12-02,GOOGL,168.77000427246094,172.0800018310547,168.57000732421875,171.49000549316406,23789100,170.73704528808594
2024-12-03,GOOGL,171.49000549316406,172.67999267578125,170.85000610351562,171.33999633789062,22248700,170.58767700195312
2024-12-04,GOOGL,171.14999389648438,174.91000366210938,171.05999755859375,174.3699951171875,31615100,173.60440063476562
2024-12-05,GOOGL,175.36000061035156,176.05999755859375,172.3300018310547,172.63999938964844,21356200,171.8820037841797
2024-12-06,GOOGL,172.02999877929688,175.0800018310547,171.86000061035156,174.7100067138672,21462400,173.9429168701172
2024-12-09,GOOGL,173.9600067138672,176.25999450683594,173.64999389648438,175.3699951171875,25389600,174.8001251220703
2024-12-10,GOOGL,182.8500061035156,186.36000061035156,181.0500030517578,185.1699981689453,54813000,184.5682678222656
2024-12-11,GOOGL,185.30999755859375,195.61000061035156,184.8500061035156,195.3999938964844,67894100,194.76502990722656
2024-12-12,GOOGL,195.0,195.17999267578125,191.7100067138672,191.9600067138672,34817500,191.3361968994141
2024-12-13,GOOGL,191.0099945068359,192.72999572753903,189.63999938964844,189.82000732421875,25143500,189.2031707763672
2024-12-16,GOOGL,192.8699951171875,199.0,192.6199951171875,196.66000366210935,44934900,196.02093505859375
2024-12-17,GOOGL,197.25,201.4199981689453,194.97999572753903,195.4199981689453,43504000,194.7849578857422
2024-12-18,GOOGL,195.22000122070312,197.0,187.7400054931641,188.3999938964844,34166100,187.7877655029297
2024-12-19,GOOGL,191.6300048828125,193.02999877929688,188.3800048828125,188.5099945068359,32265200,187.89739990234375
2024-12-20,GOOGL,185.77999877929688,192.88999938964844,185.22000122070312,191.41000366210935,63462900,190.7880096435547
2024-12-23,GOOGL,192.6199951171875,195.1000061035156,190.1499938964844,194.6300048828125,25675000,193.99754333496097
2024-12-24,GOOGL,194.83999633789065,196.11000061035156,193.77999877929688,196.11000061035156,10403300,195.47271728515625
2024-12-26,GOOGL,195.1499938964844,196.75,194.3800048828125,195.6000061035156,12046600,194.96438598632812
2024-12-27,GOOGL,194.9499969482422,195.32000732421875,190.6499938964844,192.7599945068359,18891400,192.1335906982422
2024-12-30,GOOGL,189.8000030517578,192.5500030517578,189.1199951171875,191.2400054931641,14264700,190.6185607910156
2024-12-31,GOOGL,191.0800018310547,191.9600067138672,188.5099945068359,189.3000030517578,17466900,188.6848602294922
2025-01-02,GOOGL,190.6499938964844,192.0,187.5,189.42999267578125,20370800,188.81443786621097
2025-01-03,GOOGL,191.3699951171875,193.2100067138672,189.97999572753903,191.7899932861328,18596200,191.166748046875
2025-01-06,GOOGL,193.97999572753903,198.22000122070312,193.8500061035156,196.8699951171875,29563600,196.23025512695312
2025-01-07,GOOGL,197.11000061035156,201.0,194.6000061035156,195.4900054931641,26487200,194.8547515869141
2025-01-08,GOOGL,192.57000732421875,196.2899932861328,192.3800048828125,193.9499969482422,24864800,193.3197479248047
2025-01-10,GOOGL,194.3000030517578,196.52000427246097,190.30999755859375,192.0399932861328,26665200,191.4159393310547
2025-01-13,GOOGL,190.07000732421875,191.17999267578125,187.36000061035156,191.0099945068359,21823700,190.3892822265625
2025-01-14,GOOGL,191.2400054931641,191.97999572753903,188.30999755859375,189.66000366210935,17174900,189.04367065429688
2025-01-15,GOOGL,193.08999633789065,196.36000061035156,191.86000061035156,195.5500030517578,21776000,194.91453552246097
2025-01-16,GOOGL,194.13999938964844,195.47999572753903,192.80999755859375,192.91000366210935,17815400,192.2831268310547
2025-01-17,GOOGL,196.52999877929688,197.22999572753903,193.75,196.0,27735100,195.36306762695312
2025-01-21,GOOGL,199.07000732421875,202.2899932861328,197.8699951171875,198.0500030517578,29971300,197.4064178466797
2025-01-22,GOOGL,199.05999755859375,200.47999572753903,197.52999877929688,198.3699951171875,26200600,197.72537231445312
2025-01-23,GOOGL,198.13999938964844,200.3000030517578,195.1999969482422,197.97999572753903,26951400,197.3366546630859
2025-01-24,GOOGL,198.1000061035156,200.8999938964844,198.0,200.2100067138672,23877500,199.5594024658203
2025-01-27,GOOGL,192.41000366210935,196.8800048828125,190.72999572753903,191.80999755859375,41728900,191.1866912841797
2025-01-28,GOOGL,192.75,195.47999572753903,190.67999267578125,195.3000030517578,24157900,194.6653594970703
2025-01-29,GOOGL,195.55999755859375,196.7899932861328,193.42999267578125,195.41000366210935,18218300,194.7749938964844
2025-01-30,GOOGL,198.0,201.3999938964844,197.6699981689453,200.8699951171875,24354700,200.21725463867188
2025-01-31,GOOGL,202.0,205.47999572753903,201.8000030517578,204.02000427246097,32001100,203.3570098876953
2025-02-03,GOOGL,200.69000244140625,203.75,200.1000061035156,201.22999572753903,27838300,200.57606506347656
2025-02-04,GOOGL,203.38999938964844,207.0500030517578,202.80999755859375,206.3800048828125,43856400,205.70936584472656
2025-02-05,GOOGL,191.07000732421875,192.75,188.02999877929688,191.3300018310547,70373900,190.708251953125
2025-02-06,GOOGL,189.5,192.1000061035156,188.72000122070312,191.6000061035156,29297400,190.97738647460935
2025-02-07,GOOGL,191.0500030517578,191.17999267578125,183.2400054931641,185.33999633789065,49315000,184.7377014160156
2025-02-10,GOOGL,187.3500061035156,188.1999969482422,185.86000061035156,186.47000122070312,23105600,185.86404418945312
2025-02-11,GOOGL,185.02999877929688,186.94000244140625,184.27999877929688,185.32000732421875,21239500,184.71778869628903
2025-02-12,GOOGL,183.22000122070312,185.11000061035156,181.8300018310547,183.61000061035156,22072600,183.01333618164065
2025-02-13,GOOGL,184.32000732421875,186.27999877929688,183.13999938964844,186.13999938964844,21402500,185.5351104736328
2025-02-14,GOOGL,185.05999755859375,186.3999938964844,184.32000732421875,185.22999572753903,20448400,184.62806701660156
2025-02-18,GOOGL,185.6000061035156,185.9600067138672,181.7400054931641,183.77000427246097,29916700,183.17283630371097
2025-02-19,GOOGL,184.07000732421875,185.4600067138672,183.58999633789065,185.27000427246097,19549400,184.66795349121097
2025-02-20,GOOGL,184.8000030517578,185.30999755859375,182.72000122070312,184.55999755859375,20441500,183.9602508544922
2025-02-21,GOOGL,185.1499938964844,185.33999633789065,179.0800018310547,179.66000366210938,35199200,179.07618713378906
2025-02-24,GOOGL,181.9900054931641,183.1199951171875,178.88999938964844,179.25,29854200,178.6675262451172
2025-02-25,GOOGL,178.0399932861328,178.74000549316406,174.69000244140625,175.4199981689453,41913400,174.84996032714844
2025-02-26,GOOGL,175.07000732421875,176.0800018310547,171.5800018310547,172.72999572753906,35431300,172.16868591308594
2025-02-27,GOOGL,173.99000549316406,174.55999755859375,167.94000244140625,168.5,39991000,167.9524383544922
2025-02-28,GOOGL,168.67999267578125,170.61000061035156,166.77000427246094,170.27999877929688,48130600,169.72665405273438
2025-03-03,GOOGL,171.92999267578125,173.3699951171875,165.92999267578125,167.00999450683594,40770500,166.46726989746094
2025-03-04,GOOGL,166.24000549316406,173.2899932861328,165.8000030517578,170.9199981689453,45388000,170.36456298828125
2025-03-05,GOOGL,170.52000427246094,173.77999877929688,169.05999755859375,173.02000427246094,30954900,172.457763671875
2025-03-06,GOOGL,170.52999877929688,174.80999755859375,170.5,172.35000610351562,28302000,171.78994750976562
2025-03-07,GOOGL,171.25999450683594,174.97000122070312,170.27000427246094,173.86000061035156,27385800,173.29501342773438
2025-03-10,GOOGL,168.25999450683594,168.4600067138672,163.69000244140625,165.8699951171875,43604000,165.52139282226562
2025-03-11,GOOGL,164.91000366210938,166.75,161.3699951171875,164.0399932861328,39587400,163.6952362060547
2025-03-12,GOOGL,166.5800018310547,167.63999938964844,163.52999877929688,167.11000061035156,28372400,166.75880432128906
2025-03-13,GOOGL,166.0399932861328,166.1300048828125,162.11000061035156,162.75999450683594,31756200,162.4179229736328
2025-03-14,GOOGL,163.27000427246094,166.49000549316406,162.4499969482422,165.49000549316406,31995900,165.14219665527344
2025-03-17,GOOGL,165.02999877929688,166.3000030517578,163.6699981689453,164.2899932861328,31184300,163.94471740722656
2025-03-18,GOOGL,163.67999267578125,164.25,156.72000122070312,160.6699981689453,42074800,160.33233642578125
2025-03-19,GOOGL,161.75999450683594,165.8699951171875,161.0,163.88999938964844,34275600,163.54556274414062
2025-03-20,GOOGL,161.57000732421875,164.88999938964844,160.9600067138672,162.8000030517578,28138500,162.45785522460938
2025-03-21,GOOGL,161.2100067138672,164.24000549316406,160.88999938964844,163.99000549316406,36625800,163.64535522460938
2025-03-24,GOOGL,167.07000732421875,168.32000732421875,165.13999938964844,167.67999267578125,30879100,167.3275909423828
2025-03-25,GOOGL,168.97999572753906,170.6300048828125,168.32000732421875,170.55999755859375,24174400,170.20155334472656
2025-03-26,GOOGL,169.0,169.61000061035156,164.83999633789062,165.05999755859375,28901600,164.71310424804688
2025-03-27,GOOGL,164.6300048828125,165.4199981689453,162.0,162.24000549316406,24508300,161.89903259277344
2025-03-28,GOOGL,160.49000549316406,161.82000732421875,153.6300048828125,154.3300018310547,48669300,154.00564575195312
2025-03-31,GOOGL,153.11000061035156,155.5399932861328,150.66000366210938,154.63999938964844,54603500,154.31500244140625
2025-04-01,GOOGL,153.6199951171875,158.10000610351562,153.6199951171875,157.07000732421875,30672900,156.7399139404297
2025-04-02,GOOGL,155.14999389648438,158.41000366210938,154.6999969482422,157.0399932861328,25041700,156.70994567871094
2025-04-03,GOOGL,151.11000061035156,152.77999877929688,150.38999938964844,150.72000122070312,46883400,150.40322875976562
2025-04-04,GOOGL,148.00999450683594,151.07000732421875,145.3800048828125,145.60000610351562,62259500,145.29400634765625
2025-04-07,GOOGL,141.5500030517578,152.85000610351562,140.52999877929688,146.75,76794100,146.44158935546875
2025-04-08,GOOGL,151.22000122070312,152.24000549316406,143.02999877929688,144.6999969482422,52200200,144.39588928222656
2025-04-09,GOOGL,144.4199981689453,159.5500030517578,143.91000366210938,158.7100067138672,70406200,158.37646484375
2025-04-10,GOOGL,156.5399932861328,157.72000122070312,149.92999267578125,152.82000732421875,48022000,152.4988250732422
2025-04-11,GOOGL,152.89999389648438,157.6699981689453,152.82000732421875,157.13999938964844,33636200,156.8097381591797
2025-04-14,GOOGL,160.0,161.72000122070312,157.55999755859375,159.07000732421875,30333000,158.73568725585938
2025-04-15,GOOGL,159.1300048828125,159.64999389648438,155.2100067138672,156.30999755859375,27551500,155.9814910888672
2025-04-16,GOOGL,153.10000610351562,155.88999938964844,151.50999450683594,153.3300018310547,28187400,153.0077667236328
2025-04-17,GOOGL,154.2899932861328,154.67999267578125,148.5,151.16000366210938,33046600,150.84231567382812
2025-04-21,GOOGL,148.8800048828125,148.9499969482422,146.10000610351562,147.6699981689453,26049100,147.35964965820312
2025-04-22,GOOGL,148.88999938964844,152.19000244140625,148.5399932861328,151.47000122070312,26971800,151.15167236328125
2025-04-23,GOOGL,155.61000061035156,157.52999877929688,153.80999755859375,155.35000610351562,31128800,155.0235137939453
2025-04-24,GOOGL,156.14999389648438,159.58999633789062,155.7899932861328,159.27999877929688,45894000,158.94525146484375
2025-04-25,GOOGL,165.07000732421875,166.10000610351562,161.0399932861328,161.9600067138672,56034000,161.61961364746094
2025-04-28,GOOGL,162.42999267578125,163.14999389648438,158.60000610351562,160.61000061035156,29745800,160.27244567871094
2025-04-29,GOOGL,160.32000732421875,160.74000549316406,157.52000427246094,160.16000366210938,26809000,159.8234100341797
2025-04-30,GOOGL,157.97999572753906,159.27000427246094,155.39999389648438,158.8000030517578,34981100,158.4662628173828
2025-05-01,GOOGL,160.4499969482422,161.9499969482422,158.91000366210938,161.3000030517578,30203200,160.9610137939453
2025-05-02,GOOGL,163.41000366210938,164.97000122070312,161.8699951171875,164.02999877929688,25715000,163.68527221679688
2025-05-05,GOOGL,163.0,165.38999938964844,162.72000122070312,164.2100067138672,21341800,163.86488342285156
2025-05-06,GOOGL,162.1699981689453,164.8000030517578,161.19000244140625,163.22999572753906,21277200,162.88694763183594
2025-05-07,GOOGL,164.0800018310547,165.0,147.83999633789062,151.3800048828125,127490100,151.06185913085938
2025-05-08,GOOGL,155.0,155.92999267578125,152.89999389648438,154.27999877929688,57498700,153.95574951171875
2025-05-09,GOOGL,154.1699981689453,155.0500030517578,152.1999969482422,152.75,32435300,152.42898559570312
2025-05-12,GOOGL,157.49000549316406,159.10000610351562,156.25,158.4600067138672,44138800,158.12698364257812
2025-05-13,GOOGL,158.7899932861328,160.57000732421875,156.16000366210938,159.52999877929688,42382100,159.19473266601562
2025-05-14,GOOGL,159.9600067138672,167.0,159.61000061035156,165.3699951171875,48755900,165.02244567871094
2025-05-15,GOOGL,165.83999633789062,166.2100067138672,162.3699951171875,163.9600067138672,33146700,163.61541748046875
2025-05-16,GOOGL,167.72999572753906,169.35000610351562,165.6199951171875,166.19000244140625,42846900,165.84072875976562
2025-05-19,GOOGL,164.50999450683594,166.63999938964844,164.22000122070312,166.5399932861328,30426100,166.1899871826172
2025-05-20,GOOGL,166.42999267578125,168.5,162.89999389648438,163.97999572753906,46607700,163.63536071777344
2025-05-21,GOOGL,163.69000244140625,173.13999938964844,163.55999755859375,168.55999755859375,73416000,168.20574951171875
2025-05-22,GOOGL,171.85000610351562,176.77000427246094,170.7100067138672,170.8699951171875,74864400,170.51087951660156
2025-05-23,GOOGL,169.05999755859375,169.9600067138672,167.88999938964844,168.47000122070312,35211400,168.11593627929688
2025-05-27,GOOGL,170.16000366210938,173.1699981689453,170.0,172.89999389648438,37995700,172.53662109375
2025-05-28,GOOGL,173.16000366210938,175.27000427246094,171.91000366210938,172.36000061035156,34784000,171.9977569580078
2025-05-29,GOOGL,174.0,174.4199981689453,170.6300048828125,171.86000061035156,29317300,171.49880981445312
2025-05-30,GOOGL,171.35000610351562,172.2100067138672,167.44000244140625,171.74000549316406,52639900,171.37905883789062
2025-06-02,GOOGL,167.83999633789062,169.8699951171875,167.38999938964844,169.02999877929688,38612300,168.6747589111328
2025-06-03,GOOGL,167.49000549316406,168.47999572753906,165.27999877929688,166.17999267578125,45084900,165.8307342529297
2025-06-04,GOOGL,166.74000549316406,168.22000122070312,166.36000061035156,168.0500030517578,26900800,167.6968231201172
2025-06-05,GOOGL,170.33999633789062,170.92999267578125,167.58999633789062,168.2100067138672,36379100,167.8564910888672
2025-06-06,GOOGL,170.8300018310547,174.5,170.8300018310547,173.67999267578125,35731800,173.3149871826172
2025-06-09,GOOGL,174.5399932861328,176.47000122070312,174.3699951171875,176.08999633789062,28935900,175.93264770507812
2025-06-10,GOOGL,176.1999969482422,181.11000061035156,174.91000366210938,178.60000610351562,61766100,178.44041442871094
2025-06-11,GOOGL,179.77000427246094,180.3699951171875,176.75,177.35000610351562,31646800,177.1915283203125
2025-06-12,GOOGL,176.17999267578125,176.72000122070312,174.75,175.6999969482422,20941900,175.54299926757812
2025-06-13,GOOGL,172.44000244140625,177.1300048828125,172.38999938964844,174.6699981689453,27663100,174.513916015625
2025-06-16,GOOGL,174.72999572753906,176.94000244140625,174.64999389648438,176.77000427246094,27389200,176.61204528808594
2025-06-17,GOOGL,175.6999969482422,177.36000061035156,174.5800018310547,175.9499969482422,24973000,175.7927703857422
2025-06-18,GOOGL,176.00999450683594,176.55999755859375,173.1999969482422,173.32000732421875,28707500,173.16513061523438
2025-06-20,GOOGL,173.9499969482422,174.33999633789062,165.4600067138672,166.63999938964844,75659900,166.4910888671875
2025-06-23,GOOGL,166.27000427246094,167.33999633789062,162.0,165.19000244140625,57671000,165.04238891601562
2025-06-24,GOOGL,166.9199981689453,168.22000122070312,166.1300048828125,166.77000427246094,40524300,166.62098693847656
2025-06-25,GOOGL,167.6300048828125,172.36000061035156,167.5500030517578,170.67999267578125,35479000,170.52748107910156
2025-06-26,GOOGL,172.42999267578125,173.69000244140625,169.94000244140625,173.5399932861328,31796700,173.38491821289062
2025-06-27,GOOGL,173.5399932861328,178.67999267578125,171.72999572753906,178.52999877929688,108140200,178.37046813964844
2025-06-30,GOOGL,180.77999877929688,181.22999572753903,174.5800018310547,176.22999572753906,63378900,176.07252502441406
2025-07-01,GOOGL,175.74000549316406,176.08999633789062,173.52999877929688,175.83999633789062,35904500,175.682861328125
2025-07-02,GOOGL,175.5399932861328,178.86000061035156,175.07000732421875,178.63999938964844,29128900,178.48036193847656
2025-07-03,GOOGL,178.5,179.6699981689453,177.0500030517578,179.52999877929688,21689700,179.36956787109375
2025-07-07,GOOGL,179.05999755859375,179.3000030517578,175.67999267578125,176.7899932861328,34175600,176.63201904296875
2025-07-08,GOOGL,177.85000610351562,177.9499969482422,172.80999755859375,174.36000061035156,40442500,174.20419311523438
2025-07-09,GOOGL,175.25,179.44000244140625,172.77000427246094,176.6199951171875,43025600,176.46217346191406
2025-07-10,GOOGL,175.6300048828125,178.42999267578125,174.3800048828125,177.6199951171875,29252400,177.46127319335938
2025-07-11,GOOGL,176.7899932861328,181.42999267578125,176.47999572753906,180.19000244140625,34282900,180.02899169921875
2025-07-14,GOOGL,181.0099945068359,183.6699981689453,179.67999267578125,181.55999755859375,32536600,181.3977508544922
2025-07-15,GOOGL,182.80999755859375,184.22000122070312,181.6000061035156,182.0,33448300,181.83737182617188
2025-07-16,GOOGL,183.2400054931641,184.3300018310547,182.02999877929688,182.97000122070312,33104200,182.80650329589844
2025-07-17,GOOGL,182.13999938964844,184.05999755859375,180.47999572753903,183.5800018310547,31992600,183.41595458984375
2025-07-18,GOOGL,185.3999938964844,186.4199981689453,183.7100067138672,185.05999755859375,34014500,184.8946228027344
2025-07-21,GOOGL,186.25,190.2899932861328,186.1499938964844,190.1000061035156,45803100,189.9301300048828
2025-07-22,GOOGL,191.5,191.6499938964844,187.4600067138672,191.33999633789065,44660200,191.1690216064453
2025-07-23,GOOGL,191.5,192.52999877929688,189.17999267578125,190.22999572753903,58681900,190.0600128173828
2025-07-24,GOOGL,197.02999877929688,197.9499969482422,191.0,192.1699981689453,74881700,191.9982757568359
2025-07-25,GOOGL,191.97999572753903,194.3300018310547,191.2599945068359,193.17999267578125,39785900,193.0073699951172
2025-07-28,GOOGL,193.6499938964844,194.0500030517578,190.83999633789065,192.5800018310547,38139500,192.4079132080078
2025-07-29,GOOGL,192.42999267578125,195.9199981689453,192.0800018310547,195.75,41389200,195.5750732421875
2025-07-30,GOOGL,195.6000061035156,197.6000061035156,194.69000244140625,196.52999877929688,32445400,196.35438537597656
2025-07-31,GOOGL,195.7100067138672,195.9900054931641,191.08999633789065,191.8999938964844,51329200,191.728515625
2025-08-01,GOOGL,189.02999877929688,190.8300018310547,187.82000732421875,189.1300048828125,34832200,188.96099853515625
2025-08-04,GOOGL,190.2899932861328,195.27000427246097,190.1199951171875,195.0399932861328,31547400,194.86570739746097
2025-08-05,GOOGL,194.7100067138672,197.86000061035156,193.88999938964844,194.6699981689453,31602300,194.4960479736328
2025-08-06,GOOGL,194.5,196.6300048828125,193.6699981689453,196.08999633789065,21562900,195.91476440429688
2025-08-07,GOOGL,197.05999755859375,197.5399932861328,194.3300018310547,196.52000427246097,26321800,196.34439086914065
2025-08-08,GOOGL,197.22000122070312,202.61000061035156,197.1699981689453,201.4199981689453,39161800,201.2400054931641
2025-08-11,GOOGL,200.94000244140625,201.47999572753903,199.07000732421875,201.0,25832400,200.8203887939453
2025-08-12,GOOGL,201.3699951171875,204.5,200.58999633789065,203.33999633789065,30397900,203.1582946777344
2025-08-13,GOOGL,204.1300048828125,204.52999877929688,197.5099945068359,201.9600067138672,28342900,201.779541015625
2025-08-14,GOOGL,201.5,204.44000244140625,201.22999572753903,202.94000244140625,25230400,202.75865173339844
2025-08-15,GOOGL,203.8500061035156,206.44000244140625,201.27999877929688,203.8999938964844,34931400,203.71778869628903
2025-08-18,GOOGL,204.1999969482422,205.27000427246097,202.4900054931641,203.5,18526600,203.3181610107422
2025-08-19,GOOGL,203.02999877929688,203.44000244140625,199.9600067138672,201.57000732421875,24240200,201.389892578125
2025-08-20,GOOGL,200.72999572753903,201.27999877929688,196.6000061035156,199.32000732421875,28955500,199.1418914794922
2025-08-21,GOOGL,199.75,202.47999572753903,199.42999267578125,199.75,19774600,199.57150268554688
2025-08-22,GOOGL,202.72999572753903,208.5399932861328,201.3000030517578,206.08999633789065,42827000,205.9058380126953
2025-08-25,GOOGL,206.42999267578125,210.52000427246097,205.27999877929688,208.4900054931641,29928900,208.30369567871097
2025-08-26,GOOGL,207.5099945068359,207.8500061035156,205.6999969482422,207.13999938964844,28464100,206.95489501953125
2025-08-27,GOOGL,205.6999969482422,208.91000366210935,205.6499938964844,207.47999572753903,23022900,207.29458618164065
2025-08-28,GOOGL,207.25,212.22000122070312,206.8999938964844,211.63999938964844,32339300,211.4508819580078
2025-08-29,GOOGL,210.5099945068359,214.6499938964844,210.1999969482422,212.91000366210935,39728400,212.71974182128903
2025-09-02,GOOGL,208.44000244140625,211.67999267578125,206.1999969482422,211.3500061035156,47523000,211.16114807128903
2025-09-03,GOOGL,226.2100067138672,231.30999755859375,224.7899932861328,230.66000366210935,103336100,230.45388793945312
2025-09-04,GOOGL,229.6499938964844,232.3699951171875,226.11000061035156,232.3000030517578,51684200,232.09242248535156
2025-09-05,GOOGL,232.1999969482422,235.7599945068359,231.8999938964844,235.0,46588900,234.79000854492188
2025-09-08,GOOGL,235.47000122070312,238.1300048828125,233.6699981689453,234.0399932861328,32474700,234.0399932861328
2025-09-09,GOOGL,234.1699981689453,240.47000122070312,233.22999572753903,239.6300048828125,38061000,239.6300048828125
2025-09-10,GOOGL,238.8999938964844,241.66000366210935,237.8500061035156,239.1699981689453,35141100,239.1699981689453
2025-09-11,GOOGL,239.8800048828125,242.25,236.25,240.3699951171875,30599300,240.3699951171875
2025-09-12,GOOGL,240.3699951171875,242.0800018310547,238.0,240.8000030517578,26771600,240.8000030517578
2025-09-15,GOOGL,244.66000366210935,252.41000366210935,244.66000366210935,251.61000061035156,58383800,251.61000061035156
2025-09-16,GOOGL,252.0800018310547,253.0399932861328,249.47000122070312,251.16000366210935,34109700,251.16000366210935
2025-09-17,GOOGL,251.22000122070312,251.6000061035156,246.27999877929688,249.52999877929688,34108000,249.52999877929688
2025-09-18,GOOGL,251.67999267578125,253.9900054931641,249.8000030517578,252.02999877929688,31239500,252.02999877929688
2025-09-19,GOOGL,253.25,256.0,251.80999755859375,254.72000122070312,55571400,254.72000122070312
2025-09-22,GOOGL,254.42999267578125,255.77999877929688,250.3000030517578,252.52999877929688,32290500,252.52999877929688
2025-09-23,GOOGL,253.0399932861328,254.36000061035156,250.47999572753903,251.66000366210935,26628000,251.66000366210935
2025-09-24,GOOGL,251.66000366210935,252.3500061035156,246.44000244140625,247.13999938964844,28201000,247.13999938964844
2025-09-25,GOOGL,244.3999938964844,246.4900054931641,240.7400054931641,245.7899932861328,31020400,245.7899932861328
2025-09-26,GOOGL,247.07000732421875,249.4199981689453,245.97000122070312,246.5399932861328,18503200,246.5399932861328
2025-09-29,GOOGL,247.8500061035156,251.1499938964844,242.77000427246097,244.0500030517578,32505800,244.0500030517578
2025-09-30,GOOGL,242.80999755859375,243.2899932861328,239.25,243.1000061035156,34724300,243.1000061035156
2025-10-01,GOOGL,240.75,246.3000030517578,238.61000061035156,244.8999938964844,31658200,244.8999938964844
2025-10-02,GOOGL,245.1499938964844,246.80999755859375,242.3000030517578,245.69000244140625,25483300,245.69000244140625
2025-10-03,GOOGL,244.4900054931641,246.3000030517578,241.66000366210935,245.3500061035156,30249600,245.3500061035156
2025-10-06,GOOGL,244.77999877929688,251.32000732421875,244.5800018310547,250.42999267578125,28894700,250.42999267578125
2025-10-07,GOOGL,248.27000427246097,250.44000244140625,245.52000427246097,245.7599945068359,23181300,245.7599945068359
2025-10-08,GOOGL,244.9600067138672,246.0099945068359,243.82000732421875,244.6199951171875,21307100,244.6199951171875
2025-10-09,GOOGL,244.47000122070312,244.7599945068359,239.1499938964844,241.52999877929688,27892100,241.52999877929688
2025-10-10,GOOGL,241.42999267578125,244.08999633789065,235.83999633789065,236.57000732421875,33180300,236.57000732421875
2025-10-13,GOOGL,240.2100067138672,244.5,239.7100067138672,244.1499938964844,24995000,244.1499938964844
2025-10-14,GOOGL,241.22999572753903,247.1199951171875,240.5099945068359,245.4499969482422,22111600,245.4499969482422
2025-10-15,GOOGL,247.25,252.11000061035156,245.9900054931641,251.02999877929688,27007700,251.02999877929688
2025-10-16,GOOGL,251.77000427246097,256.9599914550781,250.1000061035156,251.4600067138672,27997200,251.4600067138672
2025-10-17,GOOGL,250.7599945068359,254.22000122070312,247.80999755859375,253.3000030517578,29671600,253.3000030517578
2025-10-20,GOOGL,254.69000244140625,257.3299865722656,254.22999572753903,256.54998779296875,22350200,256.54998779296875
2025-10-21,GOOGL,254.7400054931641,254.8800048828125,244.1499938964844,250.4600067138672,47312100,250.4600067138672
2025-10-22,GOOGL,254.3699951171875,256.3599853515625,249.2899932861328,251.69000244140625,35029400,251.69000244140625
2025-10-23,GOOGL,252.97999572753903,255.0399932861328,251.8500061035156,253.0800018310547,19901400,253.0800018310547
2025-10-24,GOOGL,256.5799865722656,261.67999267578125,255.32000732421875,259.9200134277344,28655100,259.9200134277344
2025-10-27,GOOGL,264.82000732421875,270.1400146484375,264.2799987792969,269.2699890136719,35235200,269.2699890136719
2025-10-28,GOOGL,269.69000244140625,270.7300109863281,266.5,267.4700012207031,29738600,267.4700012207031
2025-10-29,GOOGL,267.75,275.3399963378906,267.6700134277344,274.57000732421875,43580300,274.57000732421875
2025-10-30,GOOGL,291.5899963378906,291.5899963378906,280.05999755859375,281.4800109863281,74876000,281.4800109863281
2025-10-31,GOOGL,283.2099914550781,286.0,277.0299987792969,281.19000244140625,39267900,281.19000244140625
2025-11-03,GOOGL,282.17999267578125,285.5299987792969,279.79998779296875,283.7200012207031,29786000,283.7200012207031
2025-11-04,GOOGL,276.75,281.2699890136719,276.260009765625,277.5400085449219,30078400,277.5400085449219
2025-11-05,GOOGL,278.8699951171875,286.4200134277344,277.3399963378906,284.30999755859375,31010300,284.30999755859375
2025-11-06,GOOGL,285.3299865722656,288.3500061035156,281.1400146484375,284.75,37173600,284.75
2025-11-07,GOOGL,283.2099914550781,283.7799987792969,275.19000244140625,278.8299865722656,34479600,278.8299865722656
2025-11-10,GOOGL,284.4200134277344,290.79998779296875,282.8599853515625,290.1000061035156,29557300,290.1000061035156
2025-11-11,GOOGL,287.75,291.9200134277344,287.32000732421875,291.30999755859375,19842100,291.30999755859375
2025-11-12,GOOGL,291.67999267578125,292.010009765625,283.69000244140625,286.7099914550781,24829900,286.7099914550781
2025-11-13,GOOGL,282.3399963378906,282.8399963378906,277.239990234375,278.57000732421875,29494000,278.57000732421875
2025-11-14,GOOGL,271.4100036621094,278.55999755859375,270.70001220703125,276.4100036621094,31647200,276.4100036621094
2025-11-17,GOOGL,285.7799987792969,293.95001220703125,283.57000732421875,285.0199890136719,52670200,285.0199890136719
2025-11-18,GOOGL,287.9200134277344,288.79998779296875,278.20001220703125,284.2799987792969,49158700,284.2799987792969
2025-11-19,GOOGL,287.1600036621094,303.80999755859375,286.6300048828125,292.80999755859375,68198900,292.80999755859375
2025-11-20,GOOGL,304.5400085449219,306.4200134277344,288.6700134277344,289.45001220703125,62025200,289.45001220703125
2025-11-21,GOOGL,296.4200134277344,303.9200134277344,293.8500061035156,299.6600036621094,74137700,299.6600036621094
2025-11-24,GOOGL,311.1300048828125,319.4800109863281,309.6000061035156,318.5799865722656,85165100,318.5799865722656
2025-11-25,GOOGL,326.2099914550781,328.8299865722656,317.6499938964844,323.44000244140625,88632100,323.44000244140625
2025-11-26,GOOGL,320.67999267578125,324.5,316.7900085449219,319.95001220703125,51373400,319.95001220703125
2025-11-28,GOOGL,323.3699951171875,326.8500061035156,316.7900085449219,320.17999267578125,26018600,320.17999267578125
