Date,Symbol,Open,High,Low,Close,Volume,Adj Close
2020-01-02,MSFT,158.77999877929688,160.72999572753906,158.3300018310547,160.6199951171875,22622100,152.5056610107422
2020-01-03,MSFT,158.32000732421875,159.9499969482422,158.05999755859375,158.6199951171875,21116200,150.60670471191406
2020-01-06,MSFT,157.0800018310547,159.10000610351562,156.50999450683594,159.02999877929688,20813700,150.9959716796875
2020-01-07,MSFT,159.32000732421875,159.6699981689453,157.32000732421875,157.5800018310547,21634100,149.6192626953125
2020-01-08,MSFT,158.92999267578125,160.8000030517578,157.9499969482422,160.08999633789062,27746500,152.00247192382812
2020-01-09,MSFT,161.83999633789062,162.22000122070312,161.02999877929688,162.08999633789062,21385000,153.90139770507812
2020-01-10,MSFT,162.82000732421875,163.22000122070312,161.17999267578125,161.33999633789062,20725900,153.1893310546875
2020-01-13,MSFT,161.75999450683594,163.30999755859375,161.25999450683594,163.27999877929688,21626500,155.03131103515625
2020-01-14,MSFT,163.38999938964844,163.60000610351562,161.72000122070312,162.1300048828125,23477400,153.9394073486328
2020-01-15,MSFT,162.6199951171875,163.94000244140625,162.57000732421875,163.17999267578125,21417900,154.9363250732422
2020-01-16,MSFT,164.35000610351562,166.24000549316406,164.02999877929688,166.1699981689453,23865400,157.77529907226562
2020-01-17,MSFT,167.4199981689453,167.47000122070312,165.42999267578125,167.10000610351562,34371700,158.65834045410156
2020-01-21,MSFT,166.67999267578125,168.19000244140625,166.42999267578125,166.5,29517200,158.0886688232422
2020-01-22,MSFT,167.39999389648438,167.49000549316406,165.67999267578125,165.6999969482422,24138800,157.32904052734375
2020-01-23,MSFT,166.19000244140625,166.8000030517578,165.27000427246094,166.72000122070312,19680800,158.29757690429688
2020-01-24,MSFT,167.50999450683594,167.52999877929688,164.4499969482422,165.0399932861328,24918100,156.70240783691406
2020-01-27,MSFT,161.14999389648438,163.3800048828125,160.1999969482422,162.27999877929688,32078100,154.0818328857422
2020-01-28,MSFT,163.77999877929688,165.75999450683594,163.07000732421875,165.4600067138672,24899900,157.10118103027344
2020-01-29,MSFT,167.83999633789062,168.75,165.69000244140625,168.0399932861328,34754500,159.55081176757812
2020-01-30,MSFT,174.0500030517578,174.0500030517578,170.7899932861328,172.77999877929688,51597500,164.05137634277344
2020-01-31,MSFT,172.2100067138672,172.39999389648438,169.5800018310547,170.22999572753906,36142700,161.63021850585938
2020-02-03,MSFT,170.42999267578125,174.5,170.39999389648438,174.3800048828125,30107000,165.57054138183594
2020-02-04,MSFT,177.13999938964844,180.63999938964844,176.30999755859375,180.1199951171875,36433300,171.0205535888672
2020-02-05,MSFT,184.02999877929688,184.1999969482422,178.41000366210938,179.89999389648438,39186300,170.81166076660156
2020-02-06,MSFT,180.97000122070312,183.82000732421875,180.05999755859375,183.6300048828125,27751400,174.35325622558594
2020-02-07,MSFT,182.8500061035156,185.6300048828125,182.47999572753903,183.88999938964844,33529100,174.60012817382812
2020-02-10,MSFT,183.5800018310547,188.83999633789065,183.25,188.6999969482422,35844300,179.1671142578125
2020-02-11,MSFT,190.6499938964844,190.6999969482422,183.5,184.44000244140625,53159900,175.12237548828125
2020-02-12,MSFT,185.5800018310547,185.8500061035156,181.8500061035156,184.7100067138672,47062900,175.37867736816406
2020-02-13,MSFT,183.0800018310547,186.22999572753903,182.8699951171875,183.7100067138672,35295800,174.42922973632812
2020-02-14,MSFT,183.25,185.41000366210935,182.6499938964844,185.3500061035156,23149500,175.98638916015625
2020-02-18,MSFT,185.61000061035156,187.6999969482422,185.5,187.22999572753903,27792200,177.77142333984375
2020-02-19,MSFT,188.05999755859375,188.17999267578125,186.47000122070312,187.27999877929688,29997500,178.30453491210938
2020-02-20,MSFT,186.9499969482422,187.25,181.1000061035156,184.4199981689453,36862400,175.5815887451172
2020-02-21,MSFT,183.1699981689453,183.5,177.25,178.58999633789062,48572600,170.03102111816406
2020-02-24,MSFT,167.77000427246094,174.5500030517578,163.22999572753906,170.88999938964844,68311100,162.70004272460938
2020-02-25,MSFT,174.1999969482422,174.83999633789062,167.64999389648438,168.07000732421875,68073300,160.01522827148438
2020-02-26,MSFT,169.7100067138672,173.25999450683594,168.2100067138672,170.1699981689453,56206100,162.01454162597656
2020-02-27,MSFT,163.32000732421875,167.02999877929688,157.97999572753906,158.17999267578125,93174900,150.5991973876953
2020-02-28,MSFT,152.41000366210938,163.7100067138672,152.0,162.00999450683594,97012700,154.24562072753906
2020-03-02,MSFT,165.30999755859375,172.9199981689453,162.30999755859375,172.7899932861328,71030800,164.5089874267578
2020-03-03,MSFT,173.8000030517578,175.0,162.25999450683594,164.50999450683594,71677000,156.62583923339844
2020-03-04,MSFT,168.49000549316406,170.6999969482422,165.6199951171875,170.5500030517578,49814400,162.3763885498047
2020-03-05,MSFT,166.0500030517578,170.8699951171875,165.69000244140625,166.27000427246094,47817300,158.3014678955078
2020-03-06,MSFT,162.61000061035156,163.11000061035156,156.0,161.57000732421875,72821100,153.82675170898438
2020-03-09,MSFT,151.0,157.75,150.0,150.6199951171875,70419300,143.4014892578125
2020-03-10,MSFT,158.16000366210938,161.02999877929688,152.5800018310547,160.9199981689453,65354400,153.20782470703125
2020-03-11,MSFT,157.1300048828125,157.6999969482422,151.14999389648438,153.6300048828125,56371600,146.26724243164062
2020-03-12,MSFT,145.3000030517578,153.47000122070312,138.5800018310547,139.05999755859375,93226400,132.39553833007812
2020-03-13,MSFT,147.5,161.91000366210938,140.72999572753906,158.8300018310547,92727400,151.21803283691406
2020-03-16,MSFT,140.0,149.35000610351562,135.0,135.4199981689453,87905900,128.929931640625
2020-03-17,MSFT,140.0,147.5,135.0,146.57000732421875,81059800,139.5455780029297
2020-03-18,MSFT,138.0,146.0,135.02000427246094,140.39999389648438,81593200,133.6713104248047
2020-03-19,MSFT,142.77000427246094,150.14999389648438,139.0,142.7100067138672,85922700,135.87060546875
2020-03-20,MSFT,146.0,147.10000610351562,135.86000061035156,137.35000610351562,84866200,130.76747131347656
2020-03-23,MSFT,137.00999450683594,140.57000732421875,132.52000427246094,135.97999572753906,78975200,129.46310424804688
2020-03-24,MSFT,143.75,149.60000610351562,141.27000427246094,148.33999633789062,82516700,141.2307586669922
2020-03-25,MSFT,148.91000366210938,154.3300018310547,144.44000244140625,146.9199981689453,75638200,139.87879943847656
2020-03-26,MSFT,148.39999389648438,156.66000366210938,148.3699951171875,156.11000061035156,64568100,148.62835693359375
2020-03-27,MSFT,151.75,154.88999938964844,149.1999969482422,149.6999969482422,57042300,142.5255889892578
2020-03-30,MSFT,152.44000244140625,160.60000610351562,150.00999450683594,160.22999572753906,63420300,152.55093383789062
2020-03-31,MSFT,159.39999389648438,164.77999877929688,156.55999755859375,157.7100067138672,77927200,150.15171813964844
2020-04-01,MSFT,153.0,157.75,150.82000732421875,152.11000061035156,57969900,144.8201141357422
2020-04-02,MSFT,151.86000061035156,155.47999572753906,150.36000061035156,155.25999450683594,49630700,147.81912231445312
2020-04-03,MSFT,155.10000610351562,157.3800048828125,152.19000244140625,153.8300018310547,41243300,146.45762634277344
2020-04-06,MSFT,160.32000732421875,166.5,157.5800018310547,165.27000427246094,67111700,157.34938049316406
2020-04-07,MSFT,169.58999633789062,170.0,163.25999450683594,163.49000549316406,62769000,155.65472412109375
2020-04-08,MSFT,165.6699981689453,166.6699981689453,163.5,165.1300048828125,48318200,157.21609497070312
2020-04-09,MSFT,166.36000061035156,167.3699951171875,163.3300018310547,165.13999938964844,51385100,157.22564697265625
2020-04-13,MSFT,164.35000610351562,165.57000732421875,162.3000030517578,165.50999450683594,41905300,157.577880859375
2020-04-14,MSFT,169.0,173.75,168.0,173.6999969482422,52874300,165.37538146972656
2020-04-15,MSFT,171.1999969482422,173.57000732421875,169.24000549316406,171.8800048828125,40940800,163.6426239013672
2020-04-16,MSFT,174.3000030517578,177.27999877929688,172.89999389648438,177.0399932861328,50479600,168.5552978515625
2020-04-17,MSFT,179.5,180.0,175.8699951171875,178.60000610351562,52765600,170.04055786132812
2020-04-20,MSFT,176.6300048828125,178.75,174.99000549316406,175.05999755859375,36669600,166.670166015625
2020-04-21,MSFT,173.5,173.6699981689453,166.11000061035156,167.82000732421875,56203700,159.7772216796875
2020-04-22,MSFT,171.38999938964844,174.0,170.82000732421875,173.52000427246094,34620200,165.2040252685547
2020-04-23,MSFT,174.11000061035156,175.05999755859375,170.91000366210938,171.4199981689453,32790800,163.2046661376953
2020-04-24,MSFT,172.05999755859375,174.55999755859375,170.7100067138672,174.5500030517578,34277600,166.18460083007812
2020-04-27,MSFT,176.58999633789062,176.89999389648438,173.3000030517578,174.0500030517578,33194400,165.70860290527344
2020-04-28,MSFT,175.58999633789062,175.6699981689453,169.38999938964844,169.80999755859375,34392700,161.6717529296875
2020-04-29,MSFT,173.22000122070312,177.67999267578125,171.8800048828125,177.42999267578125,51286600,168.9265899658203
2020-04-30,MSFT,180.0,180.3999938964844,176.22999572753906,179.2100067138672,53875900,170.6212921142578
2020-05-01,MSFT,175.8000030517578,178.63999938964844,174.00999450683594,174.57000732421875,39370500,166.20367431640625
2020-05-04,MSFT,174.49000549316406,179.0,173.8000030517578,178.83999633789062,30372900,170.26905822753906
2020-05-05,MSFT,180.6199951171875,183.6499938964844,179.89999389648438,180.7599945068359,36839200,172.0970458984375
2020-05-06,MSFT,182.0800018310547,184.1999969482422,181.6300048828125,182.5399932861328,32139300,173.7917022705078
2020-05-07,MSFT,184.1699981689453,184.5500030517578,182.5800018310547,183.6000061035156,28316000,174.8009033203125
2020-05-08,MSFT,184.97999572753903,185.0,183.36000061035156,184.67999267578125,30877800,175.8291473388672
2020-05-11,MSFT,183.1499938964844,187.5099945068359,182.8500061035156,186.7400054931641,30892700,177.7904052734375
2020-05-12,MSFT,186.8000030517578,187.0399932861328,182.3000030517578,182.5099945068359,32038200,173.76318359375
2020-05-13,MSFT,182.5500030517578,184.0500030517578,176.5399932861328,179.75,44711500,171.1354217529297
2020-05-14,MSFT,177.5399932861328,180.69000244140625,175.67999267578125,180.52999877929688,41873900,171.8780517578125
2020-05-15,MSFT,179.05999755859375,187.05999755859375,177.0,183.16000366210935,46610400,174.38201904296875
2020-05-18,MSFT,185.75,186.1999969482422,183.9600067138672,184.91000366210935,35264500,176.04815673828125
2020-05-19,MSFT,185.02999877929688,186.6000061035156,183.4900054931641,183.6300048828125,26799100,174.8294677734375
2020-05-20,MSFT,184.80999755859375,185.8500061035156,183.94000244140625,185.66000366210935,31261300,177.2544708251953
2020-05-21,MSFT,185.3999938964844,186.6699981689453,183.2899932861328,183.42999267578125,29119500,175.12542724609375
2020-05-22,MSFT,183.19000244140625,184.4600067138672,182.5399932861328,183.5099945068359,20826900,175.20179748535156
2020-05-26,MSFT,186.33999633789065,186.5,181.1000061035156,181.57000732421875,36073600,173.34963989257812
2020-05-27,MSFT,180.1999969482422,181.9900054931641,176.60000610351562,181.80999755859375,39517100,173.5788116455078
2020-05-28,MSFT,180.7400054931641,184.1499938964844,180.3800048828125,181.3999938964844,33810200,173.18736267089844
2020-05-29,MSFT,182.72999572753903,184.27000427246097,180.41000366210935,183.25,42130400,174.95359802246094
2020-06-01,MSFT,182.5399932861328,183.0,181.4600067138672,182.8300018310547,22622400,174.55262756347656
2020-06-02,MSFT,184.25,185.0,181.3500061035156,184.91000366210935,30794600,176.5384521484375
2020-06-03,MSFT,184.82000732421875,185.94000244140625,183.5800018310547,185.36000061035156,27311000,176.96800231933594
2020-06-04,MSFT,184.3000030517578,185.83999633789065,182.3000030517578,182.9199981689453,28761800,174.63853454589844
2020-06-05,MSFT,182.6199951171875,187.72999572753903,182.0099945068359,187.1999969482422,39893600,178.72479248046875
2020-06-08,MSFT,185.94000244140625,188.5500030517578,184.44000244140625,188.36000061035156,33211600,179.83226013183594
2020-06-09,MSFT,188.0,190.6999969482422,187.2599945068359,189.8000030517578,29783900,181.20704650878903
2020-06-10,MSFT,191.1300048828125,198.52000427246097,191.0099945068359,196.83999633789065,43872300,187.9283142089844
2020-06-11,MSFT,193.1300048828125,195.7599945068359,186.07000732421875,186.27000427246097,52854700,177.8368377685547
2020-06-12,MSFT,190.5399932861328,191.72000122070312,185.17999267578125,187.7400054931641,43373600,179.24032592773438
2020-06-15,MSFT,184.5800018310547,190.82000732421875,184.0099945068359,188.94000244140625,32770200,180.385986328125
2020-06-16,MSFT,192.88999938964844,195.5800018310547,191.4600067138672,193.57000732421875,42556700,184.806396484375
2020-06-17,MSFT,195.02999877929688,196.32000732421875,193.69000244140625,194.2400054931641,25687800,185.4460296630859
2020-06-18,MSFT,194.0,196.4900054931641,194.0,196.32000732421875,23061600,187.431884765625
2020-06-19,MSFT,198.58999633789065,199.2899932861328,194.3699951171875,195.1499938964844,44441100,186.3148498535156
2020-06-22,MSFT,195.7899932861328,200.7599945068359,195.22999572753903,200.57000732421875,32818900,191.48947143554688
2020-06-23,MSFT,202.08999633789065,203.9499969482422,201.42999267578125,201.91000366210935,30917400,192.7687835693359
2020-06-24,MSFT,201.6000061035156,203.25,196.55999755859375,197.83999633789065,36740600,188.883056640625
2020-06-25,MSFT,197.8000030517578,200.61000061035156,195.47000122070312,200.33999633789065,27803900,191.26988220214844
2020-06-26,MSFT,199.72999572753903,199.88999938964844,194.8800048828125,196.3300018310547,54675800,187.44139099121097
2020-06-29,MSFT,195.77999877929688,198.52999877929688,193.5500030517578,198.44000244140625,26701600,189.45591735839844
2020-06-30,MSFT,197.8800048828125,204.3999938964844,197.7400054931641,203.5099945068359,34310300,194.29635620117188
2020-07-01,MSFT,203.13999938964844,206.3500061035156,201.77000427246097,204.6999969482422,32061200,195.43246459960935
2020-07-02,MSFT,205.67999267578125,208.02000427246097,205.0,206.2599945068359,29315800,196.921875
2020-07-06,MSFT,208.8300018310547,211.1300048828125,208.08999633789065,210.6999969482422,31897600,201.16082763671875
2020-07-07,MSFT,210.4499969482422,214.6699981689453,207.9900054931641,208.25,33600700,198.82177734375
2020-07-08,MSFT,210.07000732421875,213.2599945068359,208.69000244140625,212.8300018310547,33600000,203.19444274902344
2020-07-09,MSFT,216.3300018310547,216.3800048828125,211.47000122070312,214.32000732421875,33121700,204.6168975830078
2020-07-10,MSFT,213.6199951171875,214.0800018310547,211.0800018310547,213.6699981689453,26177600,203.99636840820312
2020-07-13,MSFT,214.47999572753903,215.8000030517578,206.5,207.07000732421875,38135600,197.69520568847656
2020-07-14,MSFT,206.1300048828125,208.8500061035156,202.02999877929688,208.3500061035156,37591800,198.91720581054688
2020-07-15,MSFT,209.55999755859375,211.3300018310547,205.02999877929688,208.0399932861328,32179400,198.6212615966797
2020-07-16,MSFT,205.3999938964844,205.6999969482422,202.30999755859375,203.9199981689453,29940700,194.6877899169922
2020-07-17,MSFT,204.47000122070312,205.0399932861328,201.38999938964844,202.8800048828125,31635300,193.6948699951172
2020-07-20,MSFT,205.0,212.3000030517578,203.0099945068359,211.6000061035156,36884800,202.02008056640625
2020-07-21,MSFT,213.66000366210935,213.94000244140625,208.02999877929688,208.75,37990400,199.29910278320312
2020-07-22,MSFT,209.1999969482422,212.3000030517578,208.38999938964844,211.75,49605700,202.1632843017578
2020-07-23,MSFT,207.19000244140625,210.9199981689453,202.1499938964844,202.5399932861328,67457000,193.37025451660156
2020-07-24,MSFT,200.4199981689453,202.86000061035156,197.5099945068359,201.3000030517578,39827000,192.1864013671875
2020-07-27,MSFT,201.47000122070312,203.97000122070312,200.86000061035156,203.8500061035156,30160900,194.62098693847656
2020-07-28,MSFT,203.61000061035156,204.6999969482422,201.7400054931641,202.02000427246097,23251400,192.87380981445312
2020-07-29,MSFT,202.5,204.6499938964844,202.0099945068359,204.05999755859375,19632600,194.82144165039065
2020-07-30,MSFT,201.0,204.4600067138672,199.57000732421875,203.8999938964844,25079600,194.668701171875
2020-07-31,MSFT,204.3999938964844,205.1000061035156,199.0099945068359,205.0099945068359,51044000,195.72845458984375
2020-08-03,MSFT,211.52000427246097,217.63999938964844,210.44000244140625,216.5399932861328,78983000,206.7364044189453
2020-08-04,MSFT,214.1699981689453,214.77000427246097,210.30999755859375,213.2899932861328,49280100,203.6335906982422
2020-08-05,MSFT,214.8999938964844,215.0,211.57000732421875,212.94000244140625,28806400,203.2994384765625
2020-08-06,MSFT,212.33999633789065,216.3699951171875,211.5500030517578,216.3500061035156,32656800,206.5550537109375
2020-08-07,MSFT,214.8500061035156,215.6999969482422,210.92999267578125,212.47999572753903,27820400,202.8602752685547
2020-08-10,MSFT,211.6699981689453,211.8800048828125,206.3500061035156,208.25,36716500,198.82177734375
2020-08-11,MSFT,207.16000366210935,207.6499938964844,203.13999938964844,203.3800048828125,36446500,194.1722869873047
2020-08-12,MSFT,205.2899932861328,210.27999877929688,204.75,209.19000244140625,28013100,199.71917724609375
2020-08-13,MSFT,209.44000244140625,211.3500061035156,208.1499938964844,208.6999969482422,22588900,199.25135803222656
2020-08-14,MSFT,208.7599945068359,209.58999633789065,207.5099945068359,208.8999938964844,17958900,199.4423370361328
2020-08-17,MSFT,209.6000061035156,211.19000244140625,208.9199981689453,210.27999877929688,20184800,200.75987243652344
2020-08-18,MSFT,210.52999877929688,212.36000061035156,209.2100067138672,211.4900054931641,21336200,201.91506958007812
2020-08-19,MSFT,211.4900054931641,212.1000061035156,209.25,209.6999969482422,27627600,200.6900329589844
2020-08-20,MSFT,209.5399932861328,215.0,208.91000366210935,214.5800018310547,26981500,205.3603973388672
2020-08-21,MSFT,213.86000061035156,216.25,212.8500061035156,213.02000427246097,36249300,203.8674468994141
2020-08-24,MSFT,214.7899932861328,215.52000427246097,212.42999267578125,213.69000244140625,25460100,204.5086212158203
2020-08-25,MSFT,213.1000061035156,216.61000061035156,213.1000061035156,216.47000122070312,23043700,207.1692352294922
2020-08-26,MSFT,217.8800048828125,222.08999633789065,217.36000061035156,221.1499938964844,39600800,211.64810180664065
2020-08-27,MSFT,222.88999938964844,231.1499938964844,219.3999938964844,226.5800018310547,57602200,216.8447723388672
2020-08-28,MSFT,228.17999267578125,230.63999938964844,226.5800018310547,228.91000366210935,26292900,219.07470703125
2020-08-31,MSFT,227.0,228.6999969482422,224.30999755859375,225.52999877929688,28774200,215.83995056152344
2020-09-01,MSFT,225.5099945068359,227.4499969482422,224.42999267578125,227.27000427246097,25725500,217.50515747070312
2020-09-02,MSFT,227.97000122070312,232.86000061035156,227.3500061035156,231.6499938964844,34080800,221.69696044921875
2020-09-03,MSFT,229.27000427246097,229.30999755859375,214.9600067138672,217.3000030517578,58400300,207.96353149414065
2020-09-04,MSFT,215.1000061035156,218.36000061035156,205.19000244140625,214.25,59664100,205.04461669921875
2020-09-08,MSFT,206.5,210.02999877929688,202.1999969482422,202.66000366210935,52924300,193.95257568359375
2020-09-09,MSFT,207.6000061035156,214.83999633789065,206.6999969482422,211.2899932861328,45679000,202.21173095703125
2020-09-10,MSFT,213.3999938964844,214.7400054931641,204.11000061035156,205.3699951171875,35461500,196.54608154296875
2020-09-11,MSFT,207.1999969482422,208.6300048828125,201.2400054931641,204.02999877929688,33620100,195.26368713378903
2020-09-14,MSFT,204.2400054931641,209.1999969482422,204.02999877929688,205.41000366210935,30375800,196.5844268798828
2020-09-15,MSFT,208.4199981689453,209.77999877929688,206.92999267578125,208.77999877929688,21823900,199.80963134765625
2020-09-16,MSFT,210.6199951171875,210.6499938964844,204.63999938964844,205.0500030517578,26328100,196.2398376464844
2020-09-17,MSFT,200.0500030517578,204.3300018310547,199.9600067138672,202.91000366210935,34011300,194.1918029785156
2020-09-18,MSFT,202.8000030517578,203.6499938964844,196.25,200.38999938964844,55225300,191.78005981445312
2020-09-21,MSFT,197.19000244140625,202.7100067138672,196.3800048828125,202.5399932861328,39839700,193.83770751953125
2020-09-22,MSFT,205.05999755859375,208.1000061035156,202.0800018310547,207.4199981689453,33517100,198.50802612304688
2020-09-23,MSFT,207.8999938964844,208.1000061035156,200.02999877929688,200.58999633789065,30803800,191.97149658203125
2020-09-24,MSFT,199.8500061035156,205.57000732421875,199.1999969482422,203.19000244140625,31202500,194.45974731445312
2020-09-25,MSFT,203.5500030517578,209.0399932861328,202.5399932861328,207.82000732421875,29437300,198.890869140625
2020-09-28,MSFT,210.8800048828125,212.57000732421875,208.05999755859375,209.44000244140625,32004900,200.44126892089844
2020-09-29,MSFT,209.3500061035156,210.07000732421875,206.80999755859375,207.2599945068359,24221900,198.3549041748047
2020-09-30,MSFT,207.72999572753903,211.97999572753903,206.5399932861328,210.3300018310547,33829100,201.2930450439453
2020-10-01,MSFT,213.4900054931641,213.9900054931641,211.32000732421875,212.4600067138672,27158400,203.3314666748047
2020-10-02,MSFT,208.0,210.9900054931641,205.5399932861328,206.19000244140625,33154800,197.3308868408203
2020-10-05,MSFT,207.22000122070312,210.41000366210935,206.97999572753903,210.3800048828125,21331600,201.34088134765625
2020-10-06,MSFT,208.82000732421875,210.17999267578125,204.82000732421875,205.91000366210935,28554300,197.06292724609375
2020-10-07,MSFT,207.05999755859375,210.11000061035156,206.72000122070312,209.8300018310547,25681100,200.81448364257812
2020-10-08,MSFT,210.5099945068359,211.19000244140625,208.32000732421875,210.5800018310547,19925800,201.5322723388672
2020-10-09,MSFT,211.22999572753903,215.86000061035156,211.22999572753903,215.80999755859375,26458000,206.5375213623047
2020-10-12,MSFT,218.7899932861328,223.86000061035156,216.80999755859375,221.3999938964844,40461400,211.88735961914065
2020-10-13,MSFT,222.72000122070312,225.2100067138672,220.42999267578125,222.86000061035156,28950800,213.2845916748047
2020-10-14,MSFT,223.0,224.22000122070312,219.1300048828125,220.86000061035156,23421700,211.37057495117188
2020-10-15,MSFT,217.1000061035156,220.36000061035156,216.0099945068359,219.66000366210935,22733100,210.2221221923828
2020-10-16,MSFT,220.1499938964844,222.2899932861328,219.32000732421875,219.66000366210935,26057900,210.2221221923828
2020-10-19,MSFT,220.4199981689453,222.3000030517578,213.72000122070312,214.22000122070312,27625800,205.0158538818359
2020-10-20,MSFT,215.8000030517578,217.3699951171875,213.08999633789065,214.6499938964844,22753500,205.4273681640625
2020-10-21,MSFT,213.1199951171875,216.9199981689453,213.1199951171875,214.8000030517578,22724900,205.57095336914065
2020-10-22,MSFT,213.92999267578125,216.05999755859375,211.6999969482422,214.88999938964844,22351500,205.6570587158203
2020-10-23,MSFT,215.02999877929688,216.27999877929688,213.16000366210935,216.22999572753903,18879600,206.93951416015625
2020-10-26,MSFT,213.8500061035156,216.33999633789065,208.1000061035156,210.0800018310547,37111600,201.0537872314453
2020-10-27,MSFT,211.58999633789065,214.6699981689453,210.3300018310547,213.25,36700300,204.08755493164065
2020-10-28,MSFT,207.6699981689453,208.83999633789065,202.1000061035156,202.67999267578125,51195600,193.97166442871097
2020-10-29,MSFT,204.07000732421875,207.36000061035156,203.3699951171875,204.72000122070312,31432600,195.92404174804688
2020-10-30,MSFT,203.5,204.2899932861328,199.6199951171875,202.47000122070312,36953700,193.770751953125
2020-11-02,MSFT,204.2899932861328,205.27999877929688,200.1199951171875,202.3300018310547,30842200,193.63673400878903
2020-11-03,MSFT,203.88999938964844,208.1199951171875,203.1199951171875,206.42999267578125,27512000,197.56053161621097
2020-11-04,MSFT,214.02000427246097,218.32000732421875,212.4199981689453,216.38999938964844,42311800,207.09262084960935
2020-11-05,MSFT,222.0399932861328,224.1199951171875,221.1499938964844,223.2899932861328,36080100,213.6961669921875
2020-11-06,MSFT,222.2599945068359,224.36000061035156,218.02999877929688,223.72000122070312,25231900,214.1077117919922
2020-11-09,MSFT,224.44000244140625,228.1199951171875,217.8800048828125,218.38999938964844,44395000,209.00668334960935
2020-11-10,MSFT,214.5,216.5,209.72000122070312,211.0099945068359,44045100,201.9438018798828
2020-11-11,MSFT,212.38999938964844,218.0399932861328,212.1999969482422,216.5500030517578,29440800,207.24575805664065
2020-11-12,MSFT,217.2100067138672,219.11000061035156,214.4600067138672,215.44000244140625,21593900,206.18345642089844
2020-11-13,MSFT,216.36000061035156,217.4199981689453,214.16000366210935,216.5099945068359,18621100,207.20745849609375
2020-11-16,MSFT,214.8699951171875,217.7400054931641,214.52000427246097,217.22999572753903,24953300,207.89654541015625
2020-11-17,MSFT,216.1000061035156,217.67999267578125,214.0800018310547,214.4600067138672,24154100,205.2455596923828
2020-11-18,MSFT,213.6499938964844,215.1699981689453,210.92999267578125,211.0800018310547,28372800,202.53965759277344
2020-11-19,MSFT,211.3800048828125,213.02999877929688,209.92999267578125,212.4199981689453,24792700,203.825439453125
2020-11-20,MSFT,212.1999969482422,213.2899932861328,210.0,210.38999938964844,22843100,201.8775634765625
2020-11-23,MSFT,210.9499969482422,212.2899932861328,208.16000366210935,210.11000061035156,25683500,201.60890197753903
2020-11-24,MSFT,209.58999633789065,214.25,208.86000061035156,213.86000061035156,33979700,205.20716857910156
2020-11-25,MSFT,215.11000061035156,215.2899932861328,212.4600067138672,213.8699951171875,21012900,205.2167510986328
2020-11-27,MSFT,214.8500061035156,216.27000427246097,214.0399932861328,215.22999572753903,14512200,206.5217437744141
2020-11-30,MSFT,214.1000061035156,214.7599945068359,210.83999633789065,214.07000732421875,33064800,205.40867614746097
2020-12-01,MSFT,214.5099945068359,217.32000732421875,213.3500061035156,216.2100067138672,30904500,207.4621124267578
2020-12-02,MSFT,214.8800048828125,215.47000122070312,212.8000030517578,215.3699951171875,23724500,206.65606689453125
2020-12-03,MSFT,214.61000061035156,216.3800048828125,213.6499938964844,214.2400054931641,25120900,205.5718231201172
2020-12-04,MSFT,214.22000122070312,215.3800048828125,213.17999267578125,214.36000061035156,24666000,205.68695068359375
2020-12-07,MSFT,214.3699951171875,215.5399932861328,212.9900054931641,214.2899932861328,24620000,205.6197967529297
2020-12-08,MSFT,213.97000122070312,216.9499969482422,212.88999938964844,216.0099945068359,23284100,207.2701873779297
2020-12-09,MSFT,215.16000366210935,215.22999572753903,211.2100067138672,211.8000030517578,32440600,203.23049926757812
2020-12-10,MSFT,211.77000427246097,213.0800018310547,210.36000061035156,210.52000427246097,26733300,202.00228881835935
2020-12-11,MSFT,210.0500030517578,213.32000732421875,209.11000061035156,213.2599945068359,30979400,204.6314392089844
2020-12-14,MSFT,213.1000061035156,216.2100067138672,212.8800048828125,214.1999969482422,28798400,205.53341674804688
2020-12-15,MSFT,215.1699981689453,215.4199981689453,212.2400054931641,214.1300048828125,27000600,205.46627807617188
2020-12-16,MSFT,214.75,220.11000061035156,214.72000122070312,219.27999877929688,35023300,210.40789794921875
2020-12-17,MSFT,219.8699951171875,220.88999938964844,217.9199981689453,219.4199981689453,32515800,210.5422210693359
2020-12-18,MSFT,218.58999633789065,219.69000244140625,216.02000427246097,218.58999633789065,63354900,209.74578857421875
2020-12-21,MSFT,217.5500030517578,224.0,217.27999877929688,222.58999633789065,37181900,213.58395385742188
2020-12-22,MSFT,222.69000244140625,225.6300048828125,221.8500061035156,223.94000244140625,22612200,214.8793487548828
2020-12-23,MSFT,223.11000061035156,223.55999755859375,220.8000030517578,221.02000427246097,18699600,212.07748413085935
2020-12-24,MSFT,221.4199981689453,223.61000061035156,221.1999969482422,222.75,10550600,213.73748779296875
2020-12-28,MSFT,224.4499969482422,226.02999877929688,223.02000427246097,224.9600067138672,17933500,215.85804748535156
2020-12-29,MSFT,226.30999755859375,227.17999267578125,223.5800018310547,224.1499938964844,17403200,215.08084106445312
2020-12-30,MSFT,225.22999572753903,225.6300048828125,221.47000122070312,221.67999267578125,20272300,212.7107696533203
2020-12-31,MSFT,221.6999969482422,223.0,219.67999267578125,222.4199981689453,20942100,213.4208068847656
2021-01-04,MSFT,222.52999877929688,223.0,214.80999755859375,217.69000244140625,37130100,208.8822326660156
2021-01-05,MSFT,217.2599945068359,218.52000427246097,215.6999969482422,217.8999938964844,23823000,209.08370971679688
2021-01-06,MSFT,212.1699981689453,216.4900054931641,211.94000244140625,212.25,35930700,203.6623077392578
2021-01-07,MSFT,214.0399932861328,219.33999633789065,213.7100067138672,218.2899932861328,27694500,209.4579315185547
2021-01-08,MSFT,218.67999267578125,220.5800018310547,217.02999877929688,219.6199951171875,22956200,210.7341156005859
2021-01-11,MSFT,218.47000122070312,218.91000366210935,216.72999572753903,217.4900054931641,23031300,208.69029235839844
2021-01-12,MSFT,216.5,217.1000061035156,213.32000732421875,214.92999267578125,23249300,206.23387145996097
2021-01-13,MSFT,214.02000427246097,216.7599945068359,213.92999267578125,216.33999633789065,20087100,207.5868682861328
2021-01-14,MSFT,215.91000366210935,217.4600067138672,212.7400054931641,213.02000427246097,29480800,204.40118408203125
2021-01-15,MSFT,213.52000427246097,214.5099945068359,212.02999877929688,212.6499938964844,31746500,204.0461273193359
2021-01-19,MSFT,213.75,216.97999572753903,212.6300048828125,216.44000244140625,30480900,207.68275451660156
2021-01-20,MSFT,217.6999969482422,225.7899932861328,217.2899932861328,224.33999633789065,37777300,215.26315307617188
2021-01-21,MSFT,224.6999969482422,226.3000030517578,222.4199981689453,224.97000122070312,30709400,215.86764526367188
2021-01-22,MSFT,227.0800018310547,230.07000732421875,225.8000030517578,225.9499969482422,30172700,216.8080139160156
2021-01-25,MSFT,229.1199951171875,229.77999877929688,224.22000122070312,229.52999877929688,33152100,220.24314880371097
2021-01-26,MSFT,231.86000061035156,234.17999267578125,230.0800018310547,232.3300018310547,49169600,222.9299163818359
2021-01-27,MSFT,238.0,240.44000244140625,230.13999938964844,232.8999938964844,69870600,223.4768218994141
2021-01-28,MSFT,235.61000061035156,242.63999938964844,235.08999633789065,238.92999267578125,49111200,229.26284790039065
2021-01-29,MSFT,235.9900054931641,238.02000427246097,231.3500061035156,231.9600067138672,42503100,222.5748291015625
2021-02-01,MSFT,235.05999755859375,242.5,232.42999267578125,239.6499938964844,33314200,229.9536590576172
2021-02-02,MSFT,241.3000030517578,242.30999755859375,238.69000244140625,239.5099945068359,25916300,229.8193817138672
2021-02-03,MSFT,239.57000732421875,245.08999633789065,239.2599945068359,243.0,27158100,233.16815185546875
2021-02-04,MSFT,242.66000366210935,243.2400054931641,240.3699951171875,242.0099945068359,25296100,232.2181854248047
2021-02-05,MSFT,242.22999572753903,243.27999877929688,240.4199981689453,242.1999969482422,18054800,232.4005126953125
2021-02-08,MSFT,243.1499938964844,243.67999267578125,240.80999755859375,242.47000122070312,22211900,232.6596221923828
2021-02-09,MSFT,241.8699951171875,244.7599945068359,241.3800048828125,243.77000427246097,23565000,233.90701293945312
2021-02-10,MSFT,245.0,245.9199981689453,240.88999938964844,242.82000732421875,22186700,232.99542236328125
2021-02-11,MSFT,244.77999877929688,245.1499938964844,242.1499938964844,244.4900054931641,15751100,234.597900390625
2021-02-12,MSFT,243.92999267578125,245.3000030517578,242.72999572753903,244.9900054931641,16561100,235.07765197753903
2021-02-16,MSFT,245.02999877929688,246.1300048828125,242.9199981689453,243.6999969482422,26728500,233.83981323242188
2021-02-17,MSFT,241.32000732421875,244.30999755859375,240.94000244140625,244.1999969482422,21653500,234.8592834472656
2021-02-18,MSFT,241.8000030517578,243.92999267578125,240.86000061035156,243.7899932861328,16925600,234.46498107910156
2021-02-19,MSFT,243.75,243.86000061035156,240.17999267578125,240.97000122070312,25262600,231.75282287597656
2021-02-22,MSFT,237.4199981689453,237.92999267578125,232.3999938964844,234.5099945068359,36446900,225.5399475097656
2021-02-23,MSFT,230.3300018310547,234.8300018310547,228.72999572753903,233.27000427246097,30228700,224.34738159179688
2021-02-24,MSFT,230.0099945068359,235.1999969482422,229.0,234.5500030517578,26339700,225.5783843994141
2021-02-25,MSFT,232.0800018310547,234.58999633789065,227.8800048828125,228.9900054931641,39542200,220.23110961914065
2021-02-26,MSFT,231.52999877929688,235.3699951171875,229.5399932861328,232.3800048828125,37819200,223.4913787841797
2021-03-01,MSFT,235.8999938964844,237.47000122070312,233.1499938964844,236.94000244140625,25324000,227.8769989013672
2021-03-02,MSFT,237.0099945068359,237.3000030517578,233.4499969482422,233.8699951171875,22812500,224.9244079589844
2021-03-03,MSFT,232.16000366210935,233.5800018310547,227.2599945068359,227.55999755859375,34029500,218.85574340820312
2021-03-04,MSFT,226.7400054931641,232.4900054931641,224.2599945068359,226.72999572753903,44727800,218.0575408935547
2021-03-05,MSFT,229.52000427246097,233.27000427246097,226.4600067138672,231.6000061035156,41872800,222.74122619628903
2021-03-08,MSFT,231.3699951171875,233.3699951171875,227.1300048828125,227.38999938964844,35267400,218.6922607421875
2021-03-09,MSFT,232.8800048828125,235.3800048828125,231.6699981689453,233.77999877929688,33080500,224.83787536621097
2021-03-10,MSFT,237.0,237.0,232.0399932861328,232.4199981689453,29746800,223.52984619140625
2021-03-11,MSFT,234.9600067138672,239.1699981689453,234.30999755859375,237.1300048828125,29907600,228.0597381591797
2021-03-12,MSFT,234.0099945068359,235.82000732421875,233.22999572753903,235.75,22653700,226.73248291015625
2021-03-15,MSFT,234.9600067138672,235.19000244140625,231.80999755859375,234.80999755859375,26034900,225.82846069335935
2021-03-16,MSFT,236.27999877929688,240.05999755859375,235.94000244140625,237.7100067138672,28092200,228.61752319335935
2021-03-17,MSFT,236.1499938964844,238.5500030517578,233.22999572753903,237.0399932861328,29562100,227.97315979003903
2021-03-18,MSFT,232.55999755859375,234.19000244140625,230.3300018310547,230.72000122070312,34833000,221.8948974609375
2021-03-19,MSFT,231.02000427246097,232.47000122070312,229.3500061035156,230.3500061035156,46430700,221.53907775878903
2021-03-22,MSFT,230.27000427246097,236.8999938964844,230.13999938964844,235.9900054931641,30127000,226.9633331298828
2021-03-23,MSFT,237.4900054931641,241.0500030517578,237.07000732421875,237.5800018310547,31638400,228.49249267578125
2021-03-24,MSFT,237.8500061035156,238.0,235.32000732421875,235.4600067138672,25620100,226.45359802246097
2021-03-25,MSFT,235.3000030517578,236.94000244140625,231.57000732421875,232.33999633789065,34061900,223.4529571533203
2021-03-26,MSFT,231.5500030517578,236.7100067138672,231.5500030517578,236.47999572753903,25479900,227.43455505371097
2021-03-29,MSFT,236.58999633789065,236.8000030517578,231.8800048828125,235.2400054931641,25227500,226.2420196533203
2021-03-30,MSFT,233.52999877929688,233.8500061035156,231.1000061035156,231.8500061035156,24792000,222.981689453125
2021-03-31,MSFT,232.91000366210935,239.1000061035156,232.38999938964844,235.77000427246097,43623500,226.75177001953125
2021-04-01,MSFT,238.47000122070312,242.83999633789065,238.0500030517578,242.3500061035156,30338000,233.080078125
2021-04-05,MSFT,242.7599945068359,249.9600067138672,242.6999969482422,249.07000732421875,36910600,239.5430450439453
2021-04-06,MSFT,247.61000061035156,249.3999938964844,246.8800048828125,247.86000061035156,22931900,238.37925720214844
2021-04-07,MSFT,247.80999755859375,250.92999267578125,247.19000244140625,249.8999938964844,22719800,240.3412170410156
2021-04-08,MSFT,252.77000427246097,254.13999938964844,252.0,253.25,23625200,243.56312561035156
2021-04-09,MSFT,252.8699951171875,255.9900054931641,252.44000244140625,255.8500061035156,24326800,246.0636749267578
2021-04-12,MSFT,254.7100067138672,257.6700134277344,254.6199951171875,255.91000366210935,27148700,246.12139892578125
2021-04-13,MSFT,257.260009765625,259.19000244140625,256.8299865722656,258.489990234375,23837500,248.60267639160156
2021-04-14,MSFT,257.4800109863281,258.8299865722656,255.16000366210935,255.58999633789065,23070900,245.81361389160156
2021-04-15,MSFT,257.92999267578125,259.92999267578125,257.7300109863281,259.5,25627500,249.5740509033203
2021-04-16,MSFT,259.4700012207031,261.0,257.6000061035156,260.739990234375,24878600,250.76661682128903
2021-04-19,MSFT,260.19000244140625,261.4800109863281,257.82000732421875,258.739990234375,23209300,248.84312438964844
2021-04-20,MSFT,257.82000732421875,260.20001220703125,256.8399963378906,258.260009765625,19722900,248.3814697265625
2021-04-21,MSFT,258.94000244140625,260.67999267578125,257.25,260.5799865722656,24030400,250.61273193359375
2021-04-22,MSFT,260.2099914550781,261.7799987792969,255.63999938964844,257.1700134277344,25606200,247.33322143554688
2021-04-23,MSFT,257.8800048828125,261.510009765625,257.2699890136719,261.1499938964844,21462600,251.16094970703125
2021-04-26,MSFT,261.6600036621094,262.44000244140625,260.1700134277344,261.54998779296875,19763300,251.5456390380859
2021-04-27,MSFT,261.5799865722656,263.19000244140625,260.1199951171875,261.9700012207031,31014200,251.94956970214844
2021-04-28,MSFT,256.0799865722656,256.5400085449219,252.9499969482422,254.55999755859375,46903100,244.822998046875
2021-04-29,MSFT,255.4600067138672,256.1000061035156,249.0,252.5099945068359,40589000,242.8514404296875
2021-04-30,MSFT,249.7400054931641,253.0800018310547,249.6000061035156,252.17999267578125,30945100,242.53404235839844
2021-05-03,MSFT,253.3999938964844,254.3500061035156,251.1199951171875,251.86000061035156,19626600,242.22628784179688
2021-05-04,MSFT,250.97000122070312,251.2100067138672,245.7599945068359,247.7899932861328,32756100,238.3119659423828
2021-05-05,MSFT,249.05999755859375,249.5,245.82000732421875,246.47000122070312,21901300,237.04244995117188
2021-05-06,MSFT,246.4499969482422,249.86000061035156,244.69000244140625,249.72999572753903,26491100,240.177734375
2021-05-07,MSFT,252.1499938964844,254.3000030517578,251.1699981689453,252.4600067138672,27032900,242.80332946777344
2021-05-10,MSFT,250.8699951171875,251.72999572753903,247.1199951171875,247.17999267578125,29299900,237.72528076171875
2021-05-11,MSFT,244.5500030517578,246.6000061035156,242.57000732421875,246.22999572753903,33641600,236.81167602539065
2021-05-12,MSFT,242.1699981689453,244.3800048828125,238.07000732421875,239.0,36684400,229.85821533203125
2021-05-13,MSFT,241.8000030517578,245.6000061035156,241.4199981689453,243.02999877929688,29624300,233.73406982421875
2021-05-14,MSFT,245.5800018310547,249.17999267578125,245.4900054931641,248.1499938964844,23901100,238.65818786621097
2021-05-17,MSFT,246.5500030517578,246.58999633789065,243.52000427246097,245.17999267578125,24970200,235.80178833007812
2021-05-18,MSFT,246.27000427246097,246.41000366210935,242.8999938964844,243.0800018310547,20168000,233.78211975097656
2021-05-19,MSFT,239.30999755859375,243.22999572753903,238.6000061035156,243.1199951171875,25739800,234.36050415039065
2021-05-20,MSFT,243.9600067138672,247.9499969482422,243.86000061035156,246.47999572753903,21800700,237.59947204589844
2021-05-21,MSFT,247.57000732421875,248.3300018310547,244.7400054931641,245.1699981689453,21863100,236.3366546630859
2021-05-24,MSFT,247.7899932861328,251.16000366210935,247.5099945068359,250.77999877929688,21411500,241.7445068359375
2021-05-25,MSFT,251.77000427246097,252.75,250.82000732421875,251.72000122070312,17704300,242.6506500244141
2021-05-26,MSFT,251.42999267578125,252.94000244140625,250.75,251.4900054931641,17771600,242.428955078125
2021-05-27,MSFT,251.1699981689453,251.47999572753903,249.25,249.30999755859375,24426200,240.32749938964844
2021-05-28,MSFT,251.0,252.0800018310547,249.55999755859375,249.67999267578125,18270200,240.6841583251953
2021-06-01,MSFT,251.22999572753903,251.2899932861328,246.9600067138672,247.3999938964844,23213300,238.4862823486328
2021-06-02,MSFT,248.1300048828125,249.27000427246097,245.83999633789065,247.3000030517578,19406700,238.3899383544922
2021-06-03,MSFT,245.22000122070312,246.33999633789065,243.0,245.7100067138672,25307700,236.85720825195312
2021-06-04,MSFT,247.7599945068359,251.6499938964844,247.5099945068359,250.7899932861328,25281100,241.754150390625
2021-06-07,MSFT,249.97999572753903,254.08999633789065,249.80999755859375,253.80999755859375,23079200,244.66537475585935
2021-06-08,MSFT,255.16000366210935,256.010009765625,252.5099945068359,252.57000732421875,22455000,243.47006225585935
2021-06-09,MSFT,253.80999755859375,255.52999877929688,253.2100067138672,253.58999633789065,17937600,244.45327758789065
2021-06-10,MSFT,254.2899932861328,257.4599914550781,253.6699981689453,257.239990234375,24563600,247.9717559814453
2021-06-11,MSFT,257.989990234375,258.489990234375,256.6099853515625,257.8900146484375,18999700,248.59835815429688
2021-06-14,MSFT,257.8999938964844,259.95001220703125,256.79998779296875,259.8900146484375,19150500,250.5262908935547
2021-06-15,MSFT,259.7699890136719,259.989990234375,257.67999267578125,258.3599853515625,18038900,249.05140686035156
2021-06-16,MSFT,259.3999938964844,260.5799865722656,254.4199981689453,257.3800048828125,27220000,248.10671997070312
2021-06-17,MSFT,256.07000732421875,261.75,256.010009765625,260.8999938964844,27565500,251.49989318847656
2021-06-18,MSFT,259.6300048828125,262.29998779296875,258.75,259.42999267578125,37202200,250.08285522460935
2021-06-21,MSFT,259.82000732421875,263.5199890136719,257.9200134277344,262.6300048828125,26696100,253.16754150390625
2021-06-22,MSFT,262.7200012207031,265.7900085449219,262.3999938964844,265.510009765625,24694100,255.9437713623047
2021-06-23,MSFT,265.989990234375,266.8299865722656,264.42999267578125,265.2699890136719,19518700,255.7124938964844
2021-06-24,MSFT,266.1600036621094,267.8500061035156,265.4700012207031,266.69000244140625,21446900,257.0812683105469
2021-06-25,MSFT,266.2300109863281,267.25,264.760009765625,265.0199890136719,25611100,255.471435546875
2021-06-28,MSFT,266.19000244140625,268.8999938964844,265.9100036621094,268.7200012207031,19590000,259.0382385253906
2021-06-29,MSFT,268.8699951171875,271.6499938964844,267.9800109863281,271.3999938964844,19937800,261.62164306640625
2021-06-30,MSFT,270.69000244140625,271.3599853515625,269.6000061035156,270.8999938964844,21656500,261.1396484375
2021-07-01,MSFT,269.6099853515625,271.8399963378906,269.6000061035156,271.6000061035156,16725300,261.8144226074219
2021-07-02,MSFT,272.82000732421875,278.0,272.5,277.6499938964844,26458000,267.6463928222656
2021-07-06,MSFT,278.0299987792969,279.3699951171875,274.29998779296875,277.6600036621094,31565600,267.656005859375
2021-07-07,MSFT,279.3999938964844,280.69000244140625,277.1499938964844,279.92999267578125,23260000,269.8442077636719
2021-07-08,MSFT,276.8999938964844,278.7300109863281,274.8699951171875,277.4200134277344,24618600,267.4246826171875
2021-07-09,MSFT,275.7200012207031,278.04998779296875,275.32000732421875,277.94000244140625,23916700,267.9259338378906
2021-07-12,MSFT,279.1600036621094,279.7699890136719,276.5799865722656,277.32000732421875,18931700,267.3282470703125
2021-07-13,MSFT,277.5199890136719,282.8500061035156,277.3900146484375,280.9800109863281,26120100,270.8564758300781
2021-07-14,MSFT,282.3500061035156,283.6600036621094,280.54998779296875,282.510009765625,23113700,272.3313903808594
2021-07-15,MSFT,282.0,282.510009765625,279.8299865722656,281.0299987792969,22604200,270.9045715332031
2021-07-16,MSFT,282.07000732421875,284.1000061035156,279.4599914550781,280.75,26186800,270.6347351074219
2021-07-19,MSFT,278.92999267578125,280.3699951171875,274.45001220703125,277.010009765625,32935600,267.0295715332031
2021-07-20,MSFT,278.0299987792969,280.9700012207031,276.260009765625,279.32000732421875,26259700,269.2562255859375
2021-07-21,MSFT,278.8999938964844,281.5199890136719,277.2900085449219,281.3999938964844,24364300,271.26129150390625
2021-07-22,MSFT,283.8399963378906,286.4200134277344,283.4200134277344,286.1400146484375,23384100,275.83050537109375
2021-07-23,MSFT,287.3699951171875,289.989990234375,286.5,289.6700134277344,22768100,279.2333068847656
2021-07-26,MSFT,289.0,289.69000244140625,286.6400146484375,289.04998779296875,23176100,278.6357116699219
2021-07-27,MSFT,289.42999267578125,289.5799865722656,282.95001220703125,286.5400085449219,33604100,276.21612548828125
2021-07-28,MSFT,288.989990234375,290.1499938964844,283.8299865722656,286.2200012207031,33566900,275.90771484375
2021-07-29,MSFT,286.239990234375,288.6199951171875,286.0799865722656,286.5,18168300,276.1775817871094
2021-07-30,MSFT,285.1700134277344,286.6600036621094,283.9100036621094,284.9100036621094,20944800,274.64483642578125
2021-08-02,MSFT,286.3599853515625,286.7699890136719,283.739990234375,284.82000732421875,16267400,274.55810546875
2021-08-03,MSFT,285.4200134277344,287.2300109863281,284.0,287.1199951171875,17879000,276.7751770019531
2021-08-04,MSFT,286.2200012207031,287.5899963378906,284.6499938964844,286.510009765625,16191300,276.18719482421875
2021-08-05,MSFT,286.8800048828125,289.6300048828125,286.1000061035156,289.5199890136719,13900200,279.0887756347656
2021-08-06,MSFT,288.510009765625,289.5,287.6199951171875,289.4599914550781,16589300,279.03094482421875
2021-08-09,MSFT,289.75,291.54998779296875,287.80999755859375,288.3299865722656,16117600,277.941650390625
2021-08-10,MSFT,288.79998779296875,289.25,285.20001220703125,286.44000244140625,18616600,276.1197204589844
2021-08-11,MSFT,287.2099914550781,288.6600036621094,285.8599853515625,286.95001220703125,13955900,276.6113586425781
2021-08-12,MSFT,286.6300048828125,289.9700012207031,286.3399963378906,289.80999755859375,14561300,279.3682861328125
2021-08-13,MSFT,289.4800109863281,292.8999938964844,289.29998779296875,292.8500061035156,18249000,282.2987976074219
2021-08-16,MSFT,293.19000244140625,294.82000732421875,290.0199890136719,294.6000061035156,22507600,283.9857482910156
2021-08-17,MSFT,292.3900146484375,293.42999267578125,291.0799865722656,293.0799865722656,20075300,282.52044677734375
2021-08-18,MSFT,292.0400085449219,294.82000732421875,290.2699890136719,290.7300109863281,21813000,280.7916564941406
2021-08-19,MSFT,288.69000244140625,297.4700012207031,288.6400146484375,296.7699890136719,29850500,286.6251220703125
2021-08-20,MSFT,299.7200012207031,305.8399963378906,298.05999755859375,304.3599853515625,40817600,293.9557189941406
2021-08-23,MSFT,303.25,305.3999938964844,301.8500061035156,304.6499938964844,22830200,294.2358093261719
2021-08-24,MSFT,305.0199890136719,305.6499938964844,302.0,302.6199951171875,18175800,292.2752685546875
2021-08-25,MSFT,304.29998779296875,304.5899963378906,300.4200134277344,302.010009765625,20006100,291.6861267089844
2021-08-26,MSFT,300.989990234375,302.42999267578125,298.95001220703125,299.0899963378906,17666100,288.8658752441406
2021-08-27,MSFT,298.989990234375,300.8699951171875,296.8299865722656,299.7200012207031,22605700,289.474365234375
2021-08-30,MSFT,301.1199951171875,304.2200012207031,301.05999755859375,303.5899963378906,16348100,293.2120056152344
2021-08-31,MSFT,304.4200134277344,304.5,301.5,301.8800048828125,26285300,291.5605163574219
2021-09-01,MSFT,302.8699951171875,305.19000244140625,301.489990234375,301.8299865722656,18983800,291.51220703125
2021-09-02,MSFT,302.20001220703125,303.3599853515625,300.17999267578125,301.1499938964844,16285600,290.85546875
2021-09-03,MSFT,300.989990234375,302.6000061035156,300.260009765625,301.1400146484375,14747900,290.8457946777344
2021-09-07,MSFT,301.010009765625,301.0899963378906,298.20001220703125,300.17999267578125,17180400,289.9186096191406
2021-09-08,MSFT,299.7799987792969,300.6099853515625,297.4700012207031,300.2099914550781,15046800,289.9475402832031
2021-09-09,MSFT,300.82000732421875,302.1400146484375,297.0,297.25,19927000,287.0888366699219
2021-09-10,MSFT,298.4200134277344,299.9200134277344,295.3800048828125,295.7099914550781,19633400,285.60150146484375
2021-09-13,MSFT,297.54998779296875,298.5400085449219,294.0799865722656,296.989990234375,23652900,286.8376159667969
2021-09-14,MSFT,299.55999755859375,301.3900146484375,298.1000061035156,299.7900085449219,21853400,289.54205322265625
2021-09-15,MSFT,303.260009765625,305.32000732421875,301.82000732421875,304.82000732421875,28356300,294.4000244140625
2021-09-16,MSFT,303.760009765625,305.30999755859375,300.760009765625,305.2200012207031,19550800,294.786376953125
2021-09-17,MSFT,304.1700134277344,304.5,299.5299987792969,299.8699951171875,41372500,289.6192626953125
2021-09-20,MSFT,296.3299865722656,298.7200012207031,289.5199890136719,294.29998779296875,38278700,284.2396240234375
2021-09-21,MSFT,295.69000244140625,297.5400085449219,294.07000732421875,294.79998779296875,22364100,284.7225341796875
2021-09-22,MSFT,296.7300109863281,300.2200012207031,294.510009765625,298.5799865722656,26626300,288.3733215332031
2021-09-23,MSFT,298.8500061035156,300.8999938964844,297.5299987792969,299.55999755859375,18604600,289.31982421875
2021-09-24,MSFT,298.2300109863281,299.79998779296875,296.92999267578125,299.3500061035156,14999000,289.116943359375
2021-09-27,MSFT,296.1400146484375,296.4700012207031,292.94000244140625,294.1700134277344,23571700,284.1141357421875
2021-09-28,MSFT,289.79998779296875,290.7799987792969,282.75,283.5199890136719,43186200,273.8280944824219
2021-09-29,MSFT,285.1000061035156,286.7699890136719,283.010009765625,284.0,26353700,274.2917175292969
2021-09-30,MSFT,285.7099914550781,287.8299865722656,281.6199951171875,281.9200134277344,32343600,272.2828674316406
2021-10-01,MSFT,282.1199951171875,289.9800109863281,281.2900085449219,289.1000061035156,30086300,279.2173767089844
2021-10-04,MSFT,287.3999938964844,287.75,280.25,283.1099853515625,31350700,273.43212890625
2021-10-05,MSFT,284.04998779296875,290.3999938964844,284.04998779296875,288.760009765625,24993000,278.8890686035156
2021-10-06,MSFT,285.7799987792969,293.6300048828125,285.510009765625,293.1099853515625,28002600,283.09027099609375
2021-10-07,MSFT,295.17999267578125,296.6400146484375,293.9200134277344,294.8500061035156,20430500,284.7708740234375
2021-10-08,MSFT,296.2200012207031,296.6400146484375,293.760009765625,294.8500061035156,17685700,284.7708740234375
2021-10-11,MSFT,292.9200134277344,297.9700012207031,292.75,294.2300109863281,19298600,284.1719970703125
2021-10-12,MSFT,295.3399963378906,295.44000244140625,292.3500061035156,292.8800048828125,17974100,282.8681945800781
2021-10-13,MSFT,294.9100036621094,297.2799987792969,293.489990234375,296.30999755859375,23416300,286.1809387207031
2021-10-14,MSFT,299.2099914550781,303.2699890136719,297.8299865722656,302.75,27262900,292.4007568359375
2021-10-15,MSFT,302.3399963378906,304.45001220703125,300.5199890136719,304.2099914550781,25384800,293.8108825683594
2021-10-18,MSFT,303.57000732421875,308.2099914550781,302.69000244140625,307.2900085449219,22729300,296.78564453125
2021-10-19,MSFT,308.3500061035156,309.29998779296875,307.2200012207031,308.2300109863281,17682100,297.6935119628906
2021-10-20,MSFT,309.2099914550781,309.70001220703125,306.1099853515625,307.4100036621094,16537100,296.9015197753906
2021-10-21,MSFT,307.1700134277344,311.0199890136719,306.3599853515625,310.760009765625,16918100,300.13690185546875
2021-10-22,MSFT,310.3999938964844,311.0899963378906,307.79998779296875,309.1600036621094,17449300,298.5916442871094
2021-10-25,MSFT,309.3599853515625,309.3999938964844,306.4599914550781,308.1300048828125,17554500,297.5968933105469
2021-10-26,MSFT,311.0,312.3999938964844,308.6000061035156,310.1099853515625,28107300,299.5091857910156
2021-10-27,MSFT,316.0,326.1000061035156,316.0,323.1700134277344,52588700,312.12274169921875
2021-10-28,MSFT,324.3299865722656,324.8699951171875,321.3599853515625,324.3500061035156,26297900,313.2624206542969
2021-10-29,MSFT,324.1300048828125,332.0,323.8999938964844,331.6199951171875,34766000,320.28387451171875
2021-11-01,MSFT,331.3599853515625,331.489990234375,326.3699951171875,329.3699951171875,27073200,318.1108093261719
2021-11-02,MSFT,330.30999755859375,333.45001220703125,330.0,333.1300048828125,26487100,321.7423095703125
2021-11-03,MSFT,333.8999938964844,334.8999938964844,330.6499938964844,334.0,21500100,322.58251953125
2021-11-04,MSFT,332.8900146484375,336.5400085449219,329.510009765625,336.44000244140625,23992200,324.9390869140625
2021-11-05,MSFT,338.510009765625,338.7900085449219,334.4200134277344,336.05999755859375,22570100,324.57208251953125
2021-11-08,MSFT,337.29998779296875,337.6499938964844,334.44000244140625,336.989990234375,20897000,325.4703063964844
2021-11-09,MSFT,337.1099853515625,338.7200012207031,334.5299987792969,335.95001220703125,21307400,324.46588134765625
2021-11-10,MSFT,334.57000732421875,334.6300048828125,329.9200134277344,330.79998779296875,25500900,319.4918518066406
2021-11-11,MSFT,331.25,333.7699890136719,330.510009765625,332.42999267578125,16849800,321.0661926269531
2021-11-12,MSFT,333.9200134277344,337.2300109863281,333.7900085449219,336.7200012207031,23831000,325.2095642089844
2021-11-15,MSFT,337.5400085449219,337.8800048828125,334.0299987792969,336.07000732421875,16723000,324.581787109375
2021-11-16,MSFT,335.67999267578125,340.6700134277344,335.510009765625,339.510009765625,20886800,327.90423583984375
2021-11-17,MSFT,338.94000244140625,342.19000244140625,338.0,339.1199951171875,19053400,328.1266784667969
2021-11-18,MSFT,338.17999267578125,342.45001220703125,337.1199951171875,341.2699890136719,22463500,330.2069396972656
2021-11-19,MSFT,342.6400146484375,345.1000061035156,342.20001220703125,343.1099853515625,21963400,331.9874267578125
2021-11-22,MSFT,344.6199951171875,349.6700134277344,339.54998779296875,339.8299865722656,31031100,328.813720703125
2021-11-23,MSFT,337.04998779296875,339.45001220703125,333.55999755859375,337.67999267578125,30427600,326.7333984375
2021-11-24,MSFT,336.2799987792969,338.1600036621094,333.9100036621094,337.9100036621094,21661300,326.9559020996094
2021-11-26,MSFT,334.3500061035156,337.92999267578125,328.1199951171875,329.67999267578125,24217200,318.99273681640625
2021-11-29,MSFT,334.94000244140625,339.0299987792969,334.739990234375,336.6300048828125,28563500,325.7174072265625
2021-11-30,MSFT,335.32000732421875,337.7799987792969,328.989990234375,330.5899963378906,42885600,319.8732604980469
2021-12-01,MSFT,335.1300048828125,339.2799987792969,329.3900146484375,330.0799865722656,33337600,319.37982177734375
2021-12-02,MSFT,330.29998779296875,333.489990234375,327.79998779296875,329.489990234375,30766000,318.80889892578125
2021-12-03,MSFT,331.989990234375,332.70001220703125,318.0299987792969,323.010009765625,41779300,312.5389404296875
2021-12-06,MSFT,323.95001220703125,327.45001220703125,319.2300109863281,326.19000244140625,30032600,315.6158447265625
2021-12-07,MSFT,331.6400146484375,335.79998779296875,330.1000061035156,334.9200134277344,31021900,324.0628662109375
2021-12-08,MSFT,335.30999755859375,335.5,330.79998779296875,334.9700012207031,24761000,324.11126708984375
2021-12-09,MSFT,334.4100036621094,336.489990234375,332.1199951171875,333.1000061035156,22214200,322.3018798828125
2021-12-10,MSFT,334.9800109863281,343.0,334.7900085449219,342.5400085449219,38095700,331.4358215332031
2021-12-13,MSFT,340.67999267578125,343.7900085449219,339.0799865722656,339.3999938964844,28899400,328.3976135253906
2021-12-14,MSFT,333.2200012207031,334.6400146484375,324.1099853515625,328.3399963378906,44438700,317.6961364746094
2021-12-15,MSFT,328.6099853515625,335.19000244140625,324.5,334.6499938964844,35381100,323.80157470703125
2021-12-16,MSFT,335.7099914550781,336.760009765625,323.0199890136719,324.8999938964844,35034800,314.36773681640625
2021-12-17,MSFT,320.8800048828125,324.9200134277344,317.25,323.79998779296875,47750300,313.30328369140625
2021-12-20,MSFT,320.04998779296875,322.79998779296875,317.57000732421875,319.9100036621094,28326500,309.5394592285156
2021-12-21,MSFT,323.2900085449219,327.7300109863281,319.79998779296875,327.2900085449219,24740600,316.6802673339844
2021-12-22,MSFT,328.29998779296875,333.6099853515625,325.75,333.20001220703125,24831500,322.3986511230469
2021-12-23,MSFT,332.75,336.3900146484375,332.7300109863281,334.69000244140625,19617800,323.84039306640625
2021-12-27,MSFT,335.4599914550781,342.4800109863281,335.42999267578125,342.45001220703125,19947000,331.3487548828125
2021-12-28,MSFT,343.1499938964844,343.80999755859375,340.32000732421875,341.25,15661500,330.18768310546875
2021-12-29,MSFT,341.29998779296875,344.29998779296875,339.67999267578125,341.95001220703125,15042000,330.8650207519531
2021-12-30,MSFT,341.9100036621094,343.1300048828125,338.82000732421875,339.32000732421875,15994500,328.3201904296875
2021-12-31,MSFT,338.510009765625,339.3599853515625,335.8500061035156,336.32000732421875,18000800,325.41748046875
2022-01-03,MSFT,335.3500061035156,338.0,329.7799987792969,334.75,28865100,323.8984069824219
2022-01-04,MSFT,334.8299865722656,335.20001220703125,326.1199951171875,329.010009765625,32674300,318.3445129394531
2022-01-05,MSFT,325.8599853515625,326.07000732421875,315.9800109863281,316.3800048828125,40054300,306.1238708496094
2022-01-06,MSFT,313.1499938964844,318.70001220703125,311.489990234375,313.8800048828125,39646100,303.7049865722656
2022-01-07,MSFT,314.1499938964844,316.5,310.0899963378906,314.0400085449219,32720000,303.8597106933594
2022-01-10,MSFT,309.489990234375,314.7200012207031,304.69000244140625,314.2699890136719,44289500,304.0822448730469
2022-01-11,MSFT,313.3800048828125,316.6099853515625,309.8900146484375,314.9800109863281,29386800,304.7692565917969
2022-01-12,MSFT,319.6700134277344,323.4100036621094,317.0799865722656,318.2699890136719,34372200,307.95257568359375
2022-01-13,MSFT,320.4700012207031,320.8800048828125,304.0,304.79998779296875,45366000,294.9192810058594
2022-01-14,MSFT,304.25,310.82000732421875,303.75,310.20001220703125,39846400,300.1442565917969
2022-01-18,MSFT,304.07000732421875,309.79998779296875,301.739990234375,302.6499938964844,42333200,292.8389587402344
2022-01-19,MSFT,306.2900085449219,313.9100036621094,302.70001220703125,303.3299865722656,45933900,293.4969177246094
2022-01-20,MSFT,309.07000732421875,311.6499938964844,301.1400146484375,301.6000061035156,35380700,291.822998046875
2022-01-21,MSFT,302.69000244140625,304.1099853515625,295.6099853515625,296.0299987792969,57984400,286.4336242675781
2022-01-24,MSFT,292.20001220703125,297.1099853515625,276.04998779296875,296.3699951171875,85731500,286.7625427246094
2022-01-25,MSFT,291.5199890136719,294.989990234375,285.1700134277344,288.489990234375,72848600,279.1379699707031
2022-01-26,MSFT,307.989990234375,308.5,293.0299987792969,296.7099914550781,90428900,287.0914611816406
2022-01-27,MSFT,302.6600036621094,307.29998779296875,297.92999267578125,299.8399963378906,53481300,290.12005615234375
2022-01-28,MSFT,300.2300109863281,308.4800109863281,294.45001220703125,308.260009765625,49743700,298.26715087890625
2022-01-31,MSFT,308.95001220703125,312.3800048828125,306.3699951171875,310.9800109863281,46444500,300.89898681640625
2022-02-01,MSFT,310.4100036621094,310.6300048828125,305.1300048828125,308.760009765625,40950400,298.7509460449219
2022-02-02,MSFT,309.6300048828125,315.1199951171875,308.8800048828125,313.4599914550781,36636000,303.298583984375
2022-02-03,MSFT,309.489990234375,311.2300109863281,299.9599914550781,301.25,43730000,291.48431396484375
2022-02-04,MSFT,300.2099914550781,308.79998779296875,299.9700012207031,305.94000244140625,35096500,296.0223693847656
2022-02-07,MSFT,306.1700134277344,307.8399963378906,299.8999938964844,300.95001220703125,28533300,291.194091796875
2022-02-08,MSFT,301.25,305.55999755859375,299.95001220703125,304.55999755859375,32421200,294.68701171875
2022-02-09,MSFT,309.8699951171875,311.92999267578125,307.3900146484375,311.2099914550781,31284700,301.1213684082031
2022-02-10,MSFT,304.0400085449219,309.1199951171875,300.70001220703125,302.3800048828125,45386200,292.5777282714844
2022-02-11,MSFT,303.19000244140625,304.2900085449219,294.2200012207031,295.0400085449219,39175600,285.4757080078125
2022-02-14,MSFT,293.7699890136719,296.760009765625,291.3500061035156,295.0,36359500,285.43695068359375
2022-02-15,MSFT,300.010009765625,300.79998779296875,297.0199890136719,300.4700012207031,27058300,290.7296447753906
2022-02-16,MSFT,298.3699951171875,300.8699951171875,293.67999267578125,299.5,29982100,290.3902587890625
2022-02-17,MSFT,296.3599853515625,296.79998779296875,290.0,290.7300109863281,32461600,281.88702392578125
2022-02-18,MSFT,293.04998779296875,293.8599853515625,286.30999755859375,287.92999267578125,34264000,279.1721496582031
2022-02-22,MSFT,285.0,291.5400085449219,284.5,287.7200012207031,41736100,278.96856689453125
2022-02-23,MSFT,290.17999267578125,291.70001220703125,280.1000061035156,280.2699890136719,37811200,271.7451477050781
2022-02-24,MSFT,272.510009765625,295.1600036621094,271.5199890136719,294.5899963378906,56989700,285.62957763671875
2022-02-25,MSFT,295.1400146484375,297.6300048828125,291.6499938964844,297.30999755859375,32546700,288.2669372558594
2022-02-28,MSFT,294.30999755859375,299.1400146484375,293.0,298.7900085449219,34627500,289.7018127441406
2022-03-01,MSFT,296.3999938964844,299.9700012207031,292.1499938964844,294.95001220703125,31217800,285.97869873046875
2022-03-02,MSFT,295.3599853515625,301.4700012207031,293.70001220703125,300.19000244140625,31873000,291.05926513671875
2022-03-03,MSFT,302.8900146484375,303.1300048828125,294.04998779296875,295.9200134277344,27314500,286.9191589355469
2022-03-04,MSFT,294.2900085449219,295.6600036621094,287.1700134277344,289.8599853515625,32356500,281.0434875488281
2022-03-07,MSFT,288.5299987792969,289.69000244140625,278.5299987792969,278.9100036621094,43157200,270.4266052246094
2022-03-08,MSFT,277.79998779296875,283.9599914550781,270.0,275.8500061035156,48159500,267.4596252441406
2022-03-09,MSFT,283.44000244140625,289.6000061035156,280.7799987792969,288.5,35204500,279.7248840332031
2022-03-10,MSFT,283.0199890136719,286.6000061035156,280.5799865722656,285.5899963378906,30628000,276.90338134765625
2022-03-11,MSFT,287.9599914550781,289.510009765625,279.42999267578125,280.07000732421875,27209300,271.55126953125
2022-03-14,MSFT,280.3399963378906,285.3999938964844,275.82000732421875,276.44000244140625,30660700,268.03167724609375
2022-03-15,MSFT,280.3500061035156,287.82000732421875,278.7300109863281,287.1499938964844,34245100,278.41595458984375
2022-03-16,MSFT,289.1099853515625,294.57000732421875,283.20001220703125,294.3900146484375,37826300,285.43572998046875
2022-03-17,MSFT,293.2900085449219,295.6099853515625,289.3699951171875,295.2200012207031,30816600,286.2404479980469
2022-03-18,MSFT,295.3699951171875,301.0,292.7300109863281,300.42999267578125,43390600,291.2919921875
2022-03-21,MSFT,298.8900146484375,300.1400146484375,294.8999938964844,299.1600036621094,28351200,290.06060791015625
2022-03-22,MSFT,299.79998779296875,305.0,298.7699890136719,304.05999755859375,27599700,294.8115234375
2022-03-23,MSFT,300.510009765625,303.2300109863281,297.7200012207031,299.489990234375,25715400,290.380615234375
2022-03-24,MSFT,299.1400146484375,304.20001220703125,298.32000732421875,304.1000061035156,24484500,294.85040283203125
2022-03-25,MSFT,305.2300109863281,305.5,299.2900085449219,303.67999267578125,22566500,294.443115234375
2022-03-28,MSFT,304.3299865722656,310.79998779296875,304.3299865722656,310.70001220703125,29578200,301.24969482421875
2022-03-29,MSFT,313.9100036621094,315.82000732421875,309.04998779296875,315.4100036621094,30393400,305.8163757324219
2022-03-30,MSFT,313.760009765625,315.95001220703125,311.5799865722656,313.8599853515625,28163600,304.3135070800781
2022-03-31,MSFT,313.8999938964844,315.1400146484375,307.8900146484375,308.30999755859375,33422100,298.93231201171875
2022-04-01,MSFT,309.3699951171875,310.1300048828125,305.5400085449219,309.4200134277344,27110500,300.0085754394531
2022-04-04,MSFT,310.0899963378906,315.1099853515625,309.7099914550781,314.9700012207031,24289600,305.38970947265625
2022-04-05,MSFT,313.2699890136719,314.8699951171875,309.8699951171875,310.8800048828125,23156700,301.42413330078125
2022-04-06,MSFT,305.19000244140625,307.0,296.7099914550781,299.5,40110400,290.3902587890625
2022-04-07,MSFT,296.6600036621094,303.6499938964844,296.3500061035156,301.3699951171875,31411200,292.203369140625
2022-04-08,MSFT,300.44000244140625,301.1199951171875,296.2799987792969,296.9700012207031,24361900,287.9371643066406
2022-04-11,MSFT,291.7900085449219,292.6099853515625,285.0,285.260009765625,34569300,276.5834045410156
2022-04-12,MSFT,289.239990234375,290.739990234375,280.489990234375,282.05999755859375,30966700,273.480712890625
2022-04-13,MSFT,282.7300109863281,288.5799865722656,281.29998779296875,287.6199951171875,21907200,278.8716125488281
2022-04-14,MSFT,288.0899963378906,288.30999755859375,279.32000732421875,279.8299865722656,28221600,271.3185729980469
2022-04-18,MSFT,278.9100036621094,282.4599914550781,278.3399963378906,280.5199890136719,20778000,271.987548828125
2022-04-19,MSFT,279.3800048828125,286.1700134277344,278.4100036621094,285.29998779296875,22297700,276.6222229003906
2022-04-20,MSFT,289.3999938964844,289.70001220703125,285.3699951171875,286.3599853515625,22906700,277.6499328613281
2022-04-21,MSFT,288.5799865722656,293.29998779296875,280.05999755859375,280.80999755859375,29454600,272.268798828125
2022-04-22,MSFT,281.67999267578125,283.20001220703125,273.3800048828125,274.0299987792969,29405800,265.6950378417969
2022-04-25,MSFT,273.2900085449219,281.1099853515625,270.7699890136719,280.7200012207031,35678900,272.1815185546875
2022-04-26,MSFT,277.5,278.3599853515625,270.0,270.2200012207031,46518400,262.0008544921875
2022-04-27,MSFT,282.1000061035156,290.9700012207031,279.1600036621094,283.2200012207031,63477700,274.6054382324219
2022-04-28,MSFT,285.19000244140625,290.9800109863281,281.4599914550781,289.6300048828125,33646600,280.820556640625
2022-04-29,MSFT,288.6099853515625,289.8800048828125,276.5,277.5199890136719,37073900,269.07879638671875
2022-05-02,MSFT,277.7099914550781,284.94000244140625,276.2200012207031,284.4700012207031,35151100,275.8174133300781
2022-05-03,MSFT,283.9599914550781,284.1300048828125,280.1499938964844,281.7799987792969,25978600,273.2091979980469
2022-05-04,MSFT,282.5899963378906,290.8800048828125,276.7300109863281,289.9800109863281,33599300,281.1598815917969
2022-05-05,MSFT,285.5400085449219,286.3500061035156,274.3399963378906,277.3500061035156,43260400,268.91400146484375
2022-05-06,MSFT,274.80999755859375,279.25,271.2699890136719,274.7300109863281,37780300,266.3737487792969
2022-05-09,MSFT,270.05999755859375,272.3599853515625,263.32000732421875,264.5799865722656,47726000,256.53240966796875
2022-05-10,MSFT,271.69000244140625,273.75,265.07000732421875,269.5,39336400,261.302734375
2022-05-11,MSFT,265.67999267578125,271.3599853515625,259.29998779296875,260.54998779296875,48975900,252.62501525878903
2022-05-12,MSFT,257.69000244140625,259.8800048828125,250.02000427246097,255.3500061035156,51033800,247.5831756591797
2022-05-13,MSFT,257.3500061035156,263.0400085449219,255.3500061035156,261.1199951171875,34925100,253.17762756347656
2022-05-16,MSFT,259.9599914550781,265.82000732421875,255.77999877929688,261.5,32550900,253.546142578125
2022-05-17,MSFT,266.1099853515625,268.3299865722656,262.4599914550781,266.82000732421875,28828800,258.7043151855469
2022-05-18,MSFT,263.0,263.6000061035156,252.77000427246097,254.0800018310547,31356000,246.9255828857422
2022-05-19,MSFT,253.8999938964844,257.6700134277344,251.8800048828125,253.13999938964844,32692300,246.01205444335935
2022-05-20,MSFT,257.239990234375,258.5400085449219,246.44000244140625,252.55999755859375,39199300,245.4483642578125
2022-05-23,MSFT,255.4900054931641,261.5,253.42999267578125,260.6499938964844,33175400,253.31056213378903
2022-05-24,MSFT,257.8900146484375,261.3299865722656,253.5,259.6199951171875,29043900,252.30958557128903
2022-05-25,MSFT,258.1400146484375,264.5799865722656,257.1300048828125,262.5199890136719,28547900,255.12794494628903
2022-05-26,MSFT,262.2699890136719,267.1099853515625,261.42999267578125,265.8999938964844,25002100,258.41278076171875
2022-05-27,MSFT,268.4800109863281,273.3399963378906,267.55999755859375,273.239990234375,26910800,265.5460510253906
2022-05-31,MSFT,272.5299987792969,274.7699890136719,268.92999267578125,271.8699951171875,37827700,264.2146301269531
2022-06-01,MSFT,275.20001220703125,277.69000244140625,270.0400085449219,272.4200134277344,25292200,264.7491455078125
2022-06-02,MSFT,264.45001220703125,274.6499938964844,261.6000061035156,274.5799865722656,44008200,266.8482971191406
2022-06-03,MSFT,270.30999755859375,273.45001220703125,268.4100036621094,270.0199890136719,28059000,262.41668701171875
2022-06-06,MSFT,272.05999755859375,274.17999267578125,267.2200012207031,268.75,22400300,261.1824951171875
2022-06-07,MSFT,266.6400146484375,273.1300048828125,265.94000244140625,272.5,22860700,264.8268737792969
2022-06-08,MSFT,271.7099914550781,273.0,269.6099853515625,270.4100036621094,17372300,262.7957763671875
2022-06-09,MSFT,267.7799987792969,272.7099914550781,264.6300048828125,264.7900085449219,26439700,257.3339538574219
2022-06-10,MSFT,260.5799865722656,260.5799865722656,252.52999877929688,252.9900054931641,31422800,245.86631774902344
2022-06-13,MSFT,245.11000061035156,249.02000427246097,241.52999877929688,242.2599945068359,46135800,235.43841552734375
2022-06-14,MSFT,243.86000061035156,245.7400054931641,241.5099945068359,244.4900054931641,28651500,237.60562133789065
2022-06-15,MSFT,248.30999755859375,255.3000030517578,246.4199981689453,251.7599945068359,33111700,244.67088317871097
2022-06-16,MSFT,245.97999572753903,247.4199981689453,243.02000427246097,244.97000122070312,33169200,238.07211303710935
2022-06-17,MSFT,244.6999969482422,250.5,244.02999877929688,247.6499938964844,43084800,240.67662048339844
2022-06-21,MSFT,250.2599945068359,254.75,249.5099945068359,253.7400054931641,29928300,246.59518432617188
2022-06-22,MSFT,251.88999938964844,257.1700134277344,250.3699951171875,253.1300048828125,25939900,246.0023193359375
2022-06-23,MSFT,255.57000732421875,259.3699951171875,253.6300048828125,258.8599853515625,25861400,251.57098388671875
2022-06-24,MSFT,261.80999755859375,267.9800109863281,261.7200012207031,267.70001220703125,33923200,260.1621398925781
2022-06-27,MSFT,268.2099914550781,268.29998779296875,263.2799987792969,264.8900146484375,24615100,257.43121337890625
2022-06-28,MSFT,263.9800109863281,266.9100036621094,256.32000732421875,256.4800109863281,27295500,249.25802612304688
2022-06-29,MSFT,257.5899963378906,261.9700012207031,255.7599945068359,260.260009765625,20069800,252.93161010742188
2022-06-30,MSFT,257.04998779296875,259.5299987792969,252.8999938964844,256.8299865722656,31730900,249.59812927246097
2022-07-01,MSFT,256.3900146484375,259.7699890136719,254.61000061035156,259.5799865722656,22837700,252.27069091796875
2022-07-05,MSFT,256.1600036621094,262.9800109863281,254.7400054931641,262.8500061035156,22941000,255.4486541748047
2022-07-06,MSFT,263.75,267.989990234375,262.3999938964844,266.2099914550781,23824400,258.7140197753906
2022-07-07,MSFT,265.1199951171875,269.05999755859375,265.0199890136719,268.3999938964844,20859900,260.8423767089844
2022-07-08,MSFT,264.7900085449219,268.1000061035156,263.2900085449219,267.6600036621094,19658800,260.1231994628906
2022-07-11,MSFT,265.6499938964844,266.5299987792969,262.17999267578125,264.510009765625,19455200,257.0619201660156
2022-07-12,MSFT,265.8800048828125,265.94000244140625,252.0399932861328,253.6699981689453,35868500,246.52713012695312
2022-07-13,MSFT,250.19000244140625,253.5500030517578,248.11000061035156,252.72000122070312,29497400,245.6038818359375
2022-07-14,MSFT,250.57000732421875,255.13999938964844,245.94000244140625,254.0800018310547,25102800,246.9255828857422
2022-07-15,MSFT,255.72000122070312,260.3699951171875,254.77000427246097,256.7200012207031,29774100,249.49124145507812
2022-07-18,MSFT,259.75,260.8399963378906,253.3000030517578,254.25,20975000,247.09078979492188
2022-07-19,MSFT,257.5799865722656,259.7200012207031,253.67999267578125,259.5299987792969,25012600,252.22210693359375
2022-07-20,MSFT,259.8999938964844,264.8699951171875,258.9100036621094,262.2699890136719,22788300,254.8849639892578
2022-07-21,MSFT,259.7900085449219,264.8900146484375,257.0299987792969,264.8399963378906,22404700,257.382568359375
2022-07-22,MSFT,265.239990234375,265.3299865722656,259.07000732421875,260.3599853515625,21881300,253.0287628173828
2022-07-25,MSFT,261.0,261.5,256.80999755859375,258.8299865722656,21056000,251.5418243408203
2022-07-26,MSFT,259.8599853515625,259.8800048828125,249.57000732421875,251.8999938964844,39348000,244.8069305419922
2022-07-27,MSFT,261.1600036621094,270.04998779296875,258.8500061035156,268.739990234375,45994000,261.1728515625
2022-07-28,MSFT,269.75,277.8399963378906,267.8699951171875,276.4100036621094,33459300,268.62689208984375
2022-07-29,MSFT,277.70001220703125,282.0,276.6300048828125,280.739990234375,32152800,272.8348693847656
2022-08-01,MSFT,277.82000732421875,281.2799987792969,275.8399963378906,278.010009765625,21539600,270.1817932128906
2022-08-02,MSFT,276.0,277.8900146484375,272.3800048828125,274.82000732421875,22754200,267.08160400390625
2022-08-03,MSFT,276.760009765625,283.5,276.6099853515625,282.4700012207031,23518900,274.5162048339844
2022-08-04,MSFT,281.79998779296875,283.79998779296875,280.1700134277344,283.6499938964844,18098700,275.6629333496094
2022-08-05,MSFT,279.1499938964844,283.6499938964844,278.67999267578125,282.9100036621094,16774600,274.94378662109375
2022-08-08,MSFT,284.04998779296875,285.9200134277344,279.32000732421875,280.32000732421875,18739200,272.4267578125
2022-08-09,MSFT,279.6400146484375,283.0799865722656,277.6099853515625,282.29998779296875,23405200,274.3509216308594
2022-08-10,MSFT,288.1700134277344,289.80999755859375,286.94000244140625,289.1600036621094,24687800,281.0178527832031
2022-08-11,MSFT,290.8500061035156,291.2099914550781,286.510009765625,287.0199890136719,20065900,278.93804931640625
2022-08-12,MSFT,288.4800109863281,291.9100036621094,286.94000244140625,291.9100036621094,22619700,283.6903381347656
2022-08-15,MSFT,291.0,294.17999267578125,290.1099853515625,293.4700012207031,18085700,285.2064208984375
2022-08-16,MSFT,291.989990234375,294.0400085449219,290.4200134277344,292.7099914550781,18102900,284.46783447265625
2022-08-17,MSFT,289.739990234375,293.3500061035156,289.4700012207031,291.32000732421875,18253400,283.7179870605469
2022-08-18,MSFT,290.19000244140625,291.9100036621094,289.0799865722656,290.1700134277344,17186200,282.5979309082031
2022-08-19,MSFT,288.8999938964844,289.25,285.55999755859375,286.1499938964844,20570000,278.68280029296875
2022-08-22,MSFT,282.0799865722656,282.4599914550781,277.2200012207031,277.75,25061100,270.50201416015625
2022-08-23,MSFT,276.44000244140625,278.8599853515625,275.3999938964844,276.44000244140625,17527400,269.2261962890625
2022-08-24,MSFT,275.4100036621094,277.2300109863281,275.1099853515625,275.7900085449219,18137000,268.5931701660156
2022-08-25,MSFT,277.3299865722656,279.0199890136719,274.5199890136719,278.8500061035156,16583400,271.5733337402344
2022-08-26,MSFT,279.0799865722656,280.3399963378906,267.9800109863281,268.0899963378906,27549300,261.0940856933594
2022-08-29,MSFT,265.8500061035156,267.3999938964844,263.8500061035156,265.2300109863281,20338500,258.3087463378906
2022-08-30,MSFT,266.6700134277344,267.04998779296875,260.6600036621094,262.9700012207031,22767100,256.107666015625
2022-08-31,MSFT,265.3900146484375,267.1099853515625,261.3299865722656,261.4700012207031,24791800,254.6468505859375
2022-09-01,MSFT,258.8699951171875,260.8900146484375,255.41000366210935,260.3999938964844,23263400,253.6047821044922
2022-09-02,MSFT,261.70001220703125,264.739990234375,254.47000122070312,256.05999755859375,22855400,249.37803649902344
2022-09-06,MSFT,256.20001220703125,257.8299865722656,251.94000244140625,253.25,21328200,246.64138793945312
2022-09-07,MSFT,254.6999969482422,258.8299865722656,253.22000122070312,258.0899963378906,24126700,251.3550262451172
2022-09-08,MSFT,257.510009765625,260.42999267578125,254.7899932861328,258.5199890136719,20319900,251.7738494873047
2022-09-09,MSFT,260.5,265.2300109863281,260.2900085449219,264.4599914550781,22084700,257.5588684082031
2022-09-12,MSFT,265.7799987792969,267.45001220703125,265.1600036621094,266.6499938964844,18747700,259.69171142578125
2022-09-13,MSFT,258.8399963378906,260.3999938964844,251.58999633789065,251.9900054931641,33353300,245.4142608642578
2022-09-14,MSFT,253.52999877929688,254.22999572753903,249.86000061035156,252.22000122070312,23913000,245.63824462890625
2022-09-15,MSFT,249.77000427246097,251.3999938964844,244.02000427246097,245.3800048828125,31530900,238.9767608642578
2022-09-16,MSFT,244.2599945068359,245.3000030517578,242.05999755859375,244.7400054931641,39791800,238.3534393310547
2022-09-19,MSFT,242.47000122070312,245.13999938964844,240.8500061035156,244.52000427246097,26826900,238.13917541503903
2022-09-20,MSFT,242.07000732421875,243.5099945068359,239.63999938964844,242.4499969482422,26660300,236.12318420410156
2022-09-21,MSFT,244.27000427246097,247.66000366210935,238.8999938964844,238.9499969482422,28625600,232.7145233154297
2022-09-22,MSFT,237.8699951171875,243.86000061035156,237.57000732421875,240.97999572753903,31061200,234.69155883789065
2022-09-23,MSFT,239.5399932861328,241.1300048828125,235.1999969482422,237.9199981689453,34176000,231.71139526367188
2022-09-26,MSFT,237.0500030517578,241.4499969482422,236.8999938964844,237.4499969482422,27694200,231.253662109375
2022-09-27,MSFT,239.97999572753903,241.8000030517578,234.5,236.41000366210935,27018700,230.2408142089844
2022-09-28,MSFT,236.80999755859375,242.3300018310547,234.72999572753903,241.07000732421875,29029700,234.7792053222656
2022-09-29,MSFT,238.88999938964844,239.9499969482422,234.41000366210935,237.5,27484200,231.3023681640625
2022-09-30,MSFT,238.2899932861328,240.5399932861328,232.72999572753903,232.8999938964844,35694800,226.8223876953125
2022-10-03,MSFT,235.41000366210935,241.61000061035156,234.66000366210935,240.7400054931641,28880400,234.4578094482422
2022-10-04,MSFT,245.08999633789065,250.36000061035156,244.97999572753903,248.8800048828125,34888400,242.38539123535156
2022-10-05,MSFT,245.9900054931641,250.5800018310547,244.1000061035156,249.1999969482422,20347100,242.6970672607422
2022-10-06,MSFT,247.92999267578125,250.33999633789065,246.0800018310547,246.7899932861328,20239900,240.34994506835935
2022-10-07,MSFT,240.8999938964844,241.32000732421875,233.1699981689453,234.2400054931641,37769600,228.12742614746097
2022-10-10,MSFT,233.0500030517578,234.55999755859375,226.72999572753903,229.25,29743600,223.2676544189453
2022-10-11,MSFT,227.6199951171875,229.05999755859375,224.11000061035156,225.41000366210935,30474000,219.52789306640625
2022-10-12,MSFT,225.3999938964844,227.86000061035156,223.9600067138672,225.75,21903900,219.85899353027344
2022-10-13,MSFT,219.8500061035156,236.1000061035156,219.1300048828125,234.2400054931641,42551800,228.12742614746097
2022-10-14,MSFT,235.5399932861328,237.2400054931641,228.33999633789065,228.55999755859375,30198600,222.59567260742188
2022-10-17,MSFT,235.82000732421875,238.9600067138672,235.13999938964844,237.52999877929688,28142300,231.33157348632812
2022-10-18,MSFT,243.2400054931641,243.92999267578125,235.3699951171875,238.5,26329600,232.27626037597656
2022-10-19,MSFT,237.0399932861328,239.61000061035156,234.2899932861328,236.47999572753903,19985700,230.30897521972656
2022-10-20,MSFT,235.77000427246097,241.30999755859375,234.8699951171875,236.1499938964844,21811000,229.98757934570312
2022-10-21,MSFT,234.7400054931641,243.0,234.5,242.1199951171875,26299700,235.80181884765625
2022-10-24,MSFT,243.7599945068359,247.83999633789065,241.3000030517578,247.25,24911200,240.7979431152344
2022-10-25,MSFT,247.2599945068359,251.0399932861328,245.8300018310547,250.66000366210935,34775500,244.11895751953125
2022-10-26,MSFT,231.1699981689453,238.3000030517578,230.05999755859375,231.32000732421875,82543200,225.28363037109375
2022-10-27,MSFT,231.0399932861328,233.69000244140625,225.77999877929688,226.75,40424600,220.8328857421875
2022-10-28,MSFT,226.2400054931641,236.6000061035156,226.0500030517578,235.8699951171875,40647700,229.7149200439453
2022-10-31,MSFT,233.7599945068359,234.9199981689453,231.1499938964844,232.1300048828125,28357300,226.0724945068359
2022-11-01,MSFT,234.6000061035156,235.7400054931641,227.3300018310547,228.1699981689453,30592300,222.21585083007812
2022-11-02,MSFT,229.4600067138672,231.3000030517578,220.0399932861328,220.1000061035156,38407000,214.3564453125
2022-11-03,MSFT,220.08999633789065,220.41000366210935,213.97999572753903,214.25,36633900,208.6590881347656
2022-11-04,MSFT,217.5500030517578,221.58999633789065,213.42999267578125,221.38999938964844,36789100,215.6127471923828
2022-11-07,MSFT,221.9900054931641,228.41000366210935,221.27999877929688,227.8699951171875,33498000,221.92369079589844
2022-11-08,MSFT,228.6999969482422,231.6499938964844,225.83999633789065,228.8699951171875,28192500,222.8975524902344
2022-11-09,MSFT,227.3699951171875,228.6300048828125,224.3300018310547,224.5099945068359,27852900,218.65133666992188
2022-11-10,MSFT,235.42999267578125,243.3300018310547,235.0,242.97999572753903,46268000,236.63937377929688
2022-11-11,MSFT,242.9900054931641,247.9900054931641,241.92999267578125,247.11000061035156,34620200,240.66160583496097
2022-11-14,MSFT,241.9900054931641,243.91000366210935,239.2100067138672,241.5500030517578,31123300,235.24668884277344
2022-11-15,MSFT,245.66000366210935,247.0,240.02999877929688,241.97000122070312,31390100,235.6557159423828
2022-11-16,MSFT,242.7899932861328,243.8000030517578,240.4199981689453,241.72999572753903,24093300,236.08541870117188
2022-11-17,MSFT,237.77999877929688,243.25,237.6300048828125,241.67999267578125,23123500,236.03660583496097
2022-11-18,MSFT,243.5099945068359,243.7400054931641,239.02999877929688,241.22000122070312,27613500,235.5873260498047
2022-11-21,MSFT,241.42999267578125,244.6699981689453,241.19000244140625,242.0500030517578,26394700,236.39796447753903
2022-11-22,MSFT,243.58999633789065,245.30999755859375,240.7100067138672,245.02999877929688,19665700,239.3083953857422
2022-11-23,MSFT,245.11000061035156,248.27999877929688,244.27000427246097,247.5800018310547,19508500,241.79884338378903
2022-11-25,MSFT,247.30999755859375,248.6999969482422,246.72999572753903,247.4900054931641,9200800,241.71096801757812
2022-11-28,MSFT,246.0800018310547,246.6499938964844,240.8000030517578,241.7599945068359,24778200,236.11471557617188
2022-11-29,MSFT,241.3999938964844,242.7899932861328,238.2100067138672,240.3300018310547,17956300,234.7181396484375
2022-11-30,MSFT,240.57000732421875,255.3300018310547,239.86000061035156,255.13999938964844,47594200,249.1822967529297
2022-12-01,MSFT,253.8699951171875,256.1199951171875,250.9199981689453,254.69000244140625,26041500,248.74281311035156
2022-12-02,MSFT,249.82000732421875,256.05999755859375,249.69000244140625,255.02000427246097,21528500,249.06512451171875
2022-12-05,MSFT,252.0099945068359,253.82000732421875,248.05999755859375,250.1999969482422,23435300,244.357666015625
2022-12-06,MSFT,250.82000732421875,251.86000061035156,243.77999877929688,245.1199951171875,22463700,239.3962554931641
2022-12-07,MSFT,244.8300018310547,246.16000366210935,242.2100067138672,244.3699951171875,20481500,238.6638031005859
2022-12-08,MSFT,244.83999633789065,248.7400054931641,243.05999755859375,247.3999938964844,22611800,241.623046875
2022-12-09,MSFT,244.6999969482422,248.30999755859375,244.16000366210935,245.4199981689453,20609700,239.6892852783203
2022-12-12,MSFT,247.4499969482422,252.5399932861328,247.1699981689453,252.5099945068359,30665100,246.6137237548828
2022-12-13,MSFT,261.69000244140625,263.9200134277344,253.07000732421875,256.9200134277344,42196900,250.9207305908203
2022-12-14,MSFT,257.1300048828125,262.5899963378906,254.30999755859375,257.2200012207031,35410900,251.2137908935547
2022-12-15,MSFT,253.72000122070312,254.1999969482422,247.33999633789065,249.0099945068359,35560400,243.19546508789065
2022-12-16,MSFT,248.5500030517578,249.83999633789065,243.5099945068359,244.69000244140625,86102000,238.9763031005859
2022-12-19,MSFT,244.86000061035156,245.2100067138672,238.7100067138672,240.4499969482422,29696400,234.83529663085935
2022-12-20,MSFT,239.3999938964844,242.91000366210935,238.4199981689453,241.8000030517578,25150800,236.15380859375
2022-12-21,MSFT,241.69000244140625,245.6199951171875,240.11000061035156,244.42999267578125,23690600,238.72238159179688
2022-12-22,MSFT,241.2599945068359,241.9900054931641,233.8699951171875,238.19000244140625,28651700,232.6280975341797
2022-12-23,MSFT,236.11000061035156,238.8699951171875,233.94000244140625,238.72999572753903,21207000,233.15548706054688
2022-12-27,MSFT,238.6999969482422,238.92999267578125,235.8300018310547,236.9600067138672,16688600,231.42681884765625
2022-12-28,MSFT,236.88999938964844,239.72000122070312,234.1699981689453,234.52999877929688,17457100,229.05357360839844
2022-12-29,MSFT,235.6499938964844,241.9199981689453,235.6499938964844,241.0099945068359,19770700,235.3822784423828
2022-12-30,MSFT,238.2100067138672,239.9600067138672,236.66000366210935,239.82000732421875,21938500,234.2200469970703
2023-01-03,MSFT,243.0800018310547,245.75,237.3999938964844,239.5800018310547,25740000,233.9856719970703
2023-01-04,MSFT,232.27999877929688,232.8699951171875,225.9600067138672,229.1000061035156,50623400,223.7503967285156
2023-01-05,MSFT,227.1999969482422,227.5500030517578,221.7599945068359,222.30999755859375,39585600,217.1189117431641
2023-01-06,MSFT,223.0,225.7599945068359,219.3500061035156,224.92999267578125,43613600,219.67771911621097
2023-01-09,MSFT,226.4499969482422,231.2400054931641,226.41000366210935,227.1199951171875,27369800,221.8165740966797
2023-01-10,MSFT,227.7599945068359,231.30999755859375,227.3300018310547,228.8500061035156,27033900,223.50619506835935
2023-01-11,MSFT,231.2899932861328,235.9499969482422,231.11000061035156,235.77000427246097,28669300,230.26461791992188
2023-01-12,MSFT,235.2599945068359,239.8999938964844,233.55999755859375,238.5099945068359,27269500,232.9406280517578
2023-01-13,MSFT,237.0,239.3699951171875,234.9199981689453,239.22999572753903,21333300,233.6438140869141
2023-01-17,MSFT,237.97000122070312,240.91000366210935,237.08999633789065,240.3500061035156,29831300,234.7376708984375
2023-01-18,MSFT,241.57000732421875,242.3800048828125,235.52000427246097,235.80999755859375,30028700,230.3036651611328
2023-01-19,MSFT,233.77999877929688,235.52000427246097,230.67999267578125,231.92999267578125,28623000,226.51426696777344
2023-01-20,MSFT,234.86000061035156,240.7400054931641,234.5099945068359,240.22000122070312,35389800,234.6107177734375
2023-01-23,MSFT,241.1000061035156,245.1699981689453,239.6499938964844,242.5800018310547,31934000,236.9155731201172
2023-01-24,MSFT,242.5,243.9499969482422,240.44000244140625,242.0399932861328,40234400,236.38821411132812
2023-01-25,MSFT,234.47999572753903,243.3000030517578,230.8999938964844,240.61000061035156,66526600,234.99159240722656
2023-01-26,MSFT,243.6499938964844,248.30999755859375,242.0,248.0,33454500,242.2090301513672
2023-01-27,MSFT,248.9900054931641,249.8300018310547,246.8300018310547,248.16000366210935,26498900,242.3653106689453
2023-01-30,MSFT,244.5099945068359,245.6000061035156,242.1999969482422,242.7100067138672,25867400,237.0425567626953
2023-01-31,MSFT,243.4499969482422,247.9499969482422,242.9499969482422,247.80999755859375,26541100,242.02346801757812
2023-02-01,MSFT,248.0,255.17999267578125,245.47000122070312,252.75,31259900,246.8480987548828
2023-02-02,MSFT,258.82000732421875,264.69000244140625,257.25,264.6000061035156,39940400,258.42138671875
2023-02-03,MSFT,259.5400085449219,264.20001220703125,257.1000061035156,258.3500061035156,29077300,252.31739807128903
2023-02-06,MSFT,257.44000244140625,258.29998779296875,254.77999877929688,256.7699890136719,22518000,250.7742156982422
2023-02-07,MSFT,260.5299987792969,268.7699890136719,260.0799865722656,267.55999755859375,50841400,261.31231689453125
2023-02-08,MSFT,273.20001220703125,276.760009765625,266.2099914550781,266.7300109863281,54686000,260.501708984375
2023-02-09,MSFT,273.79998779296875,273.9800109863281,262.79998779296875,263.6199951171875,42375100,257.46429443359375
2023-02-10,MSFT,261.5299987792969,264.0899963378906,260.6600036621094,263.1000061035156,25818500,256.9564208984375
2023-02-13,MSFT,267.6400146484375,274.6000061035156,267.1499938964844,271.32000732421875,44630900,264.9845275878906
2023-02-14,MSFT,272.6700134277344,274.9700012207031,269.2799987792969,272.1700134277344,37047900,265.81463623046875
2023-02-15,MSFT,268.32000732421875,270.7300109863281,266.17999267578125,269.32000732421875,28922400,263.6900329589844
2023-02-16,MSFT,264.0199890136719,266.739990234375,261.8999938964844,262.1499938964844,29603600,256.6698913574219
2023-02-17,MSFT,259.3900146484375,260.0899963378906,256.0,258.05999755859375,30000100,252.66539001464844
2023-02-21,MSFT,254.47999572753903,255.4900054931641,251.58999633789065,252.6699981689453,28397400,247.38807678222656
2023-02-22,MSFT,254.08999633789065,254.33999633789065,250.33999633789065,251.5099945068359,22491100,246.25233459472656
2023-02-23,MSFT,255.55999755859375,256.8399963378906,250.47999572753903,254.77000427246097,29219100,249.44418334960935
2023-02-24,MSFT,249.9600067138672,251.0,248.1000061035156,249.22000122070312,24990900,244.01019287109375
2023-02-27,MSFT,252.4600067138672,252.82000732421875,249.38999938964844,250.16000366210935,21190000,244.93052673339844
2023-02-28,MSFT,249.07000732421875,251.4900054931641,248.72999572753903,249.4199981689453,22491000,244.2060089111328
2023-03-01,MSFT,250.7599945068359,250.92999267578125,245.7899932861328,246.27000427246097,27565300,241.1218719482422
2023-03-02,MSFT,246.5500030517578,251.3999938964844,245.61000061035156,251.11000061035156,24808200,245.86068725585935
2023-03-03,MSFT,252.19000244140625,255.6199951171875,251.38999938964844,255.2899932861328,30760100,249.9532928466797
2023-03-06,MSFT,256.42999267578125,260.1199951171875,255.97999572753903,256.8699951171875,24109800,251.50027465820312
2023-03-07,MSFT,256.29998779296875,257.69000244140625,253.38999938964844,254.1499938964844,21473200,248.8371429443359
2023-03-08,MSFT,254.0399932861328,254.5399932861328,250.80999755859375,253.6999969482422,17340200,248.3965301513672
2023-03-09,MSFT,255.82000732421875,259.55999755859375,251.5800018310547,252.32000732421875,26653400,247.04542541503903
2023-03-10,MSFT,251.0800018310547,252.7899932861328,247.6000061035156,248.58999633789065,28333900,243.39337158203125
2023-03-13,MSFT,247.3999938964844,257.9100036621094,245.72999572753903,253.9199981689453,33339700,248.6119384765625
2023-03-14,MSFT,256.75,261.07000732421875,255.86000061035156,260.7900085449219,33620300,255.33836364746097
2023-03-15,MSFT,259.9800109863281,266.4800109863281,259.2099914550781,265.44000244140625,46028000,259.89117431640625
2023-03-16,MSFT,265.2099914550781,276.55999755859375,263.2799987792969,276.20001220703125,54768800,270.42620849609375
2023-03-17,MSFT,278.260009765625,283.3299865722656,276.32000732421875,279.42999267578125,69527400,273.5885925292969
2023-03-20,MSFT,276.9800109863281,277.4800109863281,269.8500061035156,272.2300109863281,43466600,266.5391540527344
2023-03-21,MSFT,274.8800048828125,275.0,269.5199890136719,273.7799987792969,34558700,268.0567932128906
2023-03-22,MSFT,273.3999938964844,281.0400085449219,272.17999267578125,272.2900085449219,34873300,266.5979309082031
2023-03-23,MSFT,277.94000244140625,281.05999755859375,275.20001220703125,277.6600036621094,36610900,271.85565185546875
2023-03-24,MSFT,277.239990234375,280.6300048828125,275.2799987792969,280.57000732421875,28172000,274.704833984375
2023-03-27,MSFT,280.5,281.4599914550781,275.5199890136719,276.3800048828125,26840200,270.6024475097656
2023-03-28,MSFT,275.7900085449219,276.1400146484375,272.04998779296875,275.2300109863281,21878600,269.4764709472656
2023-03-29,MSFT,278.9599914550781,281.1400146484375,278.4100036621094,280.510009765625,25087000,274.64617919921875
2023-03-30,MSFT,284.2300109863281,284.4599914550781,281.4800109863281,284.04998779296875,25053400,278.11212158203125
2023-03-31,MSFT,283.7300109863281,289.2699890136719,283.0,288.29998779296875,32766000,282.2732238769531
2023-04-03,MSFT,286.5199890136719,288.2699890136719,283.95001220703125,287.2300109863281,24883300,281.2256164550781
2023-04-04,MSFT,287.2300109863281,290.45001220703125,285.6700134277344,287.17999267578125,25824300,281.1766662597656
2023-04-05,MSFT,285.8500061035156,287.1499938964844,282.9200134277344,284.3399963378906,22064800,278.39599609375
2023-04-06,MSFT,283.2099914550781,292.0799865722656,282.0299987792969,291.6000061035156,29770300,285.5043029785156
2023-04-10,MSFT,289.2099914550781,289.6000061035156,284.7099914550781,289.3900146484375,23103000,283.3404846191406
2023-04-11,MSFT,285.75,285.9800109863281,281.6400146484375,282.8299865722656,27276600,276.9175720214844
2023-04-12,MSFT,284.7900085449219,287.010009765625,281.9599914550781,283.489990234375,27403400,277.56378173828125
2023-04-13,MSFT,283.5899963378906,289.8999938964844,283.1700134277344,289.8399963378906,24222700,283.7810363769531
2023-04-14,MSFT,287.0,288.4800109863281,283.69000244140625,286.1400146484375,20987900,280.1584167480469
2023-04-17,MSFT,289.92999267578125,291.6000061035156,286.1600036621094,288.79998779296875,23836200,282.7627258300781
2023-04-18,MSFT,291.57000732421875,291.760009765625,287.010009765625,288.3699951171875,20161800,282.34173583984375
2023-04-19,MSFT,285.989990234375,289.04998779296875,284.5400085449219,288.45001220703125,17150300,282.4201354980469
2023-04-20,MSFT,285.25,289.0299987792969,285.0799865722656,286.1099853515625,23244400,280.12896728515625
2023-04-21,MSFT,285.010009765625,286.2699890136719,283.05999755859375,285.760009765625,21676400,279.786376953125
2023-04-24,MSFT,282.0899963378906,284.95001220703125,278.7200012207031,281.7699890136719,26611000,275.8797607421875
2023-04-25,MSFT,279.510009765625,281.6000061035156,275.3699951171875,275.4200134277344,45772200,269.6625061035156
2023-04-26,MSFT,296.70001220703125,299.57000732421875,292.7300109863281,295.3699951171875,64599200,289.1954650878906
2023-04-27,MSFT,295.9700012207031,305.20001220703125,295.25,304.8299865722656,46462600,298.4576721191406
2023-04-28,MSFT,304.010009765625,308.92999267578125,303.30999755859375,307.260009765625,36469600,300.8369140625
2023-05-01,MSFT,306.9700012207031,308.6000061035156,305.1499938964844,305.55999755859375,21294100,299.1723937988281
2023-05-02,MSFT,307.760009765625,309.17999267578125,303.9100036621094,305.4100036621094,26404400,299.0256042480469
2023-05-03,MSFT,306.6199951171875,308.6099853515625,304.0899963378906,304.3999938964844,22360800,298.0367126464844
2023-05-04,MSFT,306.239990234375,307.760009765625,303.3999938964844,305.4100036621094,22519900,299.0256042480469
2023-05-05,MSFT,305.7200012207031,311.9700012207031,304.2699890136719,310.6499938964844,28197100,304.156005859375
2023-05-08,MSFT,310.1300048828125,310.20001220703125,306.0899963378906,308.6499938964844,21318600,302.1978454589844
2023-05-09,MSFT,308.0,310.0400085449219,306.30999755859375,307.0,21340800,300.58233642578125
2023-05-10,MSFT,308.6199951171875,313.0,307.6700134277344,312.30999755859375,30078000,305.7813720703125
2023-05-11,MSFT,310.1000061035156,311.1199951171875,306.260009765625,310.1099853515625,31680200,303.6272888183594
2023-05-12,MSFT,310.54998779296875,310.6499938964844,306.6000061035156,308.9700012207031,19774700,302.5111389160156
2023-05-15,MSFT,309.1000061035156,309.8999938964844,307.5899963378906,309.4599914550781,16336500,302.99090576171875
2023-05-16,MSFT,309.8299865722656,313.7099914550781,309.8299865722656,311.739990234375,26730300,305.2232360839844
2023-05-17,MSFT,312.2900085449219,314.42999267578125,310.739990234375,314.0,24315000,308.1080627441406
2023-05-18,MSFT,314.5299987792969,319.0400085449219,313.7200012207031,318.5199890136719,27276000,312.543212890625
2023-05-19,MSFT,316.739990234375,318.75,316.3699951171875,318.3399963378906,27546700,312.3666687011719
2023-05-22,MSFT,318.6000061035156,322.5899963378906,318.010009765625,321.17999267578125,24115700,315.1533203125
2023-05-23,MSFT,320.0299987792969,322.7200012207031,315.25,315.260009765625,30797200,309.3444519042969
2023-05-24,MSFT,314.7300109863281,316.5,312.6099853515625,313.8500061035156,23384900,307.9609069824219
2023-05-25,MSFT,323.239990234375,326.8999938964844,320.0,325.9200134277344,43301700,319.8044128417969
2023-05-26,MSFT,324.0199890136719,333.3999938964844,323.8800048828125,332.8900146484375,36630600,326.64361572265625
2023-05-30,MSFT,335.2300109863281,335.739990234375,330.5199890136719,331.2099914550781,29503100,324.9951477050781
2023-05-31,MSFT,332.2900085449219,335.94000244140625,327.3299865722656,328.3900146484375,45950600,322.22808837890625
2023-06-01,MSFT,325.92999267578125,333.5299987792969,324.7200012207031,332.5799865722656,26773900,326.33941650390625
2023-06-02,MSFT,334.25,337.5,332.54998779296875,335.3999938964844,25873800,329.10650634765625
2023-06-05,MSFT,335.2200012207031,338.55999755859375,334.6600036621094,335.94000244140625,21307100,329.6363830566406
2023-06-06,MSFT,335.3299865722656,335.3699951171875,332.1700134277344,333.67999267578125,20396200,327.4187927246094
2023-06-07,MSFT,331.6499938964844,334.489990234375,322.5,323.3800048828125,40717100,317.31207275390625
2023-06-08,MSFT,323.94000244140625,326.6400146484375,323.3500061035156,325.260009765625,23277700,319.1568298339844
2023-06-09,MSFT,324.989990234375,329.989990234375,324.4100036621094,326.7900085449219,22529000,320.6580810546875
2023-06-12,MSFT,328.5799865722656,332.1000061035156,325.1600036621094,331.8500061035156,24260300,325.6231384277344
2023-06-13,MSFT,334.4700012207031,336.9800109863281,330.3900146484375,334.2900085449219,22951300,328.017333984375
2023-06-14,MSFT,334.3399963378906,339.0400085449219,332.80999755859375,337.3399963378906,26003800,331.0101623535156
2023-06-15,MSFT,337.4800109863281,349.8399963378906,337.20001220703125,348.1000061035156,38899100,341.5682678222656
2023-06-16,MSFT,351.32000732421875,351.4700012207031,341.95001220703125,342.3299865722656,46552000,335.906494140625
2023-06-20,MSFT,339.30999755859375,342.0799865722656,335.8599853515625,338.04998779296875,26375400,331.706787109375
2023-06-21,MSFT,336.3699951171875,337.7300109863281,332.07000732421875,333.55999755859375,25117800,327.301025390625
2023-06-22,MSFT,334.1199951171875,340.1199951171875,333.3399963378906,339.7099914550781,23556800,333.335693359375
2023-06-23,MSFT,334.3599853515625,337.9599914550781,333.45001220703125,335.0199890136719,23146900,328.7336120605469
2023-06-26,MSFT,333.7200012207031,336.1099853515625,328.489990234375,328.6000061035156,21520600,322.4341125488281
2023-06-27,MSFT,331.8599853515625,336.1499938964844,329.29998779296875,334.57000732421875,24354100,328.2921142578125
2023-06-28,MSFT,334.6600036621094,337.9800109863281,333.80999755859375,335.8500061035156,20259500,329.5480651855469
2023-06-29,MSFT,334.7099914550781,336.1099853515625,332.6199951171875,335.04998779296875,16997000,328.7630920410156
2023-06-30,MSFT,337.75,342.7300109863281,337.20001220703125,340.5400085449219,26832800,334.1500549316406
2023-07-03,MSFT,339.19000244140625,340.8999938964844,336.57000732421875,337.989990234375,12508700,331.64788818359375
2023-07-05,MSFT,335.0899963378906,341.6499938964844,334.7300109863281,338.1499938964844,18172400,331.8049011230469
2023-07-06,MSFT,337.29998779296875,342.989990234375,335.5,341.2699890136719,28161200,334.86639404296875
2023-07-07,MSFT,339.32000732421875,341.7900085449219,337.0,337.2200012207031,21214800,330.8924255371094
2023-07-10,MSFT,334.6000061035156,335.2300109863281,327.5899963378906,331.8299865722656,32791400,325.60345458984375
2023-07-11,MSFT,331.05999755859375,332.8599853515625,327.0,332.4700012207031,26698200,326.2314758300781
2023-07-12,MSFT,336.6000061035156,341.6499938964844,335.6700134277344,337.20001220703125,29995300,330.8727722167969
2023-07-13,MSFT,339.55999755859375,343.739990234375,339.0199890136719,342.6600036621094,20567200,336.2303466796875
2023-07-14,MSFT,347.5899963378906,351.42999267578125,344.30999755859375,345.239990234375,28352700,338.7618713378906
2023-07-17,MSFT,345.67999267578125,346.989990234375,342.20001220703125,345.7300109863281,20363900,339.24273681640625
2023-07-18,MSFT,345.8299865722656,366.7799987792969,342.1700134277344,359.489990234375,64738600,352.7444763183594
2023-07-19,MSFT,361.75,362.4599914550781,352.44000244140625,355.0799865722656,39732900,348.417236328125
2023-07-20,MSFT,353.57000732421875,357.9700012207031,345.3699951171875,346.8699951171875,33778400,340.3612976074219
2023-07-21,MSFT,349.1499938964844,350.29998779296875,339.8299865722656,343.7699890136719,69405400,337.3194885253906
2023-07-24,MSFT,345.8500061035156,346.9200134277344,342.30999755859375,345.1099853515625,26678100,338.63433837890625
2023-07-25,MSFT,347.1099853515625,351.8900146484375,345.07000732421875,350.9800109863281,41637700,344.3941650390625
2023-07-26,MSFT,341.44000244140625,344.6700134277344,333.1099853515625,337.7699890136719,58383700,331.4320068359375
2023-07-27,MSFT,340.4800109863281,341.3299865722656,329.04998779296875,330.7200012207031,39635300,324.51434326171875
2023-07-28,MSFT,333.6700134277344,340.010009765625,333.1700134277344,338.3699951171875,28484900,332.020751953125
2023-07-31,MSFT,336.9200134277344,337.70001220703125,333.3599853515625,335.9200134277344,25446000,329.6167907714844
2023-08-01,MSFT,335.19000244140625,338.5400085449219,333.70001220703125,336.3399963378906,18311900,330.0288391113281
2023-08-02,MSFT,333.6300048828125,333.6300048828125,326.3599853515625,327.5,27761300,321.3547668457031
2023-08-03,MSFT,326.0,329.8800048828125,325.95001220703125,326.6600036621094,18253700,320.5305480957031
2023-08-04,MSFT,331.8800048828125,335.1400146484375,327.239990234375,327.7799987792969,23741500,321.62945556640625
2023-08-07,MSFT,328.3699951171875,331.1099853515625,327.5199890136719,330.1099853515625,17741500,323.9158020019531
2023-08-08,MSFT,326.9599914550781,328.75,323.0,326.04998779296875,22327600,319.9319152832031
2023-08-09,MSFT,326.4700012207031,327.1099853515625,321.04998779296875,322.2300109863281,22373300,316.18365478515625
2023-08-10,MSFT,326.0199890136719,328.260009765625,321.17999267578125,322.92999267578125,20113700,316.8705139160156
2023-08-11,MSFT,320.260009765625,322.4100036621094,319.2099914550781,321.010009765625,24355500,314.986572265625
2023-08-14,MSFT,321.3900146484375,324.05999755859375,320.0799865722656,324.0400085449219,18836100,317.9595947265625
2023-08-15,MSFT,323.0,325.0899963378906,320.8999938964844,321.8599853515625,16966300,315.82061767578125
2023-08-16,MSFT,320.79998779296875,324.4200134277344,319.79998779296875,320.3999938964844,20698900,315.0535888671875
2023-08-17,MSFT,320.5400085449219,321.8699951171875,316.2099914550781,316.8800048828125,21257200,311.5923767089844
2023-08-18,MSFT,314.489990234375,318.3800048828125,311.54998779296875,316.4800109863281,24755000,311.19903564453125
2023-08-21,MSFT,317.92999267578125,322.7699890136719,317.0400085449219,321.8800048828125,24040000,316.5089111328125
2023-08-22,MSFT,325.5,326.0799865722656,321.4599914550781,322.4599914550781,16084600,317.0792541503906
2023-08-23,MSFT,323.82000732421875,329.20001220703125,323.4599914550781,327.0,21166400,321.5434875488281
2023-08-24,MSFT,332.8500061035156,332.9800109863281,319.9599914550781,319.9700012207031,23281400,314.6307373046875
2023-08-25,MSFT,321.4700012207031,325.3599853515625,318.79998779296875,322.9800109863281,21684100,317.5905456542969
2023-08-28,MSFT,325.6600036621094,326.1499938964844,321.7200012207031,323.70001220703125,14808500,318.2985534667969
2023-08-29,MSFT,321.8800048828125,328.9800109863281,321.8800048828125,328.4100036621094,19284600,322.929931640625
2023-08-30,MSFT,328.6700134277344,329.80999755859375,326.45001220703125,328.7900085449219,15222100,323.3035888671875
2023-08-31,MSFT,329.20001220703125,330.9100036621094,326.7799987792969,327.760009765625,26411000,322.2908020019531
2023-09-01,MSFT,331.30999755859375,331.989990234375,326.7799987792969,328.6600036621094,14942000,323.1758117675781
2023-09-05,MSFT,329.0,334.8500061035156,328.6600036621094,333.54998779296875,18553900,327.98419189453125
2023-09-06,MSFT,333.3800048828125,334.4599914550781,330.17999267578125,332.8800048828125,17535800,327.3254089355469
2023-09-07,MSFT,331.2900085449219,333.0799865722656,329.0299987792969,329.9100036621094,18381000,324.4049377441406
2023-09-08,MSFT,330.0899963378906,336.1600036621094,329.4599914550781,334.2699890136719,19530100,328.692138671875
2023-09-11,MSFT,337.239990234375,338.4200134277344,335.42999267578125,337.94000244140625,16583300,332.3009338378906
2023-09-12,MSFT,335.82000732421875,336.7900085449219,331.4800109863281,331.7699890136719,17565500,326.23388671875
2023-09-13,MSFT,331.30999755859375,336.8500061035156,331.1700134277344,336.05999755859375,16544400,330.4522705078125
2023-09-14,MSFT,339.1499938964844,340.8599853515625,336.57000732421875,338.70001220703125,20267000,333.0482177734375
2023-09-15,MSFT,336.9200134277344,337.3999938964844,329.6499938964844,330.2200012207031,37679800,324.7097473144531
2023-09-18,MSFT,327.79998779296875,330.3999938964844,326.3599853515625,329.05999755859375,16834200,323.5690612792969
2023-09-19,MSFT,326.1700134277344,329.3900146484375,324.510009765625,328.6499938964844,16505900,323.1659240722656
2023-09-20,MSFT,329.510009765625,329.5899963378906,320.510009765625,320.7699890136719,21436500,315.41748046875
2023-09-21,MSFT,319.260009765625,325.3500061035156,315.0,319.5299987792969,35560400,314.1981506347656
2023-09-22,MSFT,321.32000732421875,321.45001220703125,316.1499938964844,317.010009765625,21447900,311.72021484375
2023-09-25,MSFT,316.5899963378906,317.6700134277344,315.0,317.5400085449219,17836000,312.2413635253906
2023-09-26,MSFT,315.1300048828125,315.8800048828125,310.0199890136719,312.1400146484375,26297600,306.9314270019531
2023-09-27,MSFT,312.29998779296875,314.29998779296875,309.69000244140625,312.7900085449219,19410100,307.5705871582031
2023-09-28,MSFT,310.989990234375,315.4800109863281,309.45001220703125,313.6400146484375,19683600,308.4064636230469
2023-09-29,MSFT,317.75,319.4700012207031,314.9800109863281,315.75,24147300,310.481201171875
2023-10-02,MSFT,316.2799987792969,321.8900146484375,315.17999267578125,321.79998779296875,20570000,316.43023681640625
2023-10-03,MSFT,320.8299865722656,321.3900146484375,311.2099914550781,313.3900146484375,21033500,308.1606140136719
2023-10-04,MSFT,314.0299987792969,320.0400085449219,314.0,318.9599914550781,20720100,313.6376953125
2023-10-05,MSFT,319.0899963378906,319.9800109863281,314.8999938964844,319.3599853515625,16965600,314.03094482421875
2023-10-06,MSFT,316.54998779296875,329.19000244140625,316.29998779296875,327.260009765625,25673600,321.7991638183594
2023-10-09,MSFT,324.75,330.29998779296875,323.17999267578125,329.82000732421875,19891200,324.31640625
2023-10-10,MSFT,330.9599914550781,331.1000061035156,327.6700134277344,328.3900146484375,20557100,322.9102783203125
2023-10-11,MSFT,331.2099914550781,332.82000732421875,329.1400146484375,332.4200134277344,20063200,326.8730773925781
2023-10-12,MSFT,330.57000732421875,333.6300048828125,328.7200012207031,331.1600036621094,19313100,325.6340637207031
2023-10-13,MSFT,332.3800048828125,333.8299865722656,326.3599853515625,327.7300109863281,21072400,322.2613525390625
2023-10-16,MSFT,331.04998779296875,336.1400146484375,330.6000061035156,332.6400146484375,22158000,327.08935546875
2023-10-17,MSFT,329.5899963378906,333.4599914550781,327.4100036621094,332.05999755859375,18338500,326.5190734863281
2023-10-18,MSFT,332.489990234375,335.5899963378906,328.29998779296875,330.1099853515625,23153600,324.6015930175781
2023-10-19,MSFT,332.1499938964844,336.8800048828125,330.9100036621094,331.32000732421875,25052100,325.7914123535156
2023-10-20,MSFT,331.7200012207031,331.9200134277344,325.45001220703125,326.6700134277344,25027700,321.2189636230469
2023-10-23,MSFT,325.4700012207031,332.7300109863281,324.3900146484375,329.32000732421875,24374700,323.82470703125
2023-10-24,MSFT,331.29998779296875,331.8399963378906,327.6000061035156,330.5299987792969,31153600,325.01458740234375
2023-10-25,MSFT,345.0199890136719,346.20001220703125,337.6199951171875,340.6700134277344,55053800,334.98541259765625
2023-10-26,MSFT,340.5400085449219,341.6300048828125,326.94000244140625,327.8900146484375,37828500,322.4186706542969
2023-10-27,MSFT,330.42999267578125,336.7200012207031,328.3999938964844,329.80999755859375,29856500,324.3066101074219
2023-10-30,MSFT,333.4100036621094,339.45001220703125,331.8299865722656,337.30999755859375,22828100,331.6814270019531
2023-10-31,MSFT,338.8500061035156,339.0,334.69000244140625,338.1099853515625,20265300,332.46807861328125
2023-11-01,MSFT,339.7900085449219,347.4200134277344,339.6499938964844,346.07000732421875,28158800,340.2951965332031
2023-11-02,MSFT,347.239990234375,348.8299865722656,344.7699890136719,348.32000732421875,24348100,342.50775146484375
2023-11-03,MSFT,349.6300048828125,354.3900146484375,347.3299865722656,352.79998779296875,23637700,346.9129638671875
2023-11-06,MSFT,353.45001220703125,357.5400085449219,353.3500061035156,356.5299987792969,23828300,350.5807189941406
2023-11-07,MSFT,359.3999938964844,362.4599914550781,357.6300048828125,360.5299987792969,25833900,354.51397705078125
2023-11-08,MSFT,361.6799926757813,363.8699951171875,360.5499877929687,363.2000122070313,26767800,357.139404296875
2023-11-09,MSFT,362.2999877929687,364.7900085449219,360.3599853515625,360.69000244140625,24847300,354.67132568359375
2023-11-10,MSFT,361.489990234375,370.1000061035156,361.0700073242187,369.6700134277344,28042100,363.50152587890625
2023-11-13,MSFT,368.2200012207031,368.4700012207031,365.8999938964844,366.6799926757813,19986500,360.5613708496094
2023-11-14,MSFT,371.010009765625,371.9500122070313,367.3500061035156,370.2699890136719,27683900,364.0914611816406
2023-11-15,MSFT,371.2799987792969,373.1300048828125,367.1099853515625,369.6700134277344,26860100,364.2392578125
2023-11-16,MSFT,370.9599914550781,376.3500061035156,370.1799926757813,376.1700134277344,27182300,370.6437683105469
2023-11-17,MSFT,373.6099853515625,374.3699951171875,367.0,369.8500061035156,40157000,364.4165954589844
2023-11-20,MSFT,371.2200012207031,378.8699951171875,371.0,377.44000244140625,52465100,371.8950500488281
2023-11-21,MSFT,375.6700134277344,376.2200012207031,371.1199951171875,373.0700073242187,28423100,367.5892639160156
2023-11-22,MSFT,378.0,379.7900085449219,374.9700012207031,377.8500061035156,23345300,372.2991027832031
2023-11-24,MSFT,377.3299865722656,377.9700012207031,375.1400146484375,377.4299926757813,10176600,371.88525390625
2023-11-27,MSFT,376.7799987792969,380.6400146484375,376.2000122070313,378.6099853515625,22179200,373.0478820800781
2023-11-28,MSFT,378.3500061035156,383.0,378.1600036621094,382.7000122070313,20453100,377.0777893066406
2023-11-29,MSFT,383.760009765625,384.2999877929687,377.44000244140625,378.8500061035156,28963400,373.2843933105469
2023-11-30,MSFT,378.489990234375,380.0899963378906,375.4700012207031,378.9100036621094,30554400,373.343505859375
2023-12-01,MSFT,376.760009765625,378.1600036621094,371.30999755859375,374.510009765625,33040500,369.0081481933594
2023-12-04,MSFT,369.1000061035156,369.5199890136719,362.8999938964844,369.1400146484375,32063300,363.717041015625
2023-12-05,MSFT,366.4500122070313,373.0799865722656,365.6199951171875,372.5199890136719,23065000,367.0473327636719
2023-12-06,MSFT,373.5400085449219,374.1799926757813,368.0299987792969,368.7999877929687,21182100,363.3820190429687
2023-12-07,MSFT,368.2300109863281,371.4500122070313,366.3200073242187,370.9500122070313,23118900,365.5004577636719
2023-12-08,MSFT,369.2000122070313,374.4599914550781,368.2300109863281,374.2300109863281,20154400,368.7322692871094
2023-12-11,MSFT,368.4800109863281,371.6000061035156,366.1000061035156,371.2999877929687,27708800,365.8452453613281
2023-12-12,MSFT,370.8500061035156,374.4200134277344,370.4599914550781,374.3800048828125,24838300,368.8800659179687
2023-12-13,MSFT,376.0199890136719,377.6400146484375,370.7699890136719,374.3699951171875,30955500,368.8702087402344
2023-12-14,MSFT,373.30999755859375,373.760009765625,364.1300048828125,365.9299926757813,43277500,360.55413818359375
2023-12-15,MSFT,366.8500061035156,372.3999938964844,366.2799987792969,370.7300109863281,78502300,365.2836608886719
2023-12-18,MSFT,369.4500122070313,373.0,368.6799926757813,372.6499938964844,21802900,367.1755065917969
2023-12-19,MSFT,371.489990234375,373.260009765625,369.8399963378906,373.260009765625,20603700,367.7765197753906
2023-12-20,MSFT,375.0,376.0299987792969,370.5299987792969,370.6199951171875,26316700,365.17529296875
2023-12-21,MSFT,372.55999755859375,374.4100036621094,370.0400085449219,373.5400085449219,17708000,368.0523986816406
2023-12-22,MSFT,373.6799926757813,375.1799926757813,372.7099914550781,374.5799865722656,17107500,369.0771179199219
2023-12-26,MSFT,375.0,376.94000244140625,373.5,374.6600036621094,12673100,369.1559448242187
2023-12-27,MSFT,373.69000244140625,375.05999755859375,372.80999755859375,374.0700073242187,14905400,368.5746154785156
2023-12-28,MSFT,375.3699951171875,376.4599914550781,374.1600036621094,375.2799987792969,14327000,369.7668151855469
2023-12-29,MSFT,376.0,377.1600036621094,373.4800109863281,376.0400085449219,18730800,370.51568603515625
2024-01-02,MSFT,373.8599853515625,375.8999938964844,366.7699890136719,370.8699951171875,25258600,365.421630859375
2024-01-03,MSFT,369.010009765625,373.260009765625,368.510009765625,370.6000061035156,23083500,365.1555480957031
2024-01-04,MSFT,370.6700134277344,373.1000061035156,367.1700134277344,367.94000244140625,20901500,362.53460693359375
2024-01-05,MSFT,368.9700012207031,372.05999755859375,366.5,367.75,21004600,362.3474426269531
2024-01-08,MSFT,369.2999877929687,375.2000122070313,369.010009765625,374.69000244140625,23134000,369.1855163574219
2024-01-09,MSFT,372.010009765625,375.989990234375,371.19000244140625,375.7900085449219,20830000,370.2693786621094
2024-01-10,MSFT,376.3699951171875,384.1700134277344,376.3200073242187,382.7699890136719,25514200,377.1467895507813
2024-01-11,MSFT,386.0,390.6799926757813,380.3800048828125,384.6300048828125,27850800,378.9794616699219
2024-01-12,MSFT,385.489990234375,388.6799926757813,384.6499938964844,388.4700012207031,21661200,382.7630615234375
2024-01-16,MSFT,393.6600036621094,394.0299987792969,387.6199951171875,390.2699890136719,27202300,384.5365905761719
2024-01-17,MSFT,387.9800109863281,390.1099853515625,384.80999755859375,389.4700012207031,22234100,383.7483520507813
2024-01-18,MSFT,391.7200012207031,393.989990234375,390.1199951171875,393.8699951171875,23392100,388.0837097167969
2024-01-19,MSFT,395.760009765625,398.6700134277344,393.5,398.6700134277344,29331100,392.8132019042969
2024-01-22,MSFT,400.0199890136719,400.6199951171875,393.5899963378906,396.510009765625,27016900,390.6849060058594
2024-01-23,MSFT,395.75,399.3800048828125,393.9299926757813,398.8999938964844,20525900,393.039794921875
2024-01-24,MSFT,401.5400085449219,405.6300048828125,400.4500122070313,402.55999755859375,24867000,396.6460266113281
2024-01-25,MSFT,404.3200073242187,407.010009765625,402.5299987792969,404.8699951171875,21021200,398.9221496582031
2024-01-26,MSFT,404.3699951171875,406.1700134277344,402.4299926757813,403.9299926757813,17803300,397.9958801269531
2024-01-29,MSFT,406.05999755859375,409.9800109863281,404.3299865722656,409.7200012207031,24510200,403.7008666992187
2024-01-30,MSFT,412.260009765625,413.0499877929687,406.4500122070313,408.5899963378906,33477600,402.5874938964844
2024-01-31,MSFT,406.9599914550781,415.3200073242187,397.2099914550781,397.5799865722656,47871100,391.7392272949219
2024-02-01,MSFT,401.8299865722656,408.0,401.7999877929687,403.7799987792969,30657700,397.8481140136719
2024-02-02,MSFT,403.80999755859375,412.6499938964844,403.55999755859375,411.2200012207031,28256700,405.1788024902344
2024-02-05,MSFT,409.8999938964844,411.1600036621094,403.989990234375,405.6499938964844,25352300,399.690673828125
2024-02-06,MSFT,405.8800048828125,407.9700012207031,402.9100036621094,405.489990234375,18382600,399.5330200195313
2024-02-07,MSFT,407.44000244140625,414.2999877929687,407.3999938964844,414.0499877929687,22340500,407.9672546386719
2024-02-08,MSFT,414.0499877929687,415.55999755859375,412.5299987792969,414.1099853515625,21225300,408.02642822265625
2024-02-09,MSFT,415.25,420.8200073242187,415.0899963378906,420.5499877929687,22032800,414.3717651367187
2024-02-12,MSFT,420.55999755859375,420.739990234375,414.75,415.260009765625,21202900,409.1594848632813
2024-02-13,MSFT,404.94000244140625,410.0700073242187,403.3900146484375,406.3200073242187,27824900,400.350830078125
2024-02-14,MSFT,408.0700073242187,409.8399963378906,404.5700073242187,409.489990234375,20401200,404.2203674316406
2024-02-15,MSFT,408.1400146484375,409.1300048828125,404.2900085449219,406.55999755859375,21825500,401.3280944824219
2024-02-16,MSFT,407.9599914550781,408.2900085449219,403.44000244140625,404.05999755859375,22296500,398.86029052734375
2024-02-20,MSFT,403.239990234375,404.489990234375,398.010009765625,402.7900085449219,24307900,397.6065979003906
2024-02-21,MSFT,400.1700134277344,402.2900085449219,397.2200012207031,402.1799926757813,18518900,397.0044250488281
2024-02-22,MSFT,410.19000244140625,412.8299865722656,408.5700073242187,411.6499938964844,27009900,406.3525390625
2024-02-23,MSFT,415.6700134277344,415.8599853515625,408.9700012207031,410.3399963378906,16295900,405.0594177246094
2024-02-26,MSFT,411.4599914550781,412.1600036621094,407.3599853515625,407.5400085449219,16193500,402.29547119140625
2024-02-27,MSFT,407.989990234375,408.3200073242187,403.8500061035156,407.4800109863281,14835800,402.23626708984375
2024-02-28,MSFT,408.1799926757813,409.2999877929687,405.3200073242187,407.7200012207031,13183100,402.4731750488281
2024-02-29,MSFT,408.6400146484375,414.2000122070313,405.9200134277344,413.6400146484375,31947300,408.3170166015625
2024-03-01,MSFT,411.2699890136719,415.8699951171875,410.8800048828125,415.5,17823400,410.1530151367187
2024-03-04,MSFT,413.44000244140625,417.3500061035156,412.3200073242187,414.9200134277344,17596000,409.58050537109375
2024-03-05,MSFT,413.9599914550781,414.25,400.6400146484375,402.6499938964844,26919200,397.4684143066406
2024-03-06,MSFT,402.9700012207031,405.1600036621094,398.3900146484375,402.0899963378906,22344100,396.91558837890625
2024-03-07,MSFT,406.1199951171875,409.7799987792969,402.239990234375,409.1400146484375,18718500,403.8749084472656
2024-03-08,MSFT,407.9599914550781,410.4200134277344,404.3299865722656,406.2200012207031,18002200,400.9924926757813
2024-03-11,MSFT,403.760009765625,405.6799926757813,401.260009765625,404.5199890136719,16120800,399.3143615722656
2024-03-12,MSFT,407.6199951171875,415.5700073242187,406.7900085449219,415.2799987792969,22457000,409.9358520507813
2024-03-13,MSFT,418.1000061035156,418.1799926757813,411.4500122070313,415.1000061035156,17115900,409.7582092285156
2024-03-14,MSFT,420.239990234375,427.8200073242187,417.989990234375,425.2200012207031,34157300,419.74798583984375
2024-03-15,MSFT,419.2900085449219,422.6000061035156,412.7900085449219,416.4200134277344,45079900,411.0611877441406
2024-03-18,MSFT,414.25,420.7300109863281,413.7799987792969,417.3200073242187,20106000,411.9495849609375
2024-03-19,MSFT,417.8299865722656,421.6700134277344,415.5499877929687,421.4100036621094,19837900,415.9869689941406
2024-03-20,MSFT,422.0,425.9599914550781,420.6600036621094,425.2300109863281,17860100,419.7578125
2024-03-21,MSFT,429.8299865722656,430.8200073242187,427.1600036621094,429.3699951171875,21296200,423.8445434570313
2024-03-22,MSFT,429.7000122070313,429.8599853515625,426.0700073242187,428.739990234375,17648500,423.22265625
2024-03-25,MSFT,425.239990234375,427.4100036621094,421.6099853515625,422.8599853515625,18060500,417.4183349609375
2024-03-26,MSFT,425.6099853515625,425.989990234375,421.3500061035156,421.6499938964844,16725600,416.223876953125
2024-03-27,MSFT,424.44000244140625,424.4500122070313,419.010009765625,421.4299926757813,16705000,416.0067138671875
2024-03-28,MSFT,420.9599914550781,421.8699951171875,419.1199951171875,420.7200012207031,21871200,415.3058471679687
2024-04-01,MSFT,423.9500122070313,427.8900146484375,422.2200012207031,424.5700073242187,16316000,419.1063232421875
2024-04-02,MSFT,420.1099853515625,422.3800048828125,417.8399963378906,421.44000244140625,17912000,416.0165710449219
2024-04-03,MSFT,419.7300109863281,423.260009765625,419.0899963378906,420.4500122070313,16502300,415.0393676757813
2024-04-04,MSFT,424.989990234375,428.6700134277344,417.5700073242187,417.8800048828125,19370900,412.5024108886719
2024-04-05,MSFT,420.010009765625,426.510009765625,418.3200073242187,425.5199890136719,16554800,420.0440979003906
2024-04-08,MSFT,425.1700134277344,427.2799987792969,423.2999877929687,424.5899963378906,14272400,419.1260681152344
2024-04-09,MSFT,426.44000244140625,427.739990234375,421.6199951171875,426.2799987792969,12496900,420.7943420410156
2024-04-10,MSFT,422.19000244140625,424.0299987792969,419.7000122070313,423.260009765625,16216600,417.8131713867187
2024-04-11,MSFT,425.8200073242187,429.3699951171875,422.3599853515625,427.9299926757813,17966400,422.423095703125
2024-04-12,MSFT,424.0499877929687,425.1799926757813,419.7699890136719,421.8999938964844,19253800,416.4706726074219
2024-04-15,MSFT,426.6000061035156,426.8200073242187,413.4299926757813,413.6400146484375,20273500,408.3170166015625
2024-04-16,MSFT,414.5700073242187,418.3999938964844,413.7300109863281,414.5799865722656,16765600,409.2449035644531
2024-04-17,MSFT,417.25,418.8800048828125,410.3299865722656,411.8399963378906,15855500,406.5401306152344
2024-04-18,MSFT,410.6300048828125,411.8900146484375,403.9500122070313,404.2699890136719,21029900,399.0675048828125
2024-04-19,MSFT,404.0299987792969,405.4800109863281,397.7699890136719,399.1199951171875,30565800,393.98382568359375
2024-04-22,MSFT,400.0799865722656,402.8500061035156,395.75,400.9599914550781,20286900,395.8001403808594
2024-04-23,MSFT,404.239990234375,408.2000122070313,403.05999755859375,407.5700073242187,15734500,402.3251037597656
2024-04-24,MSFT,409.55999755859375,412.4700012207031,406.7799987792969,409.05999755859375,15065300,403.7959289550781
2024-04-25,MSFT,394.0299987792969,399.8900146484375,388.0299987792969,399.0400085449219,40586500,393.9049072265625
2024-04-26,MSFT,412.1700134277344,413.0,405.760009765625,406.3200073242187,29694700,401.0912170410156
2024-04-29,MSFT,405.25,406.3200073242187,399.19000244140625,402.25,19582100,397.0735473632813
2024-04-30,MSFT,401.489990234375,402.1600036621094,389.1700134277344,389.3299865722656,28781400,384.3197937011719
2024-05-01,MSFT,392.6099853515625,401.7200012207031,390.30999755859375,394.94000244140625,23562500,389.8576354980469
2024-05-02,MSFT,397.6600036621094,399.9299926757813,394.6499938964844,397.8399963378906,17709400,392.7203063964844
2024-05-03,MSFT,402.2799987792969,407.1499938964844,401.8599853515625,406.6600036621094,17446700,401.4267883300781
2024-05-06,MSFT,408.760009765625,413.9299926757813,406.3699951171875,413.5400085449219,16996600,408.21826171875
2024-05-07,MSFT,414.6600036621094,414.6700134277344,409.0899963378906,409.3399963378906,20018200,404.07232666015625
2024-05-08,MSFT,408.1700134277344,412.2300109863281,406.7099914550781,410.5400085449219,11792300,405.25689697265625
2024-05-09,MSFT,410.5700073242187,412.7200012207031,409.1000061035156,412.3200073242187,14689700,407.0139465332031
2024-05-10,MSFT,412.94000244140625,415.3800048828125,411.7999877929687,414.739990234375,13402300,409.40283203125
2024-05-13,MSFT,418.010009765625,418.3500061035156,410.8200073242187,413.7200012207031,15440200,408.39593505859375
2024-05-14,MSFT,412.0199890136719,417.489990234375,411.5499877929687,416.55999755859375,15109300,411.1993713378906
2024-05-15,MSFT,417.8999938964844,423.80999755859375,417.2699890136719,423.0799865722656,22239500,418.3887939453125
2024-05-16,MSFT,421.7999877929687,425.4200134277344,420.3500061035156,420.989990234375,17530100,416.3219299316406
2024-05-17,MSFT,422.5400085449219,422.9200134277344,418.0299987792969,420.2099914550781,15352200,415.5505981445313
2024-05-20,MSFT,420.2099914550781,426.7699890136719,419.989990234375,425.3399963378906,16272100,420.6237182617187
2024-05-21,MSFT,426.8299865722656,432.9700012207031,424.8500061035156,429.0400085449219,21453300,424.28271484375
2024-05-22,MSFT,430.0899963378906,432.4100036621094,427.1300048828125,430.5199890136719,18073700,425.7463073730469
2024-05-23,MSFT,432.9700012207031,433.6000061035156,425.4200134277344,427.0,17211700,422.2653503417969
2024-05-24,MSFT,427.19000244140625,431.05999755859375,424.4100036621094,430.1600036621094,11855300,425.3903198242187
2024-05-28,MSFT,429.6300048828125,430.8200073242187,426.6000061035156,430.3200073242187,15718000,425.5484924316406
2024-05-29,MSFT,425.69000244140625,430.94000244140625,425.69000244140625,429.1700134277344,15517100,424.4112854003906
2024-05-30,MSFT,424.2999877929687,424.2999877929687,414.239990234375,414.6700134277344,28394500,410.0720520019531
2024-05-31,MSFT,416.75,416.75,404.510009765625,415.1300048828125,47995300,410.5269775390625
2024-06-03,MSFT,415.5299987792969,416.4299926757813,408.9200134277344,413.5199890136719,17484700,408.9347839355469
2024-06-04,MSFT,412.4299926757813,416.44000244140625,409.6799926757813,416.0700073242187,14348900,411.45654296875
2024-06-05,MSFT,417.80999755859375,424.0799865722656,416.2999877929687,424.010009765625,16988000,419.3085021972656
2024-06-06,MSFT,424.010009765625,425.30999755859375,420.5799865722656,424.5199890136719,14861300,419.8128051757813
2024-06-07,MSFT,426.2000122070313,426.2799987792969,423.0,423.8500061035156,13621700,419.1502685546875
2024-06-10,MSFT,424.7000122070313,428.0799865722656,423.8900146484375,427.8699951171875,13982900,423.1257019042969
2024-06-11,MSFT,425.4800109863281,432.8200073242187,425.25,432.6799926757813,14551100,427.88232421875
2024-06-12,MSFT,435.3200073242187,443.3999938964844,433.25,441.05999755859375,22366200,436.1694641113281
2024-06-13,MSFT,440.8500061035156,443.3900146484375,439.3699951171875,441.5799865722656,15960600,436.68365478515625
2024-06-14,MSFT,438.2799987792969,443.1400146484375,436.7200012207031,442.5700073242187,13582000,437.6626892089844
2024-06-17,MSFT,442.5899963378906,450.94000244140625,440.7200012207031,448.3699951171875,20790000,443.3983459472656
2024-06-18,MSFT,449.7099914550781,450.1400146484375,444.8900146484375,446.3399963378906,17112500,441.390869140625
2024-06-20,MSFT,446.2999877929687,446.5299987792969,441.2699890136719,445.7000122070313,19877400,440.7579956054687
2024-06-21,MSFT,447.3800048828125,450.5799865722656,446.510009765625,449.7799987792969,34187100,444.792724609375
2024-06-24,MSFT,449.7999877929687,452.75,446.4100036621094,447.6700134277344,15913700,442.7061767578125
2024-06-25,MSFT,448.25,451.4200134277344,446.75,450.9500122070313,16413400,445.94976806640625
2024-06-26,MSFT,449.0,453.6000061035156,448.19000244140625,452.1600036621094,16507000,447.1463623046875
2024-06-27,MSFT,452.1799926757813,456.1700134277344,451.7699890136719,452.8500061035156,14806300,447.8287048339844
2024-06-28,MSFT,453.0700073242187,455.3800048828125,446.4100036621094,446.9500122070313,28362300,441.994140625
2024-07-01,MSFT,448.6600036621094,457.3699951171875,445.6600036621094,456.7300109863281,17662800,451.6656799316406
2024-07-02,MSFT,453.2000122070313,459.5899963378906,453.1099853515625,459.2799987792969,13979800,454.1874084472656
2024-07-03,MSFT,458.19000244140625,461.0199890136719,457.8800048828125,460.7699890136719,9932800,455.6608581542969
2024-07-05,MSFT,459.6099853515625,468.3500061035156,458.9700012207031,467.55999755859375,16000300,462.3756103515625
2024-07-08,MSFT,466.5499877929687,467.7000122070313,464.4599914550781,466.239990234375,12962300,461.0702209472656
2024-07-09,MSFT,467.0,467.3299865722656,458.0,459.5400085449219,17207200,454.4445190429687
2024-07-10,MSFT,461.2200012207031,466.4599914550781,458.8599853515625,466.25,18196100,461.0801086425781
2024-07-11,MSFT,462.9800109863281,464.7799987792969,451.5499877929687,454.7000122070313,23111200,449.6581726074219
2024-07-12,MSFT,454.3299865722656,456.3599853515625,450.6499938964844,453.5499877929687,16324300,448.5209655761719
2024-07-15,MSFT,453.2999877929687,457.260009765625,451.4299926757813,453.9599914550781,14429400,448.9264221191406
2024-07-16,MSFT,454.2200012207031,454.2999877929687,446.6600036621094,449.5199890136719,17175700,444.53564453125
2024-07-17,MSFT,442.5899963378906,444.8500061035156,439.1799926757813,443.5199890136719,21778000,438.60211181640625
2024-07-18,MSFT,444.3399963378906,444.6499938964844,434.3999938964844,440.3699951171875,20794800,435.487060546875
2024-07-19,MSFT,433.1000061035156,441.1400146484375,432.0,437.1099853515625,20940400,432.26324462890625
2024-07-22,MSFT,441.7900085449219,444.6000061035156,438.9100036621094,442.94000244140625,15808800,438.0285949707031
2024-07-23,MSFT,443.8999938964844,448.3900146484375,443.1000061035156,444.8500061035156,13107100,439.91741943359375
2024-07-24,MSFT,440.4500122070313,441.4800109863281,427.5899963378906,428.8999938964844,26805800,424.1441955566406
2024-07-25,MSFT,428.7999877929687,429.7999877929687,417.510009765625,418.3999938964844,29943800,413.7607116699219
2024-07-26,MSFT,418.2000122070313,428.9200134277344,417.2699890136719,425.2699890136719,23583800,420.5545043945313
2024-07-29,MSFT,431.5799865722656,432.1499938964844,424.7000122070313,426.7300109863281,15125800,421.9983215332031
2024-07-30,MSFT,427.7200012207031,429.0499877929687,417.3599853515625,422.9200134277344,32687600,418.2305603027344
2024-07-31,MSFT,420.5,421.7799987792969,412.2099914550781,418.3500061035156,42891400,413.7113037109375
2024-08-01,MSFT,420.7900085449219,427.4599914550781,413.0899963378906,417.1099853515625,30296400,412.4849548339844
2024-08-02,MSFT,412.489990234375,415.0,404.3399963378906,408.489990234375,29437900,403.9605712890625
2024-08-05,MSFT,389.1700134277344,401.0400085449219,385.5799865722656,395.1499938964844,40709200,390.7684631347656
2024-08-06,MSFT,400.0,405.6700134277344,398.5,399.6099853515625,24946500,395.1790466308594
2024-08-07,MSFT,408.6400146484375,410.0799865722656,397.4700012207031,398.4299926757813,20650900,394.0121154785156
2024-08-08,MSFT,402.44000244140625,405.8599853515625,399.94000244140625,402.69000244140625,20203000,398.2248840332031
2024-08-09,MSFT,404.0299987792969,408.0499877929687,402.260009765625,406.0199890136719,19276700,401.5179138183594
2024-08-12,MSFT,407.05999755859375,408.760009765625,404.239990234375,406.80999755859375,16762900,402.2991943359375
2024-08-13,MSFT,409.5899963378906,414.9500122070313,409.5700073242187,414.010009765625,19414300,409.41937255859375
2024-08-14,MSFT,414.7999877929687,417.7200012207031,412.4500122070313,416.8599853515625,18267000,412.23773193359375
2024-08-15,MSFT,419.7999877929687,421.1099853515625,417.6600036621094,421.0299987792969,20752100,417.1119995117187
2024-08-16,MSFT,420.6000061035156,421.3399963378906,417.2999877929687,418.4700012207031,22775600,414.5757751464844
2024-08-19,MSFT,418.9599914550781,421.75,416.4599914550781,421.5299987792969,15234000,417.6072998046875
2024-08-20,MSFT,421.7000122070313,425.8599853515625,421.6400146484375,424.7999877929687,16387600,420.8468933105469
2024-08-21,MSFT,424.0799865722656,426.3999938964844,421.7200012207031,424.1400146484375,16067300,420.1930541992187
2024-08-22,MSFT,424.3599853515625,426.7900085449219,414.6099853515625,415.5499877929687,19361900,411.6829528808594
2024-08-23,MSFT,416.9800109863281,419.260009765625,412.0899963378906,416.7900085449219,18493800,412.9114379882813
2024-08-26,MSFT,416.3699951171875,417.2799987792969,411.3399963378906,413.489990234375,13152800,409.6421813964844
2024-08-27,MSFT,412.8599853515625,414.3599853515625,410.25,413.8399963378906,13492900,409.9888916015625
2024-08-28,MSFT,414.8800048828125,415.0,407.30999755859375,410.6000061035156,14882700,406.779052734375
2024-08-29,MSFT,414.94000244140625,422.0499877929687,410.6000061035156,413.1199951171875,17045200,409.2756042480469
2024-08-30,MSFT,415.6000061035156,417.489990234375,412.1300048828125,417.1400146484375,24308300,413.2581481933594
2024-09-03,MSFT,417.9100036621094,419.8800048828125,407.0299987792969,409.44000244140625,20313600,405.6298522949219
2024-09-04,MSFT,405.9100036621094,411.239990234375,404.3699951171875,408.8999938964844,15135800,405.0948791503906
2024-09-05,MSFT,407.6199951171875,413.1000061035156,406.1300048828125,408.3900146484375,14195500,404.5896301269531
2024-09-06,MSFT,409.05999755859375,410.6499938964844,400.7999877929687,401.7000122070313,19609500,397.9618835449219
2024-09-09,MSFT,407.239990234375,408.6499938964844,402.1499938964844,405.7200012207031,15295100,401.9444580078125
2024-09-10,MSFT,408.2000122070313,416.3299865722656,407.7000122070313,414.2000122070313,19594300,410.3455200195313
2024-09-11,MSFT,415.5,423.989990234375,409.5799865722656,423.0400085449219,19266900,419.103271484375
2024-09-12,MSFT,423.30999755859375,427.3699951171875,419.75,427.0,17395700,423.02642822265625
2024-09-13,MSFT,425.8299865722656,431.8299865722656,425.4599914550781,430.5899963378906,15874600,426.5830078125
2024-09-16,MSFT,430.6000061035156,433.5299987792969,428.2200012207031,431.3399963378906,13834700,427.3260498046875
2024-09-17,MSFT,440.2300109863281,441.8500061035156,432.2699890136719,435.1499938964844,18874200,431.1005859375
2024-09-18,MSFT,435.0,436.0299987792969,430.4100036621094,430.80999755859375,18898000,426.8009643554687
2024-09-19,MSFT,441.2300109863281,441.5,436.8999938964844,438.69000244140625,21706600,434.6076354980469
2024-09-20,MSFT,437.2200012207031,439.239990234375,434.2200012207031,435.2699890136719,55167100,431.2194519042969
2024-09-23,MSFT,434.2799987792969,436.4599914550781,430.3900146484375,433.510009765625,15128900,429.4758605957031
2024-09-24,MSFT,433.0,433.3500061035156,426.1000061035156,429.1700134277344,17015800,425.1762390136719
2024-09-25,MSFT,429.8299865722656,433.1199951171875,428.5700073242187,432.1099853515625,13396400,428.0888671875
2024-09-26,MSFT,435.0899963378906,435.2999877929687,429.1300048828125,431.30999755859375,14492000,427.29632568359375
2024-09-27,MSFT,431.5199890136719,431.8500061035156,427.4700012207031,428.0199890136719,14896100,424.0369262695313
2024-09-30,MSFT,428.2099914550781,430.4200134277344,425.3699951171875,430.2999877929687,16807300,426.2956848144531
2024-10-01,MSFT,428.4500122070313,428.4800109863281,418.80999755859375,420.69000244140625,19092900,416.7751159667969
2024-10-02,MSFT,422.5799865722656,422.8200073242187,416.7099914550781,417.1300048828125,16582300,413.248291015625
2024-10-03,MSFT,417.6300048828125,419.5499877929687,414.2900085449219,416.5400085449219,13686400,412.6637878417969
2024-10-04,MSFT,418.239990234375,419.75,414.9700012207031,416.05999755859375,19169700,412.188232421875
2024-10-07,MSFT,416.0,417.1099853515625,409.0,409.5400085449219,20919800,405.72894287109375
2024-10-08,MSFT,410.8999938964844,415.6600036621094,408.1700134277344,414.7099914550781,19229300,410.8507995605469
2024-10-09,MSFT,415.8599853515625,420.3800048828125,414.2999877929687,417.4599914550781,14974300,413.5751953125
2024-10-10,MSFT,415.2300109863281,417.3500061035156,413.1499938964844,415.8399963378906,13848400,411.97027587890625
2024-10-11,MSFT,416.1400146484375,417.1300048828125,413.25,416.3200073242187,14144900,412.44580078125
2024-10-14,MSFT,417.7699890136719,424.0400085449219,417.5199890136719,419.1400146484375,16653100,415.2395629882813
2024-10-15,MSFT,422.1799926757813,422.4800109863281,415.260009765625,418.739990234375,18900200,414.84326171875
2024-10-16,MSFT,415.1700134277344,416.3599853515625,410.4800109863281,416.1199951171875,15508900,412.2476501464844
2024-10-17,MSFT,422.3599853515625,422.5,415.5899963378906,416.7200012207031,14820000,412.8421020507813
2024-10-18,MSFT,417.1400146484375,419.6499938964844,416.260009765625,418.1600036621094,17145300,414.2686767578125
2024-10-21,MSFT,416.1199951171875,418.9599914550781,413.75,418.7799987792969,14206100,414.8829650878906
2024-10-22,MSFT,418.489990234375,430.5799865722656,418.0400085449219,427.510009765625,25482200,423.5317077636719
2024-10-23,MSFT,430.8599853515625,431.0799865722656,422.5299987792969,424.6000061035156,19654400,420.6487731933594
2024-10-24,MSFT,425.3299865722656,425.9800109863281,422.3999938964844,424.7300109863281,13581600,420.7775268554687
2024-10-25,MSFT,426.760009765625,432.5199890136719,426.5700073242187,428.1499938964844,16899100,424.1657104492187
2024-10-28,MSFT,431.6600036621094,431.94000244140625,426.2999877929687,426.5899963378906,14882400,422.6202392578125
2024-10-29,MSFT,428.0,433.1700134277344,425.7999877929687,431.9500122070313,17644100,427.9303894042969
2024-10-30,MSFT,437.44000244140625,438.5,432.1000061035156,432.5299987792969,29749100,428.50494384765625
2024-10-31,MSFT,415.3599853515625,416.1600036621094,406.2999877929687,406.3500061035156,53971000,402.568603515625
2024-11-01,MSFT,409.010009765625,415.5,407.5,410.3699951171875,24230400,406.5511779785156
2024-11-04,MSFT,409.7999877929687,410.4200134277344,405.5700073242187,408.4599914550781,19672300,404.6589050292969
2024-11-05,MSFT,408.3699951171875,414.8999938964844,408.0799865722656,411.4599914550781,17626000,407.6310424804687
2024-11-06,MSFT,412.4200134277344,420.4500122070313,410.5199890136719,420.1799926757813,26681800,416.2698974609375
2024-11-07,MSFT,421.2799987792969,426.8500061035156,419.8800048828125,425.4299926757813,19901800,421.4710388183594
2024-11-08,MSFT,425.3200073242187,426.5,421.7799987792969,422.5400085449219,16891400,418.6079406738281
2024-11-11,MSFT,422.5199890136719,424.80999755859375,416.0,418.010009765625,24503300,414.1200866699219
2024-11-12,MSFT,418.25,424.44000244140625,417.2000122070313,423.0299987792969,19401200,419.0933837890625
2024-11-13,MSFT,421.6400146484375,429.3299865722656,418.2099914550781,425.2000122070313,21502200,421.24322509765625
2024-11-14,MSFT,425.0,428.1700134277344,420.0,426.8900146484375,30246900,422.91748046875
2024-11-15,MSFT,419.8200073242187,422.7999877929687,413.6400146484375,415.0,28247600,411.1380920410156
2024-11-18,MSFT,414.8699951171875,418.3999938964844,412.1000061035156,415.760009765625,24727000,411.8910217285156
2024-11-19,MSFT,413.1099853515625,417.94000244140625,411.5499877929687,417.7900085449219,18133500,413.9021606445313
2024-11-20,MSFT,416.8699951171875,417.2900085449219,410.5799865722656,415.489990234375,19191700,411.62353515625
2024-11-21,MSFT,419.5,419.7799987792969,410.2900085449219,412.8699951171875,20780200,409.84661865234375
2024-11-22,MSFT,411.3699951171875,417.3999938964844,411.05999755859375,417.0,24814600,413.9464111328125
2024-11-25,MSFT,418.3800048828125,421.0799865722656,414.8500061035156,418.7900085449219,27691100,415.7232971191406
2024-11-26,MSFT,419.5899963378906,429.0400085449219,418.8500061035156,427.989990234375,23458900,424.8559265136719
2024-11-27,MSFT,425.1099853515625,427.2300109863281,422.0199890136719,422.989990234375,18332400,419.8925476074219
2024-11-29,MSFT,420.0899963378906,424.8800048828125,417.7999877929687,423.4599914550781,16271900,420.3591003417969
2024-12-02,MSFT,421.5700073242187,433.0,421.30999755859375,430.9800109863281,20207200,427.8240661621094
2024-12-03,MSFT,429.8399963378906,432.4700012207031,427.739990234375,431.2000122070313,18302000,428.04241943359375
2024-12-04,MSFT,433.0299987792969,439.6700134277344,432.6300048828125,437.4200134277344,26009400,434.2168884277344
2024-12-05,MSFT,437.9200134277344,444.6600036621094,436.1700134277344,442.6199951171875,21697800,439.3787536621094
2024-12-06,MSFT,442.2999877929687,446.1000061035156,441.7699890136719,443.5700073242187,18821000,440.3218078613281
2024-12-09,MSFT,442.6000061035156,448.3299865722656,440.5,446.0199890136719,19144400,442.75384521484375
2024-12-10,MSFT,444.3900146484375,449.6199951171875,441.6000061035156,443.3299865722656,18469500,440.0835876464844
2024-12-11,MSFT,444.0499877929687,450.3500061035156,444.0499877929687,448.989990234375,19200200,445.7021484375
2024-12-12,MSFT,449.1099853515625,456.1600036621094,449.1099853515625,449.55999755859375,20834800,446.2679748535156
2024-12-13,MSFT,448.44000244140625,451.4299926757813,445.5799865722656,447.2699890136719,20177800,443.9947204589844
2024-12-16,MSFT,447.2699890136719,452.1799926757813,445.2799987792969,451.5899963378906,23598800,448.2831115722656
2024-12-17,MSFT,451.010009765625,455.2900085449219,449.5700073242187,454.4599914550781,22733500,451.132080078125
2024-12-18,MSFT,451.3200073242187,452.6499938964844,437.0199890136719,437.3900146484375,24444500,434.1871337890625
2024-12-19,MSFT,441.6199951171875,443.1799926757813,436.3200073242187,437.0299987792969,22963700,433.8297119140625
2024-12-20,MSFT,433.1099853515625,443.739990234375,428.6300048828125,436.6000061035156,64263700,433.40289306640625
2024-12-23,MSFT,436.739990234375,437.6499938964844,432.8299865722656,435.25,19152500,432.0627746582031
2024-12-24,MSFT,434.6499938964844,439.6000061035156,434.19000244140625,439.3299865722656,7164500,436.11285400390625
2024-12-26,MSFT,439.0799865722656,440.94000244140625,436.6300048828125,438.1099853515625,8194200,434.9018249511719
2024-12-27,MSFT,434.6000061035156,435.2200012207031,426.3500061035156,430.5299987792969,18117700,427.3773193359375
2024-12-30,MSFT,426.05999755859375,427.5499877929687,421.8999938964844,424.8299865722656,13158700,421.7190246582031
2024-12-31,MSFT,426.1000061035156,426.7300109863281,420.6600036621094,421.5,13246500,418.4134521484375
2025-01-02,MSFT,425.5299987792969,426.0700073242187,414.8500061035156,418.5799865722656,16896500,415.5148315429687
2025-01-03,MSFT,421.0799865722656,424.0299987792969,419.5400085449219,423.3500061035156,16662900,420.2499084472656
2025-01-06,MSFT,428.0,434.3200073242187,425.4800109863281,427.8500061035156,20573600,424.7169494628906
2025-01-07,MSFT,429.0,430.6499938964844,420.7999877929687,422.3699951171875,18139100,419.2770690917969
2025-01-08,MSFT,423.4599914550781,426.9700012207031,421.5400085449219,424.55999755859375,15054600,421.4510803222656
2025-01-10,MSFT,424.6300048828125,424.7099914550781,415.0199890136719,418.9500122070313,20201100,415.8821105957031
2025-01-13,MSFT,415.239990234375,418.5,412.2900085449219,417.19000244140625,17604800,414.135009765625
2025-01-14,MSFT,417.80999755859375,419.739990234375,410.7200012207031,415.6700134277344,16935900,412.6261596679687
2025-01-15,MSFT,419.1300048828125,428.1499938964844,418.2699890136719,426.30999755859375,19637800,423.188232421875
2025-01-16,MSFT,428.7000122070313,429.489990234375,424.3900146484375,424.5799865722656,15300000,421.4708557128906
2025-01-17,MSFT,434.0899963378906,434.4800109863281,428.1700134277344,429.0299987792969,26197500,425.8883361816406
2025-01-21,MSFT,430.2000122070313,430.8999938964844,425.6000061035156,428.5,26085700,425.3621826171875
2025-01-22,MSFT,437.55999755859375,447.2699890136719,436.0,446.2000122070313,27803800,442.9326171875
2025-01-23,MSFT,442.0,446.75,441.5,446.7099914550781,18389300,443.4388122558594
2025-01-24,MSFT,445.1600036621094,446.6499938964844,441.3999938964844,444.05999755859375,15549500,440.8082275390625
2025-01-27,MSFT,424.010009765625,435.2000122070313,423.5,434.55999755859375,35647800,431.3778076171875
2025-01-28,MSFT,434.6000061035156,448.3800048828125,431.3800048828125,447.2000122070313,23491700,443.9252624511719
2025-01-29,MSFT,446.69000244140625,446.8800048828125,440.3999938964844,442.3299865722656,23581400,439.0909118652344
2025-01-30,MSFT,418.7699890136719,422.8599853515625,413.1600036621094,414.989990234375,54586300,411.95111083984375
2025-01-31,MSFT,418.9800109863281,420.69000244140625,414.9100036621094,415.05999755859375,34161900,412.0206298828125
2025-02-03,MSFT,411.6000061035156,415.4100036621094,408.6600036621094,410.9200134277344,25679100,407.9109497070313
2025-02-04,MSFT,412.69000244140625,413.9200134277344,409.739990234375,412.3699951171875,20532100,409.3503112792969
2025-02-05,MSFT,412.3500061035156,413.8299865722656,410.3999938964844,413.2900085449219,16316700,410.26361083984375
2025-02-06,MSFT,414.0,418.2000122070313,414.0,415.8200073242187,16309800,412.7750549316406
2025-02-07,MSFT,416.4800109863281,418.6499938964844,408.1000061035156,409.75,22886800,406.7494812011719
2025-02-10,MSFT,413.7099914550781,415.4599914550781,410.9200134277344,412.2200012207031,20817900,409.201416015625
2025-02-11,MSFT,409.6400146484375,412.489990234375,409.2999877929687,411.44000244140625,18140600,408.4271240234375
2025-02-12,MSFT,407.2099914550781,410.75,404.3699951171875,409.0400085449219,19121700,406.0447082519531
2025-02-13,MSFT,407.0,411.0,406.3599853515625,410.5400085449219,23891700,407.5337219238281
2025-02-14,MSFT,407.7900085449219,408.9100036621094,405.8800048828125,408.4299926757813,22758500,405.4391479492187
2025-02-18,MSFT,408.0,410.6000061035156,406.5,409.6400146484375,21423100,406.6403198242187
2025-02-19,MSFT,407.8800048828125,415.489990234375,407.6499938964844,414.7699890136719,24114200,411.7327270507813
2025-02-20,MSFT,415.2900085449219,419.30999755859375,412.5400085449219,416.1300048828125,23508700,413.91107177734375
2025-02-21,MSFT,417.3399963378906,418.0499877929687,407.8900146484375,408.2099914550781,27524800,406.03326416015625
2025-02-24,MSFT,408.510009765625,409.3699951171875,399.3200073242187,404.0,26443700,401.8457336425781
2025-02-25,MSFT,401.1000061035156,401.9200134277344,396.7000122070313,397.8999938964844,29387400,395.7782287597656
2025-02-26,MSFT,398.010009765625,403.6000061035156,394.25,399.7300109863281,19619000,397.5985107421875
2025-02-27,MSFT,401.2699890136719,405.739990234375,392.1700134277344,392.5299987792969,21127400,390.4369201660156
2025-02-28,MSFT,392.6600036621094,397.6300048828125,386.5700073242187,396.989990234375,32845700,394.87310791015625
2025-03-03,MSFT,398.8200073242187,398.8200073242187,386.1600036621094,388.489990234375,23007700,386.4184265136719
2025-03-04,MSFT,383.3999938964844,392.5799865722656,381.0,388.6099853515625,29342900,386.5377807617187
2025-03-05,MSFT,389.3399963378906,401.6700134277344,388.80999755859375,401.0199890136719,23433100,398.8816223144531
2025-03-06,MSFT,394.2799987792969,402.1499938964844,392.6799926757813,396.8900146484375,23304600,394.773681640625
2025-03-07,MSFT,392.3200073242187,394.7999877929687,385.5400085449219,393.30999755859375,22034100,391.2127380371094
2025-03-10,MSFT,385.8399963378906,386.3999938964844,377.2200012207031,380.1600036621094,32840100,378.13287353515625
2025-03-11,MSFT,379.0,386.0,376.9100036621094,380.4500122070313,30380200,378.42132568359375
2025-03-12,MSFT,382.9500122070313,385.2200012207031,378.9500122070313,383.2699890136719,24253600,381.2262878417969
2025-03-13,MSFT,383.1600036621094,385.3200073242187,377.4500122070313,378.7699890136719,20473000,376.750244140625
2025-03-14,MSFT,379.7799987792969,390.2300109863281,379.510009765625,388.55999755859375,19952800,386.4880676269531
2025-03-17,MSFT,386.7000122070313,392.7099914550781,385.5700073242187,388.7000122070313,22474300,386.6273193359375
2025-03-18,MSFT,387.0700073242187,387.3699951171875,381.1000061035156,383.5199890136719,19486900,381.4749145507813
2025-03-19,MSFT,385.5299987792969,389.6799926757813,384.0,387.8200073242187,19185500,385.7520446777344
2025-03-20,MSFT,385.739990234375,391.7900085449219,383.2799987792969,386.8399963378906,18470500,384.7772216796875
2025-03-21,MSFT,383.2200012207031,391.739990234375,382.7999877929687,391.260009765625,39675900,389.1736755371094
2025-03-24,MSFT,395.3999938964844,395.3999938964844,389.80999755859375,393.0799865722656,21004500,390.98394775390625
2025-03-25,MSFT,393.9200134277344,396.3599853515625,392.6400146484375,395.1600036621094,15775000,393.0528869628906
2025-03-26,MSFT,395.0,395.30999755859375,388.5700073242187,389.9700012207031,16108400,387.89056396484375
2025-03-27,MSFT,390.1300048828125,392.239990234375,387.3999938964844,390.5799865722656,13766800,388.4972839355469
2025-03-28,MSFT,388.0799865722656,389.1300048828125,376.9299926757813,378.7999877929687,21632000,376.7800903320313
2025-03-31,MSFT,372.5400085449219,377.0700073242187,367.239990234375,375.3900146484375,35184700,373.3883056640625
2025-04-01,MSFT,374.6499938964844,382.8500061035156,373.2300109863281,382.19000244140625,19689500,380.1520385742187
2025-04-02,MSFT,377.9700012207031,385.0799865722656,376.6199951171875,382.1400146484375,16092600,380.1023254394531
2025-04-03,MSFT,374.7900085449219,377.4800109863281,369.3500061035156,373.1099853515625,30198000,371.1204223632813
2025-04-04,MSFT,364.1300048828125,374.5899963378906,359.4800109863281,359.8399963378906,49209900,357.9212341308594
2025-04-07,MSFT,350.8800048828125,371.0,344.7900085449219,357.8599853515625,50425000,355.9517822265625
2025-04-08,MSFT,368.260009765625,373.6499938964844,350.25,354.55999755859375,35868900,352.66937255859375
2025-04-09,MSFT,353.5400085449219,393.2300109863281,353.1000061035156,390.489990234375,50199700,388.4077453613281
2025-04-10,MSFT,382.05999755859375,383.8999938964844,367.7999877929687,381.3500061035156,38024400,379.3165283203125
2025-04-11,MSFT,380.6400146484375,390.0499877929687,378.8900146484375,388.4500122070313,23839200,386.3786926269531
2025-04-14,MSFT,393.2200012207031,394.6499938964844,384.2099914550781,387.80999755859375,19251200,385.7420654296875
2025-04-15,MSFT,388.510009765625,391.8900146484375,384.1600036621094,385.7300109863281,17199900,383.6731872558594
2025-04-16,MSFT,380.6700134277344,381.6099853515625,368.0,371.6099853515625,21967800,369.6284484863281
2025-04-17,MSFT,373.75,374.3200073242187,366.8900146484375,367.7799987792969,21120200,365.8188781738281
2025-04-21,MSFT,362.8200073242187,364.4800109863281,355.6700134277344,359.1199951171875,20807300,357.2050476074219
2025-04-22,MSFT,363.3800048828125,367.7699890136719,359.8599853515625,366.8200073242187,19485000,364.864013671875
2025-04-23,MSFT,376.05999755859375,380.3900146484375,373.0199890136719,374.3900146484375,20545500,372.39361572265625
2025-04-24,MSFT,375.7000122070313,388.4500122070313,375.19000244140625,387.2999877929687,22232300,385.2347717285156
2025-04-25,MSFT,387.0,392.1600036621094,384.6000061035156,391.8500061035156,18973200,389.7605285644531
2025-04-28,MSFT,391.9599914550781,392.739990234375,386.6400146484375,391.1600036621094,16579400,389.0741882324219
2025-04-29,MSFT,391.2999877929687,395.1000061035156,390.3800048828125,394.0400085449219,14974000,391.9388732910156
2025-04-30,MSFT,390.2999877929687,396.6600036621094,384.44000244140625,395.260009765625,36461100,393.15234375
2025-05-01,MSFT,431.1099853515625,436.989990234375,424.8999938964844,425.3999938964844,58938100,423.1316223144531
2025-05-02,MSFT,431.739990234375,439.44000244140625,429.989990234375,435.2799987792969,30757400,432.9589538574219
2025-05-05,MSFT,432.8699951171875,439.5,432.1099853515625,436.1700134277344,20136100,433.8442077636719
2025-05-06,MSFT,432.2000122070313,437.7300109863281,431.1700134277344,433.30999755859375,15104200,430.99945068359375
2025-05-07,MSFT,433.8399963378906,438.1199951171875,431.1099853515625,433.3500061035156,23295300,431.0392456054687
2025-05-08,MSFT,437.9299926757813,443.6700134277344,435.6600036621094,438.1700134277344,23491300,435.83355712890625
2025-05-09,MSFT,440.0,440.739990234375,435.8800048828125,438.7300109863281,15324200,436.39056396484375
2025-05-12,MSFT,445.94000244140625,449.3699951171875,439.7799987792969,449.260009765625,22821900,446.8643798828125
2025-05-13,MSFT,447.7799987792969,450.6700134277344,445.3599853515625,449.1400146484375,23618800,446.74505615234375
2025-05-14,MSFT,448.1400146484375,453.8999938964844,448.1400146484375,452.94000244140625,19902800,450.5247802734375
2025-05-15,MSFT,450.7699890136719,456.19000244140625,450.4299926757813,453.1300048828125,21992300,451.5411987304687
2025-05-16,MSFT,452.0499877929687,454.3599853515625,448.7300109863281,454.2699890136719,23849800,452.6772155761719
2025-05-19,MSFT,450.8800048828125,459.5899963378906,450.7999877929687,458.8699951171875,21336500,457.2610473632813
2025-05-20,MSFT,455.5899963378906,458.3399963378906,454.3200073242187,458.1700134277344,15441800,456.56353759765625
2025-05-21,MSFT,454.5700073242187,457.7799987792969,451.80999755859375,452.5700073242187,19216900,450.983154296875
2025-05-22,MSFT,454.9500122070313,460.25,453.8999938964844,454.8599853515625,18025600,453.26513671875
2025-05-23,MSFT,449.9800109863281,453.69000244140625,448.9100036621094,450.1799926757813,16883500,448.6015625
2025-05-27,MSFT,456.4800109863281,460.9500122070313,456.1199951171875,460.69000244140625,20974300,459.0746765136719
2025-05-28,MSFT,461.2200012207031,462.5199890136719,456.9299926757813,457.3599853515625,17086300,455.7563781738281
2025-05-29,MSFT,461.5499877929687,461.7200012207031,455.30999755859375,458.6799926757813,13974800,457.0717468261719
2025-05-30,MSFT,459.7200012207031,461.6799926757813,455.5400085449219,460.3599853515625,34770500,458.7458190917969
2025-06-02,MSFT,457.1400146484375,462.1099853515625,456.8900146484375,461.9700012207031,16626500,460.3502197265625
2025-06-03,MSFT,461.4700012207031,464.1400146484375,460.8599853515625,462.9700012207031,15743800,461.3467102050781
2025-06-04,MSFT,464.0,465.69000244140625,463.0199890136719,463.8699951171875,14162700,462.2435302734375
2025-06-05,MSFT,464.9599914550781,469.6499938964844,464.0299987792969,467.6799926757813,20131700,466.0401611328125
2025-06-06,MSFT,470.0899963378906,473.3399963378906,468.7799987792969,470.3800048828125,15285600,468.730712890625
2025-06-09,MSFT,469.7000122070313,473.4299926757813,468.6199951171875,472.75,16469900,471.0924072265625
2025-06-10,MSFT,471.19000244140625,472.7999877929687,466.9599914550781,470.9200134277344,15375900,469.2688293457031
2025-06-11,MSFT,470.0199890136719,475.4700012207031,469.6600036621094,472.6199951171875,16399200,470.9628601074219
2025-06-12,MSFT,475.0199890136719,480.4200134277344,473.5199890136719,478.8699951171875,18950600,477.1909484863281
2025-06-13,MSFT,476.4100036621094,479.1799926757813,472.760009765625,474.9599914550781,16814500,473.2946472167969
2025-06-16,MSFT,475.2099914550781,480.69000244140625,475.0,479.1400146484375,15626100,477.46002197265625
2025-06-17,MSFT,475.3999938964844,478.739990234375,474.0799865722656,478.0400085449219,15414100,476.3638610839844
2025-06-18,MSFT,478.0,481.0,474.4599914550781,480.239990234375,17526500,478.5561218261719
2025-06-20,MSFT,482.2300109863281,483.4599914550781,476.8699951171875,477.3999938964844,37576200,475.7261047363281
2025-06-23,MSFT,478.2099914550781,487.75,472.510009765625,486.0,24864000,484.2959289550781
2025-06-24,MSFT,488.9500122070313,491.8500061035156,486.7999877929687,490.1099853515625,22305600,488.3915100097656
2025-06-25,MSFT,492.0400085449219,494.55999755859375,489.3900146484375,492.2699890136719,17495100,490.5439453125
2025-06-26,MSFT,492.9800109863281,498.0400085449219,492.80999755859375,497.4500122070313,21578900,495.705810546875
2025-06-27,MSFT,497.5499877929687,499.2999877929687,493.0299987792969,495.94000244140625,34539200,494.20111083984375
2025-06-30,MSFT,497.0400085449219,500.760009765625,495.3299865722656,497.4100036621094,28369000,495.66595458984375
2025-07-01,MSFT,496.4700012207031,498.0499877929687,490.9800109863281,492.0499877929687,19945400,490.3247375488281
2025-07-02,MSFT,489.989990234375,493.5,488.7000122070313,491.0899963378906,16319600,489.36810302734375
2025-07-03,MSFT,493.80999755859375,500.1300048828125,493.44000244140625,498.8399963378906,13984800,497.0909423828125
2025-07-07,MSFT,497.3800048828125,498.75,495.2300109863281,497.7200012207031,13981600,495.974853515625
2025-07-08,MSFT,497.239990234375,498.2000122070313,494.1099853515625,496.6199951171875,11846600,494.8786926269531
2025-07-09,MSFT,500.2999877929687,506.7799987792969,499.739990234375,503.510009765625,18659500,501.74456787109375
2025-07-10,MSFT,503.0499877929687,504.44000244140625,497.75,501.4800109863281,16492100,499.7216796875
2025-07-11,MSFT,498.4700012207031,505.0299987792969,497.7999877929687,503.3200073242187,16459500,501.55523681640625
2025-07-14,MSFT,501.5199890136719,503.9700012207031,501.0299987792969,503.0199890136719,12058800,501.2562561035156
2025-07-15,MSFT,503.0199890136719,508.2999877929687,502.7900085449219,505.8200073242187,14927200,504.04644775390625
2025-07-16,MSFT,505.1799926757813,506.7200012207031,501.8900146484375,505.6199951171875,15154400,503.8471374511719
2025-07-17,MSFT,505.6799926757813,513.3699951171875,505.6199951171875,511.7000122070313,17503100,509.9058532714844
2025-07-18,MSFT,514.47998046875,514.6400146484375,507.4299926757813,510.0499877929687,21209700,508.2616271972656
2025-07-21,MSFT,506.7099914550781,512.0900268554688,505.5499877929687,510.05999755859375,14066800,508.2715759277344
2025-07-22,MSFT,510.9700012207031,511.2000122070313,505.2699890136719,505.2699890136719,13868600,503.4983825683594
2025-07-23,MSFT,506.75,506.7900085449219,500.7000122070313,505.8699951171875,16396600,504.0962829589844
2025-07-24,MSFT,508.7699890136719,513.6699829101562,507.2999877929687,510.8800048828125,16107000,509.0887145996094
2025-07-25,MSFT,512.469970703125,518.2899780273438,510.3599853515625,513.7100219726562,19125700,511.9088439941406
2025-07-28,MSFT,514.0800170898438,515.0,510.1199951171875,512.5,14308000,510.7030334472656
2025-07-29,MSFT,515.530029296875,517.6199951171875,511.55999755859375,512.5700073242188,16469200,510.7727966308594
2025-07-30,MSFT,515.1699829101562,515.9500122070312,509.44000244140625,513.239990234375,26380400,511.4404296875
2025-07-31,MSFT,555.22998046875,555.4500122070312,531.9000244140625,533.5,51617300,531.62939453125
2025-08-01,MSFT,535.0,535.7999877929688,520.8599853515625,524.1099853515625,28977600,522.2723388671875
2025-08-04,MSFT,528.27001953125,538.25,528.1300048828125,535.6400146484375,25349000,533.7619018554688
2025-08-05,MSFT,537.1799926757812,537.2999877929688,527.239990234375,527.75,19171600,525.8995361328125
2025-08-06,MSFT,530.9000244140625,531.7000122070312,524.030029296875,524.9400024414062,21355700,523.0994262695312
2025-08-07,MSFT,526.7999877929688,528.0900268554688,517.5499877929688,520.8400268554688,16079100,519.0138549804688
2025-08-08,MSFT,522.5999755859375,524.6599731445312,519.4099731445312,522.0399780273438,15531000,520.2095947265625
2025-08-11,MSFT,522.2999877929688,527.5900268554688,519.719970703125,521.77001953125,20194400,519.9405517578125
2025-08-12,MSFT,523.75,530.97998046875,522.7000122070312,529.239990234375,18667000,527.3843383789062
2025-08-13,MSFT,532.1099853515625,532.7000122070312,519.3699951171875,520.5800170898438,19619200,518.7547607421875
2025-08-14,MSFT,522.5599975585938,525.9500122070312,520.1400146484375,522.47998046875,20269100,520.6480102539062
2025-08-15,MSFT,522.77001953125,526.0999755859375,519.0800170898438,520.1699829101562,25213300,518.3461303710938
2025-08-18,MSFT,521.5900268554688,522.8200073242188,514.02001953125,517.0999755859375,23760600,515.286865234375
2025-08-19,MSFT,515.0,515.1599731445312,508.5499877929687,509.7699890136719,21481000,507.9826049804687
2025-08-20,MSFT,509.8699951171875,511.0,504.44000244140625,505.7200012207031,27723000,503.9468078613281
2025-08-21,MSFT,503.69000244140625,507.6300048828125,502.7200012207031,504.239990234375,18443300,503.2980041503906
2025-08-22,MSFT,504.25,510.7300109863281,502.4100036621094,507.2300109863281,24324200,506.2824401855469
2025-08-25,MSFT,506.6300048828125,508.19000244140625,504.1199951171875,504.260009765625,21638600,503.3179931640625
2025-08-26,MSFT,504.3599853515625,504.9800109863281,498.510009765625,502.0400085449219,30835700,501.1021423339844
2025-08-27,MSFT,502.0,507.2900085449219,499.8999938964844,506.739990234375,17277900,505.7933349609375
2025-08-28,MSFT,507.0899963378906,511.0899963378906,505.5,509.6400146484375,18015600,508.68792724609375
2025-08-29,MSFT,508.6600036621094,509.6000061035156,504.489990234375,506.69000244140625,20961600,505.7434387207031
2025-09-02,MSFT,500.4700012207031,506.0,496.80999755859375,505.1199951171875,18128000,504.1763610839844
2025-09-03,MSFT,503.7900085449219,507.7900085449219,502.3200073242187,505.3500061035156,16345100,504.4059448242187
2025-09-04,MSFT,504.2999877929687,508.1499938964844,503.1499938964844,507.9700012207031,15509500,507.02105712890625
2025-09-05,MSFT,509.0700073242187,511.9700012207031,492.3699951171875,495.0,31994800,494.0752868652344
2025-09-08,MSFT,498.1099853515625,501.2000122070313,495.0299987792969,498.2000122070313,16771000,497.2693176269531
2025-09-09,MSFT,501.4299926757813,502.25,497.7000122070313,498.4100036621094,14410500,497.4789123535156
2025-09-10,MSFT,502.9800109863281,503.2300109863281,496.7200012207031,500.3699951171875,21611800,499.4352416992187
2025-09-11,MSFT,502.25,503.1700134277344,497.8800048828125,501.010009765625,18881600,500.0740661621094
2025-09-12,MSFT,506.6499938964844,512.5499877929688,503.8500061035156,509.8999938964844,23624900,508.9474487304687
2025-09-15,MSFT,508.7900085449219,515.469970703125,507.0,515.3599853515625,17143800,514.397216796875
2025-09-16,MSFT,516.8800048828125,517.22998046875,508.6000061035156,509.0400085449219,19711900,508.0890502929687
2025-09-17,MSFT,510.6199951171875,511.2900085449219,505.9299926757813,510.0199890136719,15816600,509.0671997070313
2025-09-18,MSFT,511.489990234375,513.0700073242188,507.6600036621094,508.4500122070313,18913700,507.5001525878906
2025-09-19,MSFT,510.55999755859375,519.2999877929688,510.30999755859375,517.9299926757812,52474100,516.96240234375
2025-09-22,MSFT,515.5900268554688,517.739990234375,512.5399780273438,514.4500122070312,20009300,513.4889526367188
2025-09-23,MSFT,513.7999877929688,514.5900268554688,507.30999755859375,509.2300109863281,19799600,508.2787170410156
2025-09-24,MSFT,510.3800048828125,512.47998046875,506.9200134277344,510.1499938964844,13533700,509.1969604492187
2025-09-25,MSFT,508.2999877929687,510.010009765625,505.0400085449219,507.0299987792969,15786500,506.0827941894531
2025-09-26,MSFT,510.05999755859375,513.9400024414062,506.6199951171875,511.4599914550781,16213100,510.5045166015625
2025-09-29,MSFT,511.5,516.8499755859375,508.8800048828125,514.5999755859375,17617800,513.6386108398438
2025-09-30,MSFT,513.239990234375,518.1599731445312,509.6600036621094,517.9500122070312,19728200,516.982421875
2025-10-01,MSFT,514.7999877929688,520.510009765625,511.69000244140625,519.7100219726562,22632300,518.7391357421875
2025-10-02,MSFT,517.6400146484375,521.5999755859375,510.6799926757813,515.739990234375,21222900,514.7765502929688
2025-10-03,MSFT,517.0999755859375,520.489990234375,515.0,517.3499755859375,15112300,516.3834838867188
2025-10-06,MSFT,518.6099853515625,531.030029296875,518.2000122070312,528.5700073242188,21388600,527.5825805664062
2025-10-07,MSFT,528.2899780273438,529.7999877929688,521.4400024414062,523.97998046875,14615200,523.0010986328125
2025-10-08,MSFT,523.280029296875,526.9500122070312,523.0900268554688,524.8499755859375,13363400,523.8695068359375
2025-10-09,MSFT,522.3400268554688,524.3300170898438,517.4000244140625,522.4000244140625,18343600,521.4241333007812
2025-10-10,MSFT,519.6400146484375,523.5800170898438,509.6300048828125,510.9599914550781,24133800,510.0054626464844
2025-10-13,MSFT,516.4099731445312,516.4099731445312,511.6799926757813,514.0499877929688,14284200,513.0896606445312
2025-10-14,MSFT,510.2300109863281,515.280029296875,506.0,513.5700073242188,14684300,512.610595703125
2025-10-15,MSFT,514.9600219726562,517.1900024414062,510.0,513.4299926757812,14694700,512.4708251953125
2025-10-16,MSFT,512.5800170898438,516.8499755859375,508.1300048828125,511.6099853515625,15559600,510.65423583984375
2025-10-17,MSFT,509.0400085449219,515.47998046875,507.30999755859375,513.5800170898438,19867800,512.62060546875
2025-10-20,MSFT,514.6099853515625,518.7000122070312,513.4299926757812,516.7899780273438,14665600,515.8245239257812
2025-10-21,MSFT,517.5,518.6900024414062,513.0399780273438,517.6599731445312,15586200,516.6929321289062
2025-10-22,MSFT,521.1500244140625,525.22998046875,517.7100219726562,520.5399780273438,18962700,519.5675659179688
2025-10-23,MSFT,522.4600219726562,523.9500122070312,518.6099853515625,520.5599975585938,14023500,519.5875244140625
2025-10-24,MSFT,522.7899780273438,525.3499755859375,520.7100219726562,523.6099853515625,15532400,522.6318359375
2025-10-27,MSFT,531.780029296875,534.5800170898438,529.010009765625,531.52001953125,18734700,530.527099609375
2025-10-28,MSFT,550.0,553.719970703125,540.77001953125,542.0700073242188,29986700,541.057373046875
2025-10-29,MSFT,544.9400024414062,546.27001953125,536.72998046875,541.5499877929688,36023000,540.538330078125
2025-10-30,MSFT,530.47998046875,534.969970703125,522.1199951171875,525.760009765625,41023100,524.77783203125
2025-10-31,MSFT,528.8800048828125,529.3200073242188,515.0999755859375,517.8099975585938,34006400,516.8426513671875
2025-11-03,MSFT,519.8099975585938,524.9600219726562,514.5900268554688,517.030029296875,22374700,516.0641479492188
2025-11-04,MSFT,511.760009765625,515.5499877929688,507.8399963378906,514.3300170898438,20958700,513.3692016601562
2025-11-05,MSFT,513.2999877929688,514.8300170898438,506.5799865722656,507.1600036621094,23024300,506.2125549316406
2025-11-06,MSFT,505.6600036621094,505.7000122070313,495.80999755859375,497.1000061035156,27406500,496.1713562011719
2025-11-07,MSFT,496.9500122070313,499.3800048828125,493.25,496.8200073242187,24019800,495.8918762207031
2025-11-10,MSFT,500.0400085449219,506.8500061035156,498.7999877929687,506.0,26101500,505.0547180175781
2025-11-11,MSFT,504.7999877929687,509.6000061035156,502.3500061035156,508.6799926757813,17980000,507.7297058105469
2025-11-12,MSFT,509.3599853515625,511.6700134277344,499.1199951171875,511.1400146484375,26574900,510.1851501464844
2025-11-13,MSFT,510.30999755859375,513.5,501.2900085449219,503.2900085449219,25273100,502.3497924804687
2025-11-14,MSFT,498.2300109863281,511.6000061035156,497.44000244140625,510.1799926757813,28505700,509.2268981933594
2025-11-17,MSFT,508.4500122070313,512.1199951171875,504.9100036621094,507.489990234375,19092800,506.54193115234375
2025-11-18,MSFT,495.3699951171875,502.9800109863281,486.7799987792969,493.7900085449219,33815100,492.8675537109375
2025-11-19,MSFT,490.1000061035156,495.19000244140625,482.8299865722656,487.1199951171875,23245300,486.2099914550781
2025-11-20,MSFT,492.7099914550781,493.5700073242187,475.5,478.4299926757813,26802500,478.4299926757813
2025-11-21,MSFT,478.5,478.9200134277344,468.2699890136719,472.1199951171875,31769200,472.1199951171875
2025-11-24,MSFT,475.0,476.8999938964844,468.0199890136719,474.0,34421000,474.0
2025-11-25,MSFT,474.0700073242187,479.1499938964844,464.8900146484375,476.989990234375,28019800,476.989990234375
2025-11-26,MSFT,486.30999755859375,488.30999755859375,481.2000122070313,485.5,25709100,485.5
2025-11-28,MSFT,487.6000061035156,492.6300048828125,486.6499938964844,492.010009765625,14386700,492.010009765625
