Date,Symbol,Open,High,Low,Close,Volume,Adj Close
2020-01-02,AAPL,74.05999755859375,75.1500015258789,73.79750061035156,75.0875015258789,135480400,72.46826934814453
2020-01-03,AAPL,74.2874984741211,75.1449966430664,74.125,74.35749816894531,146322800,71.76373291015625
2020-01-06,AAPL,73.44750213623047,74.98999786376953,73.1875,74.94999694824219,118387200,72.33556365966797
2020-01-07,AAPL,74.95999908447266,75.2249984741211,74.37000274658203,74.59750366210938,108872000,71.99535369873047
2020-01-08,AAPL,74.29000091552734,76.11000061035156,74.29000091552734,75.79750061035156,132079200,73.15350341796875
2020-01-09,AAPL,76.80999755859375,77.60749816894531,76.55000305175781,77.40750122070312,170108400,74.70732879638672
2020-01-10,AAPL,77.6500015258789,78.1675033569336,77.0625,77.5824966430664,140644800,74.87622833251953
2020-01-13,AAPL,77.91000366210938,79.26750183105469,77.7874984741211,79.23999786376953,121532000,76.47590637207031
2020-01-14,AAPL,79.17500305175781,79.39250183105469,78.0425033569336,78.16999816894531,161954400,75.4432144165039
2020-01-15,AAPL,77.9625015258789,78.875,77.38749694824219,77.83499908447266,121923600,75.11992645263672
2020-01-16,AAPL,78.39749908447266,78.92500305175781,78.02249908447266,78.80999755859375,108829200,76.06089782714844
2020-01-17,AAPL,79.06749725341797,79.68499755859375,78.75,79.68250274658203,137816400,76.90299224853516
2020-01-21,AAPL,79.29750061035156,79.75499725341797,79.0,79.14250183105469,110843200,76.3818130493164
2020-01-22,AAPL,79.6449966430664,79.99749755859375,79.32749938964844,79.42500305175781,101832400,76.6544418334961
2020-01-23,AAPL,79.4800033569336,79.88999938964844,78.9124984741211,79.80750274658203,104472000,77.02362060546875
2020-01-24,AAPL,80.0625,80.8324966430664,79.37999725341797,79.57749938964844,146537600,76.8016357421875
2020-01-27,AAPL,77.51499938964844,77.94249725341797,76.22000122070312,77.23750305175781,161940000,74.54327392578125
2020-01-28,AAPL,78.1500015258789,79.5999984741211,78.04750061035156,79.42250061035156,162234000,76.65205383300781
2020-01-29,AAPL,81.11250305175781,81.9625015258789,80.34500122070312,81.08499908447266,216229200,78.25656127929688
2020-01-30,AAPL,80.13500213623047,81.02249908447266,79.6875,80.96749877929688,126743200,78.14315795898438
2020-01-31,AAPL,80.23249816894531,80.66999816894531,77.07250213623047,77.37750244140625,199588400,74.67839813232422
2020-02-03,AAPL,76.07499694824219,78.37249755859375,75.55500030517578,77.16500091552734,173788400,74.4732894897461
2020-02-04,AAPL,78.82749938964844,79.91000366210938,78.40750122070312,79.7125015258789,136616400,76.93193817138672
2020-02-05,AAPL,80.87999725341797,81.19000244140625,79.73750305175781,80.36250305175781,118826800,77.55925750732422
2020-02-06,AAPL,80.64250183105469,81.30500030517578,80.06500244140625,81.30249786376953,105425600,78.46646881103516
2020-02-07,AAPL,80.59249877929688,80.8499984741211,79.5,80.00749969482422,117684000,77.39989471435547
2020-02-10,AAPL,78.54499816894531,80.38749694824219,78.4625015258789,80.38749694824219,109348800,77.76750946044922
2020-02-11,AAPL,80.9000015258789,80.9749984741211,79.67749786376953,79.90249633789062,94323200,77.2983169555664
2020-02-12,AAPL,80.36750030517578,81.80500030517578,80.36750030517578,81.80000305175781,113730400,79.13396453857422
2020-02-13,AAPL,81.04750061035156,81.55500030517578,80.8375015258789,81.21749877929688,94747600,78.5704574584961
2020-02-14,AAPL,81.18499755859375,81.49500274658203,80.7125015258789,81.23750305175781,80113600,78.58980560302734
2020-02-18,AAPL,78.83999633789062,79.9375,78.65249633789062,79.75,152531200,77.1507797241211
2020-02-19,AAPL,80.0,81.14250183105469,80.0,80.90499877929688,93984000,78.26812744140625
2020-02-20,AAPL,80.65750122070312,81.1624984741211,79.55249786376953,80.07499694824219,100566000,77.46517944335938
2020-02-21,AAPL,79.65499877929688,80.11250305175781,77.625,78.26249694824219,129554000,75.71176147460938
2020-02-24,AAPL,74.31500244140625,76.04499816894531,72.30750274658203,74.54499816894531,222195200,72.11544036865234
2020-02-25,AAPL,75.23750305175781,75.63249969482422,71.53250122070312,72.0199966430664,230673600,69.67272186279297
2020-02-26,AAPL,71.63249969482422,74.47000122070312,71.625,73.1624984741211,198054800,70.77799987792969
2020-02-27,AAPL,70.2750015258789,71.5,68.23999786376953,68.37999725341797,320605600,66.15135955810547
2020-02-28,AAPL,64.31500244140625,69.60250091552734,64.09249877929688,68.33999633789062,426510000,66.1126708984375
2020-03-02,AAPL,70.56999969482422,75.36000061035156,69.43000030517578,74.70249938964844,341397200,72.26778411865234
2020-03-03,AAPL,75.9175033569336,76.0,71.44999694824219,72.33000183105469,319475600,69.97261047363281
2020-03-04,AAPL,74.11000061035156,75.8499984741211,73.28250122070312,75.68499755859375,219178400,73.21829986572266
2020-03-05,AAPL,73.87999725341797,74.88749694824219,72.85250091552734,73.2300033569336,187572800,70.84329986572266
2020-03-06,AAPL,70.5,72.70500183105469,70.30750274658203,72.25749969482422,226176800,69.90249633789062
2020-03-09,AAPL,65.9375,69.52249908447266,65.75,66.5425033569336,286744800,64.37374877929688
2020-03-10,AAPL,69.28500366210938,71.61000061035156,67.34249877929688,71.33499908447266,285290000,69.01005554199219
2020-03-11,AAPL,69.34750366210938,70.30500030517578,67.96499633789062,68.85749816894531,255598800,66.6133041381836
2020-03-12,AAPL,63.98500061035156,67.5,62.0,62.057498931884766,418474000,60.034915924072266
2020-03-13,AAPL,66.22250366210938,69.9800033569336,63.23749923706055,69.49250030517578,370732000,67.22760772705078
2020-03-16,AAPL,60.48749923706055,64.7699966430664,60.0,60.5525016784668,322423600,58.5789794921875
2020-03-17,AAPL,61.877498626708984,64.40249633789062,59.599998474121094,63.21500015258789,324056000,61.15468978881836
2020-03-18,AAPL,59.942501068115234,62.5,59.279998779296875,61.66749954223633,300233600,59.65763473510742
2020-03-19,AAPL,61.84749984741211,63.209999084472656,60.65250015258789,61.19499969482422,271857200,59.200531005859375
2020-03-20,AAPL,61.79499816894531,62.95750045776367,57.0,57.310001373291016,401693200,55.4421501159668
2020-03-23,AAPL,57.02000045776367,57.125,53.15250015258789,56.092498779296875,336752800,54.26433181762695
2020-03-24,AAPL,59.09000015258789,61.92250061035156,58.57500076293945,61.720001220703125,287531200,59.70841979980469
2020-03-25,AAPL,62.6875,64.5625,61.07500076293945,61.380001068115234,303602000,59.3795051574707
2020-03-26,AAPL,61.630001068115234,64.66999816894531,61.59000015258789,64.61000061035156,252087200,62.50422668457031
2020-03-27,AAPL,63.1875,63.967498779296875,61.76250076293945,61.935001373291016,204216800,59.916412353515625
2020-03-30,AAPL,62.685001373291016,63.880001068115234,62.349998474121094,63.70249938964844,167976400,61.62631607055664
2020-03-31,AAPL,63.900001525878906,65.62249755859375,63.0,63.5724983215332,197002000,61.500545501708984
2020-04-01,AAPL,61.625,62.18000030517578,59.782501220703125,60.227500915527344,176218400,58.26457214355469
2020-04-02,AAPL,60.084999084472656,61.287498474121094,59.224998474121094,61.23249816894531,165934000,59.236812591552734
2020-04-03,AAPL,60.70000076293945,61.42499923706055,59.74250030517578,60.352500915527344,129880000,58.385494232177734
2020-04-06,AAPL,62.724998474121094,65.77749633789062,62.345001220703125,65.61750030517578,201820400,63.47889709472656
2020-04-07,AAPL,67.69999694824219,67.92500305175781,64.75,64.85749816894531,202887200,62.74366760253906
2020-04-08,AAPL,65.68499755859375,66.84249877929688,65.30750274658203,66.51750183105469,168895200,64.34957122802734
2020-04-09,AAPL,67.17500305175781,67.51750183105469,66.17500305175781,66.99749755859375,161834800,64.81391906738281
2020-04-13,AAPL,67.07749938964844,68.42500305175781,66.4574966430664,68.3125,131022800,66.08606719970703
2020-04-14,AAPL,70.0,72.0625,69.51249694824219,71.76249694824219,194994800,69.42363739013672
2020-04-15,AAPL,70.5999984741211,71.5824966430664,70.15750122070312,71.10749816894531,131154400,68.78996276855469
2020-04-16,AAPL,71.84500122070312,72.05000305175781,70.5875015258789,71.67250061035156,157125200,69.33655548095703
2020-04-17,AAPL,71.17250061035156,71.73750305175781,69.21499633789062,70.69999694824219,215250000,68.395751953125
2020-04-20,AAPL,69.48750305175781,70.41999816894531,69.2125015258789,69.23249816894531,130015200,66.97606658935547
2020-04-21,AAPL,69.06999969482422,69.3125,66.35749816894531,67.09249877929688,180991600,64.90581512451172
2020-04-22,AAPL,68.40249633789062,69.4749984741211,68.05000305175781,69.0250015258789,116862400,66.7753677368164
2020-04-23,AAPL,68.96749877929688,70.4375,68.71749877929688,68.75749969482422,124814400,66.51657104492188
2020-04-24,AAPL,69.30000305175781,70.75250244140625,69.25,70.74250030517578,126161200,68.43685913085938
2020-04-27,AAPL,70.44999694824219,71.13500213623047,69.98750305175781,70.7925033569336,117087600,68.4852294921875
2020-04-28,AAPL,71.2699966430664,71.4574966430664,69.55000305175781,69.6449966430664,112004800,67.37511444091797
2020-04-29,AAPL,71.18250274658203,72.4175033569336,70.97250366210938,71.93250274658203,137280800,69.58808898925781
2020-04-30,AAPL,72.48999786376953,73.63249969482422,72.0875015258789,73.44999694824219,183064000,71.05611419677734
2020-05-01,AAPL,71.5625,74.75,71.4625015258789,72.26750183105469,240616800,69.91215515136719
2020-05-04,AAPL,72.2925033569336,73.42250061035156,71.58000183105469,73.29000091552734,133568000,70.90132141113281
2020-05-05,AAPL,73.76499938964844,75.25,73.61499786376953,74.38999938964844,147751200,71.96549987792969
2020-05-06,AAPL,75.11499786376953,75.80999755859375,74.71749877929688,75.15750122070312,142333600,72.70796203613281
2020-05-07,AAPL,75.80500030517578,76.2925033569336,75.49250030517578,75.93499755859375,115215200,73.46012878417969
2020-05-08,AAPL,76.41000366210938,77.5875015258789,76.07250213623047,77.53250122070312,133838400,75.2086181640625
2020-05-11,AAPL,77.0250015258789,79.26249694824219,76.80999755859375,78.75250244140625,145946400,76.39204406738281
2020-05-12,AAPL,79.4574966430664,79.92250061035156,77.72750091552734,77.85250091552734,162301200,75.5190200805664
2020-05-13,AAPL,78.0374984741211,78.98750305175781,75.80249786376953,76.9124984741211,200622400,74.60717010498047
2020-05-14,AAPL,76.12750244140625,77.44750213623047,75.38249969482422,77.38500213623047,158929200,75.0655288696289
2020-05-15,AAPL,75.0875015258789,76.9749984741211,75.05249786376953,76.92749786376953,166348400,74.62173461914062
2020-05-18,AAPL,78.2925033569336,79.125,77.58000183105469,78.73999786376953,135178400,76.3799057006836
2020-05-19,AAPL,78.75749969482422,79.62999725341797,78.25250244140625,78.28500366210938,101729600,75.93856048583984
2020-05-20,AAPL,79.16999816894531,79.87999725341797,79.12999725341797,79.80750274658203,111504800,77.41541290283203
2020-05-21,AAPL,79.66500091552734,80.22250366210938,78.96749877929688,79.2125015258789,102688800,76.83824920654297
2020-05-22,AAPL,78.94249725341797,79.80750274658203,78.8375015258789,79.72250366210938,81803200,77.33296966552734
2020-05-26,AAPL,80.875,81.05999755859375,79.125,79.18250274658203,125522000,76.80914306640625
2020-05-27,AAPL,79.03500366210938,79.67749786376953,78.27249908447266,79.52749633789062,112945200,77.1437759399414
2020-05-28,AAPL,79.19249725341797,80.86000061035156,78.90750122070312,79.5625,133560800,77.1777572631836
2020-05-29,AAPL,79.8125,80.2874984741211,79.11750030517578,79.48500061035156,153532400,77.10257720947266
2020-06-01,AAPL,79.4375,80.5875015258789,79.30249786376953,80.4625015258789,80791200,78.05078125
2020-06-02,AAPL,80.1875,80.86000061035156,79.73249816894531,80.83499908447266,87642800,78.412109375
2020-06-03,AAPL,81.16500091552734,81.55000305175781,80.57499694824219,81.27999877929688,104491200,78.8437728881836
2020-06-04,AAPL,81.09750366210938,81.40499877929688,80.19499969482422,80.58000183105469,87560400,78.1647720336914
2020-06-05,AAPL,80.8375015258789,82.9375,80.80750274658203,82.875,137250400,80.39096069335938
2020-06-08,AAPL,82.5625,83.4000015258789,81.83000183105469,83.36499786376953,95654400,80.86628723144531
2020-06-09,AAPL,83.03500366210938,86.40249633789062,83.00250244140625,85.99749755859375,147712400,83.41987609863281
2020-06-10,AAPL,86.9749984741211,88.69249725341797,86.52249908447266,88.20999908447266,166651600,85.56608581542969
2020-06-11,AAPL,87.32749938964844,87.76499938964844,83.87000274658203,83.9749984741211,201662400,81.45799255371094
2020-06-12,AAPL,86.18000030517578,86.94999694824219,83.55500030517578,84.69999694824219,200146000,82.16127014160156
2020-06-15,AAPL,83.3125,86.41999816894531,83.1449966430664,85.74749755859375,138808800,83.17737579345703
2020-06-16,AAPL,87.86499786376953,88.30000305175781,86.18000030517578,88.0199966430664,165428800,85.38175201416016
2020-06-17,AAPL,88.7874984741211,88.8499984741211,87.77249908447266,87.89749908447266,114406400,85.26293182373047
2020-06-18,AAPL,87.85250091552734,88.36250305175781,87.30500030517578,87.93250274658203,96820400,85.29689025878906
2020-06-19,AAPL,88.66000366210938,89.13999938964844,86.2874984741211,87.43000030517578,264476000,84.8094253540039
2020-06-22,AAPL,87.83499908447266,89.86499786376953,87.7874984741211,89.71749877929688,135445200,87.02837371826172
2020-06-23,AAPL,91.0,93.09500122070312,90.56749725341795,91.63249969482422,212155600,88.885986328125
2020-06-24,AAPL,91.25,92.19750213623048,89.62999725341797,90.01499938964844,192623200,87.31696319580078
2020-06-25,AAPL,90.1750030517578,91.25,89.39250183105469,91.20999908447266,137522400,88.47614288330078
2020-06-26,AAPL,91.10250091552734,91.33000183105467,88.25499725341797,88.40750122070312,205256800,85.75764465332031
2020-06-29,AAPL,88.3125,90.5425033569336,87.81999969482422,90.44499969482422,130646000,87.73406982421875
2020-06-30,AAPL,90.0199966430664,91.49500274658205,90.0,91.1999969482422,140223200,88.46642303466797
2020-07-01,AAPL,91.27999877929688,91.83999633789062,90.97750091552734,91.02749633789062,110737200,88.29912567138672
2020-07-02,AAPL,91.9625015258789,92.61750030517578,90.91000366210938,91.02749633789062,114041600,88.29912567138672
2020-07-06,AAPL,92.5,93.94499969482422,92.46749877929688,93.4625015258789,118655600,90.66112518310548
2020-07-07,AAPL,93.85250091552734,94.65499877929688,93.05750274658205,93.17250061035156,112424400,90.3798370361328
2020-07-08,AAPL,94.18000030517578,95.375,94.08999633789062,95.34249877929688,117092000,92.48479461669922
2020-07-09,AAPL,96.2624969482422,96.31749725341795,94.67250061035156,95.75250244140624,125642800,92.88247680664062
2020-07-10,AAPL,95.33499908447266,95.9800033569336,94.70500183105467,95.91999816894533,90257200,93.04496002197266
2020-07-13,AAPL,97.26499938964844,99.95500183105467,95.25749969482422,95.47750091552734,191649200,92.61575317382812
2020-07-14,AAPL,94.83999633789062,97.25499725341795,93.87750244140624,97.05750274658205,170989200,94.14836883544922
2020-07-15,AAPL,98.98999786376952,99.24749755859376,96.48999786376952,97.7249984741211,153198000,94.79586029052734
2020-07-16,AAPL,96.5625,97.40499877929688,95.90499877929688,96.52249908447266,110577600,93.62939453125
2020-07-17,AAPL,96.9875030517578,97.14749908447266,95.83999633789062,96.32749938964844,92186800,93.44026947021484
2020-07-20,AAPL,96.4175033569336,98.5,96.0625,98.35749816894533,90318000,95.40940856933594
2020-07-21,AAPL,99.17250061035156,99.25,96.74250030517578,97.0,103433200,94.09259033203124
2020-07-22,AAPL,96.69249725341795,97.9749984741211,96.60250091552734,97.27249908447266,89001600,94.35691833496094
2020-07-23,AAPL,96.99749755859376,97.07749938964844,92.01000213623048,92.84500122070312,197004400,90.0621337890625
2020-07-24,AAPL,90.9875030517578,92.97000122070312,89.1449966430664,92.61499786376952,185438800,89.83904266357422
2020-07-27,AAPL,93.70999908447266,94.90499877929688,93.4800033569336,94.80999755859376,121214000,91.96824645996094
2020-07-28,AAPL,94.36750030517578,94.5500030517578,93.24749755859376,93.25250244140624,103625600,90.4574203491211
2020-07-29,AAPL,93.75,95.2300033569336,93.7125015258789,95.04000091552734,90329200,92.19134521484376
2020-07-30,AAPL,94.1875,96.29750061035156,93.76750183105467,96.19000244140624,158130000,93.30689239501952
2020-07-31,AAPL,102.88500213623048,106.41500091552734,100.8249969482422,106.26000213623048,374336800,103.0750503540039
2020-08-03,AAPL,108.1999969482422,111.6374969482422,107.89250183105467,108.9375,308151200,105.67228698730467
2020-08-04,AAPL,109.13249969482422,110.79000091552734,108.3874969482422,109.66500091552734,173071600,106.37799072265624
2020-08-05,AAPL,109.37750244140624,110.39250183105467,108.89749908447266,110.0625,121776800,106.76358032226562
2020-08-06,AAPL,110.40499877929688,114.4124984741211,109.79750061035156,113.90249633789062,202428800,110.4884796142578
2020-08-07,AAPL,113.20500183105467,113.6750030517578,110.2925033569336,111.1125030517578,198045600,107.97644805908205
2020-08-10,AAPL,112.5999984741211,113.7750015258789,110.0,112.72750091552734,212403600,109.54586029052734
2020-08-11,AAPL,111.97000122070312,112.48249816894533,109.10749816894533,109.375,187902400,106.28797149658205
2020-08-12,AAPL,110.49749755859376,113.2750015258789,110.29750061035156,113.01000213623048,165598000,109.82038116455078
2020-08-13,AAPL,114.43000030517578,116.0425033569336,113.92749786376952,115.01000213623048,210082000,111.76390075683594
2020-08-14,AAPL,114.83000183105467,115.0,113.04499816894533,114.90750122070312,165565200,111.66433715820312
2020-08-17,AAPL,116.0625,116.0875015258789,113.9625015258789,114.60749816894533,119561600,111.37278747558594
2020-08-18,AAPL,114.35250091552734,116.0,114.00749969482422,115.5625,105633600,112.30083465576172
2020-08-19,AAPL,115.98249816894533,117.1624984741211,115.61000061035156,115.7074966430664,145538000,112.44173431396484
2020-08-20,AAPL,115.75,118.39250183105467,115.73249816894533,118.2750015258789,126907200,114.93677520751952
2020-08-21,AAPL,119.2624969482422,124.86750030517578,119.25,124.37000274658205,338054800,120.8597412109375
2020-08-24,AAPL,128.69749450683594,128.78500366210938,123.9375,125.85749816894533,345937600,122.30525970458984
2020-08-25,AAPL,124.69750213623048,125.18000030517578,123.05249786376952,124.8249969482422,211495600,121.30189514160156
2020-08-26,AAPL,126.18000030517578,126.99250030517578,125.0824966430664,126.52249908447266,163022400,122.9515151977539
2020-08-27,AAPL,127.14250183105467,127.48500061035156,123.8324966430664,125.01000213623048,155552400,121.48167419433594
2020-08-28,AAPL,126.0124969482422,126.44249725341795,124.57749938964844,124.80750274658205,187630000,121.28490447998048
2020-08-31,AAPL,127.58000183105467,131.0,126.0,129.0399932861328,225702700,125.39793395996094
2020-09-01,AAPL,132.75999450683594,134.8000030517578,130.52999877929688,134.17999267578125,151948100,130.39288330078125
2020-09-02,AAPL,137.58999633789062,137.97999572753906,127.0,131.39999389648438,200119000,127.69133758544922
2020-09-03,AAPL,126.91000366210938,128.83999633789062,120.5,120.87999725341795,257599600,117.46824645996094
2020-09-04,AAPL,120.06999969482422,123.6999969482422,110.88999938964844,120.95999908447266,332607200,117.5459976196289
2020-09-08,AAPL,113.9499969482422,118.98999786376952,112.68000030517578,112.81999969482422,231366600,109.63573455810548
2020-09-09,AAPL,117.26000213623048,119.13999938964844,115.26000213623048,117.31999969482422,176940500,114.00872039794922
2020-09-10,AAPL,120.36000061035156,120.5,112.5,113.48999786376952,182274400,110.2868423461914
2020-09-11,AAPL,114.56999969482422,115.2300033569336,110.0,112.0,180860300,108.83889770507812
2020-09-14,AAPL,114.72000122070312,115.93000030517578,112.8000030517578,115.36000061035156,140150100,112.1040496826172
2020-09-15,AAPL,118.33000183105467,118.83000183105467,113.61000061035156,115.54000091552734,184642000,112.27896881103516
2020-09-16,AAPL,115.2300033569336,116.0,112.04000091552734,112.12999725341795,154679000,108.9652099609375
2020-09-17,AAPL,109.72000122070312,112.1999969482422,108.70999908447266,110.33999633789062,178011000,107.22573852539062
2020-09-18,AAPL,110.4000015258789,110.87999725341795,106.08999633789062,106.83999633789062,287104900,103.82452392578124
2020-09-21,AAPL,104.54000091552734,110.19000244140624,103.0999984741211,110.08000183105467,195713800,106.97307586669922
2020-09-22,AAPL,112.68000030517578,112.86000061035156,109.16000366210938,111.80999755859376,183055400,108.65422821044922
2020-09-23,AAPL,111.62000274658205,112.11000061035156,106.7699966430664,107.12000274658205,150718700,104.09662628173828
2020-09-24,AAPL,105.16999816894533,110.25,105.0,108.22000122070312,167743300,105.16559600830078
2020-09-25,AAPL,108.43000030517578,112.44000244140624,107.66999816894533,112.27999877929688,149981400,109.1109848022461
2020-09-28,AAPL,115.01000213623048,115.31999969482422,112.77999877929688,114.95999908447266,137672400,111.7153549194336
2020-09-29,AAPL,114.5500030517578,115.30999755859376,113.56999969482422,114.08999633789062,99382200,110.86988830566406
2020-09-30,AAPL,113.79000091552734,117.26000213623048,113.62000274658205,115.80999755859376,142675200,112.54136657714844
2020-10-01,AAPL,117.63999938964844,117.72000122070312,115.83000183105467,116.79000091552734,116120400,113.4936981201172
2020-10-02,AAPL,112.88999938964844,115.37000274658205,112.22000122070312,113.0199966430664,144712000,109.83009338378906
2020-10-05,AAPL,113.91000366210938,116.6500015258789,113.5500030517578,116.5,106243800,113.21187591552734
2020-10-06,AAPL,115.6999969482422,116.12000274658205,112.25,113.16000366210938,161498200,109.9661636352539
2020-10-07,AAPL,114.62000274658205,115.5500030517578,114.12999725341795,115.08000183105467,96849000,111.83196258544922
2020-10-08,AAPL,116.25,116.4000015258789,114.58999633789062,114.97000122070312,83477200,111.72505950927734
2020-10-09,AAPL,115.27999877929688,117.0,114.91999816894533,116.97000122070312,100506900,113.66859436035156
2020-10-12,AAPL,120.05999755859376,125.18000030517578,119.27999877929688,124.4000015258789,240226800,120.88890075683594
2020-10-13,AAPL,125.2699966430664,125.38999938964844,119.6500015258789,121.0999984741211,262330500,117.68205261230467
2020-10-14,AAPL,121.0,123.02999877929688,119.62000274658205,121.19000244140624,150712000,117.76951599121094
2020-10-15,AAPL,118.72000122070312,121.1999969482422,118.1500015258789,120.70999908447266,112559200,117.30303955078124
2020-10-16,AAPL,121.27999877929688,121.5500030517578,118.80999755859376,119.0199966430664,115393800,115.6607437133789
2020-10-19,AAPL,119.95999908447266,120.41999816894533,115.66000366210938,115.9800033569336,120639300,112.70655059814452
2020-10-20,AAPL,116.1999969482422,118.9800033569336,115.62999725341795,117.51000213623048,124423700,114.19334411621094
2020-10-21,AAPL,116.66999816894533,118.70999908447266,116.4499969482422,116.87000274658205,89946000,113.5714340209961
2020-10-22,AAPL,117.4499969482422,118.04000091552734,114.58999633789062,115.75,101988000,112.4830551147461
2020-10-23,AAPL,116.38999938964844,116.5500030517578,114.27999877929688,115.04000091552734,82572600,111.79308319091795
2020-10-26,AAPL,114.01000213623048,116.5500030517578,112.87999725341795,115.0500030517578,111850700,111.80280303955078
2020-10-27,AAPL,115.48999786376952,117.27999877929688,114.54000091552734,116.5999984741211,92276800,113.3090591430664
2020-10-28,AAPL,115.0500030517578,115.43000030517578,111.0999984741211,111.1999969482422,143937800,108.06145477294922
2020-10-29,AAPL,112.37000274658205,116.93000030517578,112.1999969482422,115.31999969482422,146129200,112.06517791748048
2020-10-30,AAPL,111.05999755859376,111.98999786376952,107.72000122070312,108.86000061035156,190272600,105.7874984741211
2020-11-02,AAPL,109.11000061035156,110.68000030517578,107.31999969482422,108.7699966430664,122866900,105.70004272460938
2020-11-03,AAPL,109.66000366210938,111.48999786376952,108.7300033569336,110.44000244140624,107624400,107.32292175292967
2020-11-04,AAPL,114.13999938964844,115.58999633789062,112.3499984741211,114.9499969482422,138235500,111.70562744140624
2020-11-05,AAPL,117.9499969482422,119.62000274658205,116.87000274658205,119.02999877929688,126387100,115.67047882080078
2020-11-06,AAPL,118.31999969482422,119.1999969482422,116.12999725341795,118.69000244140624,114457900,115.5390625
2020-11-09,AAPL,120.5,121.98999786376952,116.0500030517578,116.31999969482422,154515300,113.2319564819336
2020-11-10,AAPL,115.5500030517578,117.58999633789062,114.12999725341795,115.97000122070312,138023400,112.89127349853516
2020-11-11,AAPL,117.19000244140624,119.62999725341795,116.44000244140624,119.48999786376952,112295000,116.31781768798828
2020-11-12,AAPL,119.62000274658205,120.52999877929688,118.56999969482422,119.20999908447266,103162300,116.04524230957033
2020-11-13,AAPL,119.44000244140624,119.66999816894533,117.87000274658205,119.26000213623048,81581900,116.09391784667967
2020-11-16,AAPL,118.91999816894533,120.98999786376952,118.1500015258789,120.3000030517578,91183000,117.1063232421875
2020-11-17,AAPL,119.5500030517578,120.66999816894533,118.95999908447266,119.38999938964844,74271000,116.22048950195312
2020-11-18,AAPL,118.61000061035156,119.81999969482422,118.0,118.02999877929688,76322100,114.8965835571289
2020-11-19,AAPL,117.58999633789062,119.05999755859376,116.80999755859376,118.63999938964844,74113000,115.49037170410156
2020-11-20,AAPL,118.63999938964844,118.7699966430664,117.29000091552734,117.33999633789062,73604300,114.22489166259766
2020-11-23,AAPL,117.18000030517578,117.62000274658205,113.75,113.8499984741211,127959300,110.82755279541016
2020-11-24,AAPL,113.91000366210938,115.8499984741211,112.58999633789062,115.16999816894533,113874200,112.1125259399414
2020-11-25,AAPL,115.5500030517578,116.75,115.16999816894533,116.02999877929688,76499200,112.9496612548828
2020-11-27,AAPL,116.56999969482422,117.48999786376952,116.22000122070312,116.58999633789062,46691300,113.49478912353516
2020-11-30,AAPL,116.97000122070312,120.97000122070312,116.80999755859376,119.0500030517578,169410200,115.88949584960938
2020-12-01,AAPL,121.01000213623048,123.47000122070312,120.01000213623048,122.72000122070312,127728200,119.46207427978516
2020-12-02,AAPL,122.0199966430664,123.37000274658205,120.88999938964844,123.08000183105467,89004200,119.81251525878906
2020-12-03,AAPL,123.5199966430664,123.77999877929688,122.20999908447266,122.94000244140624,78967600,119.67625427246094
2020-12-04,AAPL,122.5999984741211,122.86000061035156,121.5199966430664,122.25,78260400,119.00454711914062
2020-12-07,AAPL,122.30999755859376,124.56999969482422,122.25,123.75,86712000,120.46471405029295
2020-12-08,AAPL,124.37000274658205,124.9800033569336,123.08999633789062,124.37999725341795,82225500,121.07798767089844
2020-12-09,AAPL,124.52999877929688,125.9499969482422,121.0,121.77999877929688,115089200,118.54702758789062
2020-12-10,AAPL,120.5,123.87000274658205,120.1500015258789,123.23999786376952,81312200,119.96825408935548
2020-12-11,AAPL,122.43000030517578,122.76000213623048,120.5500030517578,122.41000366210938,86939800,119.16030883789062
2020-12-14,AAPL,122.5999984741211,123.3499984741211,121.54000091552734,121.77999877929688,79184500,118.54702758789062
2020-12-15,AAPL,124.33999633789062,127.9000015258789,124.12999725341795,127.87999725341795,157243700,124.4850845336914
2020-12-16,AAPL,127.41000366210938,128.3699951171875,126.55999755859376,127.80999755859376,98208600,124.41693878173828
2020-12-17,AAPL,128.89999389648438,129.5800018310547,128.0399932861328,128.6999969482422,94359800,125.2833023071289
2020-12-18,AAPL,128.9600067138672,129.10000610351562,126.12000274658205,126.66000366210938,192541500,123.2974853515625
2020-12-21,AAPL,125.0199966430664,128.30999755859375,123.4499969482422,128.22999572753906,121251600,124.82579803466795
2020-12-22,AAPL,131.61000061035156,134.41000366210938,129.64999389648438,131.8800048828125,168904800,128.37889099121094
2020-12-23,AAPL,132.16000366210938,132.42999267578125,130.77999877929688,130.9600067138672,88223700,127.48332977294922
2020-12-24,AAPL,131.32000732421875,133.4600067138672,131.10000610351562,131.97000122070312,54930100,128.46649169921875
2020-12-28,AAPL,133.99000549316406,137.33999633789062,133.50999450683594,136.69000244140625,124486200,133.0612030029297
2020-12-29,AAPL,138.0500030517578,138.7899932861328,134.33999633789062,134.8699951171875,121047300,131.28953552246094
2020-12-30,AAPL,135.5800018310547,135.99000549316406,133.39999389648438,133.72000122070312,96452100,130.17005920410156
2020-12-31,AAPL,134.0800018310547,134.74000549316406,131.72000122070312,132.69000244140625,99116600,129.1673583984375
2021-01-04,AAPL,133.52000427246094,133.61000061035156,126.76000213623048,129.41000366210938,143301900,125.9744644165039
2021-01-05,AAPL,128.88999938964844,131.74000549316406,128.42999267578125,131.00999450683594,97664900,127.53201293945312
2021-01-06,AAPL,127.72000122070312,131.0500030517578,126.37999725341795,126.5999984741211,155088000,123.2390594482422
2021-01-07,AAPL,128.36000061035156,131.6300048828125,127.86000061035156,130.9199981689453,109578200,127.44440460205078
2021-01-08,AAPL,132.42999267578125,132.6300048828125,130.22999572753906,132.0500030517578,105158200,128.54437255859375
2021-01-11,AAPL,129.19000244140625,130.1699981689453,128.5,128.97999572753906,100384500,125.55587005615234
2021-01-12,AAPL,128.5,129.69000244140625,126.86000061035156,128.8000030517578,91951100,125.38067626953124
2021-01-13,AAPL,128.75999450683594,131.4499969482422,128.49000549316406,130.88999938964844,88636800,127.4151840209961
2021-01-14,AAPL,130.8000030517578,131.0,128.75999450683594,128.91000366210938,90221800,125.48773956298828
2021-01-15,AAPL,128.77999877929688,130.22000122070312,127.0,127.13999938964844,111598500,123.76472473144533
2021-01-19,AAPL,127.77999877929688,128.7100067138672,126.94000244140624,127.83000183105467,90757300,124.43641662597656
2021-01-20,AAPL,128.66000366210938,132.49000549316406,128.5500030517578,132.02999877929688,104319500,128.52490234375
2021-01-21,AAPL,133.8000030517578,139.6699981689453,133.58999633789062,136.8699951171875,120150900,133.23643493652344
2021-01-22,AAPL,136.27999877929688,139.85000610351562,135.02000427246094,139.07000732421875,114459400,135.37802124023438
2021-01-25,AAPL,143.07000732421875,145.08999633789062,136.5399932861328,142.9199981689453,157611700,139.12582397460938
2021-01-26,AAPL,143.60000610351562,144.3000030517578,141.3699951171875,143.16000366210938,98390600,139.3594207763672
2021-01-27,AAPL,143.42999267578125,144.3000030517578,140.41000366210938,142.05999755859375,140843800,138.28863525390625
2021-01-28,AAPL,139.52000427246094,141.99000549316406,136.6999969482422,137.08999633789062,142621100,133.45057678222656
2021-01-29,AAPL,135.8300018310547,136.74000549316406,130.2100067138672,131.9600067138672,177523800,128.45675659179688
2021-02-01,AAPL,133.75,135.3800048828125,130.92999267578125,134.13999938964844,106239800,130.57888793945312
2021-02-02,AAPL,135.72999572753906,136.30999755859375,134.61000061035156,134.99000549316406,83305400,131.4062957763672
2021-02-03,AAPL,135.75999450683594,135.77000427246094,133.61000061035156,133.94000244140625,89880900,130.38421630859375
2021-02-04,AAPL,136.3000030517578,137.39999389648438,134.58999633789062,137.38999938964844,84183100,133.74261474609375
2021-02-05,AAPL,137.35000610351562,137.4199981689453,135.86000061035156,136.75999450683594,75693800,133.32827758789062
2021-02-08,AAPL,136.02999877929688,136.9600067138672,134.9199981689453,136.91000366210938,71297200,133.47451782226562
2021-02-09,AAPL,136.6199951171875,137.8800048828125,135.85000610351562,136.00999450683594,76774200,132.59710693359375
2021-02-10,AAPL,136.47999572753906,136.99000549316406,134.39999389648438,135.38999938964844,73046600,131.99267578125
2021-02-11,AAPL,135.89999389648438,136.38999938964844,133.77000427246094,135.1300048828125,64280000,131.73915100097656
2021-02-12,AAPL,134.35000610351562,135.52999877929688,133.69000244140625,135.3699951171875,60145100,131.97314453125
2021-02-16,AAPL,135.49000549316406,136.00999450683594,132.7899932861328,133.19000244140625,80576300,129.8478546142578
2021-02-17,AAPL,131.25,132.22000122070312,129.47000122070312,130.83999633789062,97918500,127.55685424804688
2021-02-18,AAPL,129.1999969482422,130.0,127.41000366210938,129.7100067138672,96856700,126.45519256591795
2021-02-19,AAPL,130.24000549316406,130.7100067138672,128.8000030517578,129.8699951171875,87668800,126.61114501953124
2021-02-22,AAPL,128.00999450683594,129.72000122070312,125.5999984741211,126.0,103916400,122.83828735351562
2021-02-23,AAPL,123.76000213623048,126.70999908447266,118.38999938964844,125.86000061035156,158273000,122.7018051147461
2021-02-24,AAPL,124.94000244140624,125.55999755859376,122.2300033569336,125.3499984741211,111039900,122.20458221435548
2021-02-25,AAPL,124.68000030517578,126.45999908447266,120.54000091552734,120.98999786376952,148199500,117.95398712158205
2021-02-26,AAPL,122.58999633789062,124.8499984741211,121.1999969482422,121.26000213623048,164560400,118.21721649169922
2021-03-01,AAPL,123.75,127.93000030517578,122.79000091552734,127.79000091552734,116307900,124.58335876464844
2021-03-02,AAPL,128.41000366210938,128.72000122070312,125.01000213623048,125.12000274658205,102260900,121.9803695678711
2021-03-03,AAPL,124.80999755859376,125.70999908447266,121.83999633789062,122.05999755859376,112966300,118.99713897705078
2021-03-04,AAPL,121.75,123.5999984741211,118.62000274658205,120.12999725341795,178155000,117.11557006835938
2021-03-05,AAPL,120.9800033569336,121.94000244140624,117.56999969482422,121.41999816894533,153766600,118.3731918334961
2021-03-08,AAPL,120.93000030517578,121.0,116.20999908447266,116.36000061035156,154376600,113.44017028808594
2021-03-09,AAPL,119.02999877929688,122.05999755859376,118.79000091552734,121.08999633789062,129525800,118.05148315429688
2021-03-10,AAPL,121.69000244140624,122.16999816894533,119.4499969482422,119.9800033569336,111943300,116.9693374633789
2021-03-11,AAPL,122.54000091552734,123.20999908447266,121.26000213623048,121.95999908447266,103026500,118.899658203125
2021-03-12,AAPL,120.4000015258789,121.16999816894533,119.16000366210938,121.02999877929688,88105100,117.99297332763672
2021-03-15,AAPL,121.41000366210938,124.0,120.41999816894533,123.98999786376952,92403800,120.8787078857422
2021-03-16,AAPL,125.6999969482422,127.22000122070312,124.72000122070312,125.56999969482422,115227900,122.4190673828125
2021-03-17,AAPL,124.0500030517578,125.86000061035156,122.33999633789062,124.76000213623048,111932600,121.62940216064452
2021-03-18,AAPL,122.87999725341795,123.18000030517578,120.31999969482422,120.52999877929688,121229700,117.50553131103516
2021-03-19,AAPL,119.9000015258789,121.43000030517578,119.68000030517578,119.98999786376952,185549500,116.97909545898438
2021-03-22,AAPL,120.33000183105467,123.87000274658205,120.26000213623048,123.38999938964844,111912300,120.29376983642578
2021-03-23,AAPL,123.33000183105467,124.23999786376952,122.13999938964844,122.54000091552734,95467100,119.4651107788086
2021-03-24,AAPL,122.81999969482422,122.9000015258789,120.06999969482422,120.08999633789062,88530500,117.0765609741211
2021-03-25,AAPL,119.54000091552734,121.66000366210938,119.0,120.58999633789062,98844700,117.5640106201172
2021-03-26,AAPL,120.3499984741211,121.4800033569336,118.91999816894533,121.20999908447266,94071200,118.16847229003906
2021-03-29,AAPL,121.6500015258789,122.58000183105467,120.7300033569336,121.38999938964844,80819200,118.3439483642578
2021-03-30,AAPL,120.11000061035156,120.4000015258789,118.86000061035156,119.9000015258789,85671900,116.89134979248048
2021-03-31,AAPL,121.6500015258789,123.5199966430664,121.1500015258789,122.1500015258789,118323800,119.08486938476562
2021-04-01,AAPL,123.66000366210938,124.18000030517578,122.48999786376952,123.0,75089100,119.91354370117188
2021-04-05,AAPL,123.87000274658205,126.16000366210938,123.06999969482422,125.9000015258789,88651200,122.74079895019533
2021-04-06,AAPL,126.5,127.12999725341795,125.6500015258789,126.20999908447266,80171300,123.0429916381836
2021-04-07,AAPL,125.83000183105467,127.91999816894533,125.13999938964844,127.9000015258789,83466700,124.69059753417967
2021-04-08,AAPL,128.9499969482422,130.38999938964844,128.52000427246094,130.36000061035156,88844600,127.08890533447266
2021-04-09,AAPL,129.8000030517578,133.0399932861328,129.47000122070312,133.0,106686700,129.66262817382812
2021-04-12,AAPL,132.52000427246094,132.85000610351562,130.6300048828125,131.24000549316406,91420000,127.94677734375
2021-04-13,AAPL,132.44000244140625,134.66000366210938,131.92999267578125,134.42999267578125,91266500,131.05670166015625
2021-04-14,AAPL,134.94000244140625,135.0,131.66000366210938,132.02999877929688,87222800,128.7169647216797
2021-04-15,AAPL,133.82000732421875,135.0,133.63999938964844,134.5,89347100,131.12493896484375
2021-04-16,AAPL,134.3000030517578,134.6699981689453,133.27999877929688,134.16000366210938,84922400,130.79356384277344
2021-04-19,AAPL,133.50999450683594,135.47000122070312,133.33999633789062,134.83999633789062,94264200,131.4564666748047
2021-04-20,AAPL,135.02000427246094,135.52999877929688,131.80999755859375,133.11000061035156,94812300,129.76983642578125
2021-04-21,AAPL,132.36000061035156,133.75,131.3000030517578,133.5,68847100,130.15011596679688
2021-04-22,AAPL,133.0399932861328,134.14999389648438,131.41000366210938,131.94000244140625,84566500,128.62924194335938
2021-04-23,AAPL,132.16000366210938,135.1199951171875,132.16000366210938,134.32000732421875,78657500,130.9495086669922
2021-04-26,AAPL,134.8300018310547,135.05999755859375,133.55999755859375,134.72000122070312,66905100,131.3394775390625
2021-04-27,AAPL,135.00999450683594,135.41000366210938,134.11000061035156,134.38999938964844,66015800,131.01776123046875
2021-04-28,AAPL,134.30999755859375,135.02000427246094,133.0800018310547,133.5800018310547,107760100,130.22805786132812
2021-04-29,AAPL,136.47000122070312,137.07000732421875,132.4499969482422,133.47999572753906,151101000,130.13059997558594
2021-04-30,AAPL,131.77999877929688,133.55999755859375,131.07000732421875,131.4600067138672,109839500,128.16127014160156
2021-05-03,AAPL,132.0399932861328,134.07000732421875,131.8300018310547,132.5399932861328,75135100,129.21417236328125
2021-05-04,AAPL,131.19000244140625,131.49000549316406,126.6999969482422,127.8499984741211,137564700,124.64186096191406
2021-05-05,AAPL,129.1999969482422,130.4499969482422,127.97000122070312,128.10000610351562,84000900,124.88558197021484
2021-05-06,AAPL,127.88999938964844,129.75,127.12999725341795,129.74000549316406,78128300,126.48444366455078
2021-05-07,AAPL,130.85000610351562,131.25999450683594,129.47999572753906,130.2100067138672,78973300,127.15827178955078
2021-05-10,AAPL,129.41000366210938,129.5399932861328,126.80999755859376,126.8499984741211,88071200,123.87699127197266
2021-05-11,AAPL,123.5,126.2699966430664,122.7699966430664,125.91000366210938,126142800,122.9590301513672
2021-05-12,AAPL,123.4000015258789,124.63999938964844,122.25,122.7699966430664,112172300,119.89261627197266
2021-05-13,AAPL,124.58000183105467,126.1500015258789,124.26000213623048,124.97000122070312,105861300,122.0410614013672
2021-05-14,AAPL,126.25,127.88999938964844,125.8499984741211,127.4499969482422,81918000,124.46292877197266
2021-05-17,AAPL,126.81999969482422,126.93000030517578,125.16999816894533,126.2699966430664,74244600,123.31060028076172
2021-05-18,AAPL,126.55999755859376,126.98999786376952,124.77999877929688,124.8499984741211,63342900,121.92386627197266
2021-05-19,AAPL,123.16000366210938,124.91999816894533,122.86000061035156,124.69000244140624,92612000,121.76763916015624
2021-05-20,AAPL,125.2300033569336,127.72000122070312,125.0999984741211,127.30999755859376,76857100,124.32621002197266
2021-05-21,AAPL,127.81999969482422,128.0,125.20999908447266,125.43000030517578,79295400,122.49028778076172
2021-05-24,AAPL,126.01000213623048,127.94000244140624,125.94000244140624,127.0999984741211,63092900,124.12115478515624
2021-05-25,AAPL,127.81999969482422,128.32000732421875,126.31999969482422,126.9000015258789,72009500,123.92583465576172
2021-05-26,AAPL,126.95999908447266,127.38999938964844,126.41999816894533,126.8499984741211,56575900,123.87699127197266
2021-05-27,AAPL,126.44000244140624,127.63999938964844,125.08000183105467,125.27999877929688,94625600,122.3437957763672
2021-05-28,AAPL,125.56999969482422,125.8000030517578,124.5500030517578,124.61000061035156,71311100,121.68949127197266
2021-06-01,AAPL,125.08000183105467,125.3499984741211,123.94000244140624,124.27999877929688,67637100,121.36724090576172
2021-06-02,AAPL,124.27999877929688,125.23999786376952,124.0500030517578,125.05999755859376,59278900,122.1289520263672
2021-06-03,AAPL,124.68000030517578,124.8499984741211,123.12999725341795,123.54000091552734,76229200,120.64458465576172
2021-06-04,AAPL,124.06999969482422,126.16000366210938,123.8499984741211,125.88999938964844,75169300,122.9394989013672
2021-06-07,AAPL,126.16999816894533,126.31999969482422,124.83000183105467,125.9000015258789,71057600,122.94927978515624
2021-06-08,AAPL,126.5999984741211,128.4600067138672,126.20999908447266,126.73999786376952,74403800,123.76958465576172
2021-06-09,AAPL,127.20999908447266,127.75,126.5199966430664,127.12999725341795,56877900,124.15045166015624
2021-06-10,AAPL,127.0199966430664,128.19000244140625,125.94000244140624,126.11000061035156,71186400,123.15432739257812
2021-06-11,AAPL,126.52999877929688,127.44000244140624,126.0999984741211,127.3499984741211,53522400,124.36529541015624
2021-06-14,AAPL,127.81999969482422,130.5399932861328,127.06999969482422,130.47999572753906,96906500,127.42191314697266
2021-06-15,AAPL,129.94000244140625,130.60000610351562,129.38999938964844,129.63999938964844,62746300,126.60161590576172
2021-06-16,AAPL,130.3699951171875,130.88999938964844,128.4600067138672,130.14999389648438,91815000,127.0996551513672
2021-06-17,AAPL,129.8000030517578,132.5500030517578,129.64999389648438,131.7899932861328,96721700,128.7012176513672
2021-06-18,AAPL,130.7100067138672,131.50999450683594,130.24000549316406,130.4600067138672,108953300,127.40240478515624
2021-06-21,AAPL,130.3000030517578,132.41000366210938,129.2100067138672,132.3000030517578,79663300,129.1992645263672
2021-06-22,AAPL,132.1300048828125,134.0800018310547,131.6199951171875,133.97999572753906,74783600,130.83990478515625
2021-06-23,AAPL,133.77000427246094,134.32000732421875,133.22999572753906,133.6999969482422,60214200,130.5664520263672
2021-06-24,AAPL,134.4499969482422,134.63999938964844,132.92999267578125,133.41000366210938,68711000,130.28326416015625
2021-06-25,AAPL,133.4600067138672,133.88999938964844,132.80999755859375,133.11000061035156,70783700,129.99026489257812
2021-06-28,AAPL,133.41000366210938,135.25,133.35000610351562,134.77999877929688,62111300,131.62115478515625
2021-06-29,AAPL,134.8000030517578,136.49000549316406,134.35000610351562,136.3300018310547,64556100,133.1348419189453
2021-06-30,AAPL,136.1699981689453,137.41000366210938,135.8699951171875,136.9600067138672,63261400,133.75006103515625
2021-07-01,AAPL,136.60000610351562,137.3300018310547,135.75999450683594,137.27000427246094,52485800,134.05284118652344
2021-07-02,AAPL,137.89999389648438,140.0,137.75,139.9600067138672,78852600,136.6797637939453
2021-07-06,AAPL,140.07000732421875,143.14999389648438,140.07000732421875,142.02000427246094,108181800,138.69149780273438
2021-07-07,AAPL,143.5399932861328,144.88999938964844,142.66000366210938,144.57000732421875,104911600,141.18170166015625
2021-07-08,AAPL,141.5800018310547,144.05999755859375,140.6699981689453,143.24000549316406,105575500,139.8828582763672
2021-07-09,AAPL,142.75,145.64999389648438,142.64999389648438,145.11000061035156,99890800,141.7090301513672
2021-07-12,AAPL,146.2100067138672,146.32000732421875,144.0,144.5,76299700,141.1133270263672
2021-07-13,AAPL,144.02999877929688,147.4600067138672,143.6300048828125,145.63999938964844,100827100,142.22662353515625
2021-07-14,AAPL,148.10000610351562,149.57000732421875,147.67999267578125,149.14999389648438,127050800,145.65432739257812
2021-07-15,AAPL,149.24000549316406,150.0,147.08999633789062,148.47999572753906,106820300,145.0000457763672
2021-07-16,AAPL,148.4600067138672,149.75999450683594,145.8800048828125,146.38999938964844,93251400,142.9590301513672
2021-07-19,AAPL,143.75,144.07000732421875,141.6699981689453,142.4499969482422,121434600,139.11138916015625
2021-07-20,AAPL,143.4600067138672,147.10000610351562,142.9600067138672,146.14999389648438,96350000,142.7246551513672
2021-07-21,AAPL,145.52999877929688,146.1300048828125,144.6300048828125,145.39999389648438,74993500,141.99224853515625
2021-07-22,AAPL,145.94000244140625,148.1999969482422,145.80999755859375,146.8000030517578,77338200,143.35943603515625
2021-07-23,AAPL,147.5500030517578,148.72000122070312,146.9199981689453,148.55999755859375,71447400,145.07815551757812
2021-07-26,AAPL,148.27000427246094,149.8300018310547,147.6999969482422,148.99000549316406,72434100,145.4981231689453
2021-07-27,AAPL,149.1199951171875,149.2100067138672,145.5500030517578,146.77000427246094,104818600,143.33013916015625
2021-07-28,AAPL,144.80999755859375,146.97000122070312,142.5399932861328,144.97999572753906,118931200,141.58206176757812
2021-07-29,AAPL,144.69000244140625,146.5500030517578,144.5800018310547,145.63999938964844,56699500,142.22662353515625
2021-07-30,AAPL,144.3800048828125,146.3300018310547,144.11000061035156,145.86000061035156,70440600,142.44149780273438
2021-08-02,AAPL,146.36000061035156,146.9499969482422,145.25,145.52000427246094,62880000,142.10943603515625
2021-08-03,AAPL,145.80999755859375,148.0399932861328,145.17999267578125,147.36000061035156,64786600,143.90628051757812
2021-08-04,AAPL,147.27000427246094,147.7899932861328,146.27999877929688,146.9499969482422,56368300,143.50592041015625
2021-08-05,AAPL,146.97999572753906,147.83999633789062,146.1699981689453,147.05999755859375,46397700,143.61334228515625
2021-08-06,AAPL,146.35000610351562,147.11000061035156,145.6300048828125,146.13999938964844,54126800,142.92868041992188
2021-08-09,AAPL,146.1999969482422,146.6999969482422,145.52000427246094,146.08999633789062,48908700,142.87982177734375
2021-08-10,AAPL,146.44000244140625,147.7100067138672,145.3000030517578,145.60000610351562,69023100,142.40060424804688
2021-08-11,AAPL,146.0500030517578,146.72000122070312,145.52999877929688,145.86000061035156,48493500,142.65487670898438
2021-08-12,AAPL,146.19000244140625,149.0500030517578,145.83999633789062,148.88999938964844,72282600,145.61830139160156
2021-08-13,AAPL,148.97000122070312,149.44000244140625,148.27000427246094,149.10000610351562,59375000,145.82369995117188
2021-08-16,AAPL,148.5399932861328,151.19000244140625,146.47000122070312,151.1199951171875,103296000,147.7992706298828
2021-08-17,AAPL,150.22999572753906,151.67999267578125,149.08999633789062,150.19000244140625,92229700,146.8897705078125
2021-08-18,AAPL,149.8000030517578,150.72000122070312,146.14999389648438,146.36000061035156,86326000,143.14389038085938
2021-08-19,AAPL,145.02999877929688,148.0,144.5,146.6999969482422,86960300,143.4763946533203
2021-08-20,AAPL,147.44000244140625,148.5,146.77999877929688,148.19000244140625,60549600,144.93370056152344
2021-08-23,AAPL,148.30999755859375,150.19000244140625,147.88999938964844,149.7100067138672,60131800,146.4202880859375
2021-08-24,AAPL,149.4499969482422,150.86000061035156,149.14999389648438,149.6199951171875,48606400,146.33226013183594
2021-08-25,AAPL,149.80999755859375,150.32000732421875,147.8000030517578,148.36000061035156,58991300,145.09994506835938
2021-08-26,AAPL,148.35000610351562,149.1199951171875,147.50999450683594,147.5399932861328,48597200,144.29798889160156
2021-08-27,AAPL,147.47999572753906,148.75,146.8300018310547,148.60000610351562,55802400,145.334716796875
2021-08-30,AAPL,149.0,153.49000549316406,148.61000061035156,153.1199951171875,90956700,149.75535583496094
2021-08-31,AAPL,152.66000366210938,152.8000030517578,151.2899932861328,151.8300018310547,86453100,148.4936981201172
2021-09-01,AAPL,152.8300018310547,154.97999572753906,152.33999633789062,152.50999450683594,80313700,149.15875244140625
2021-09-02,AAPL,153.8699951171875,154.72000122070312,152.39999389648438,153.64999389648438,71115500,150.27366638183594
2021-09-03,AAPL,153.75999450683594,154.6300048828125,153.08999633789062,154.3000030517578,57808700,150.90943908691406
2021-09-07,AAPL,154.97000122070312,157.25999450683594,154.38999938964844,156.69000244140625,82278300,153.24691772460938
2021-09-08,AAPL,156.97999572753906,157.0399932861328,153.97999572753906,155.11000061035156,74420200,151.70162963867188
2021-09-09,AAPL,155.49000549316406,156.11000061035156,153.9499969482422,154.07000732421875,57305700,150.6844940185547
2021-09-10,AAPL,155.0,155.47999572753906,148.6999969482422,148.97000122070312,140893200,145.696533203125
2021-09-13,AAPL,150.6300048828125,151.4199981689453,148.75,149.5500030517578,102404300,146.2638397216797
2021-09-14,AAPL,150.35000610351562,151.07000732421875,146.91000366210938,148.1199951171875,109296300,144.86524963378906
2021-09-15,AAPL,148.55999755859375,149.44000244140625,146.3699951171875,149.02999877929688,83281300,145.7552032470703
2021-09-16,AAPL,148.44000244140625,148.97000122070312,147.22000122070312,148.7899932861328,68034100,145.52044677734375
2021-09-17,AAPL,148.82000732421875,148.82000732421875,145.75999450683594,146.05999755859375,129868800,142.85044860839844
2021-09-20,AAPL,143.8000030517578,144.83999633789062,141.27000427246094,142.94000244140625,123478900,139.79904174804688
2021-09-21,AAPL,143.92999267578125,144.60000610351562,142.77999877929688,143.42999267578125,75834000,140.27828979492188
2021-09-22,AAPL,144.4499969482422,146.42999267578125,143.6999969482422,145.85000610351562,76404300,142.64511108398438
2021-09-23,AAPL,146.64999389648438,147.0800018310547,145.63999938964844,146.8300018310547,64838200,143.6035614013672
2021-09-24,AAPL,145.66000366210938,147.47000122070312,145.55999755859375,146.9199981689453,53477900,143.6915740966797
2021-09-27,AAPL,145.47000122070312,145.9600067138672,143.82000732421875,145.3699951171875,74150700,142.17564392089844
2021-09-28,AAPL,143.25,144.75,141.69000244140625,141.91000366210938,108972300,138.79164123535156
2021-09-29,AAPL,142.47000122070312,144.4499969482422,142.02999877929688,142.8300018310547,74602000,139.69149780273438
2021-09-30,AAPL,143.66000366210938,144.3800048828125,141.27999877929688,141.5,89056700,138.39073181152344
2021-10-01,AAPL,141.89999389648438,142.9199981689453,139.11000061035156,142.64999389648438,94639600,139.51541137695312
2021-10-04,AAPL,141.75999450683594,142.2100067138672,138.27000427246094,139.13999938964844,98322000,136.0825653076172
2021-10-05,AAPL,139.49000549316406,142.24000549316406,139.36000061035156,141.11000061035156,80861100,138.00926208496094
2021-10-06,AAPL,139.47000122070312,142.14999389648438,138.3699951171875,142.0,83221100,138.87969970703125
2021-10-07,AAPL,143.05999755859375,144.22000122070312,142.72000122070312,143.2899932861328,61732700,140.141357421875
2021-10-08,AAPL,144.02999877929688,144.17999267578125,142.55999755859375,142.89999389648438,58773200,139.7599334716797
2021-10-11,AAPL,142.27000427246094,144.80999755859375,141.80999755859375,142.80999755859375,64452200,139.67190551757812
2021-10-12,AAPL,143.22999572753906,143.25,141.0399932861328,141.50999450683594,73035900,138.4004669189453
2021-10-13,AAPL,141.24000549316406,141.39999389648438,139.1999969482422,140.91000366210938,78762700,137.81365966796875
2021-10-14,AAPL,142.11000061035156,143.8800048828125,141.50999450683594,143.75999450683594,69907100,140.60101318359375
2021-10-15,AAPL,143.77000427246094,144.89999389648438,143.50999450683594,144.83999633789062,67940300,141.6573028564453
2021-10-18,AAPL,143.4499969482422,146.83999633789062,143.16000366210938,146.5500030517578,85589200,143.32972717285156
2021-10-19,AAPL,147.00999450683594,149.1699981689453,146.5500030517578,148.75999450683594,76378900,145.49114990234375
2021-10-20,AAPL,148.6999969482422,149.75,148.1199951171875,149.25999450683594,58418800,145.9801788330078
2021-10-21,AAPL,148.80999755859375,149.63999938964844,147.8699951171875,149.47999572753906,61421000,146.19532775878906
2021-10-22,AAPL,149.69000244140625,150.17999267578125,148.63999938964844,148.69000244140625,58883400,145.42266845703125
2021-10-25,AAPL,148.67999267578125,149.3699951171875,147.6199951171875,148.63999938964844,50720600,145.37380981445312
2021-10-26,AAPL,149.3300018310547,150.83999633789062,149.00999450683594,149.32000732421875,60893400,146.03884887695312
2021-10-27,AAPL,149.36000061035156,149.72999572753906,148.49000549316406,148.85000610351562,56094900,145.57920837402344
2021-10-28,AAPL,149.82000732421875,153.1699981689453,149.72000122070312,152.57000732421875,100077900,149.21746826171875
2021-10-29,AAPL,147.22000122070312,149.94000244140625,146.41000366210938,149.8000030517578,124953200,146.50831604003906
2021-11-01,AAPL,148.99000549316406,149.6999969482422,147.8000030517578,148.9600067138672,74588300,145.686767578125
2021-11-02,AAPL,148.66000366210938,151.57000732421875,148.64999389648438,150.02000427246094,69122000,146.72348022460938
2021-11-03,AAPL,150.38999938964844,151.97000122070312,149.82000732421875,151.49000549316406,54511500,148.1611785888672
2021-11-04,AAPL,151.5800018310547,152.42999267578125,150.63999938964844,150.9600067138672,60394600,147.64283752441406
2021-11-05,AAPL,151.88999938964844,152.1999969482422,150.05999755859375,151.27999877929688,65463900,148.17173767089844
2021-11-08,AAPL,151.41000366210938,151.57000732421875,150.16000366210938,150.44000244140625,55020900,147.34896850585938
2021-11-09,AAPL,150.1999969482422,151.42999267578125,150.05999755859375,150.80999755859375,56787900,147.7113800048828
2021-11-10,AAPL,150.02000427246094,150.1300048828125,147.85000610351562,147.9199981689453,65187100,144.88072204589844
2021-11-11,AAPL,148.9600067138672,149.42999267578125,147.67999267578125,147.8699951171875,41000000,144.83180236816406
2021-11-12,AAPL,148.42999267578125,150.39999389648438,147.47999572753906,149.99000549316406,63804000,146.90821838378906
2021-11-15,AAPL,150.3699951171875,151.8800048828125,149.42999267578125,150.0,59222800,146.91802978515625
2021-11-16,AAPL,149.94000244140625,151.49000549316406,149.33999633789062,151.0,59256200,147.89749145507812
2021-11-17,AAPL,151.0,155.0,150.99000549316406,153.49000549316406,88807000,150.33631896972656
2021-11-18,AAPL,153.7100067138672,158.6699981689453,153.0500030517578,157.8699951171875,137827700,154.62628173828125
2021-11-19,AAPL,157.64999389648438,161.02000427246094,156.52999877929688,160.5500030517578,117305600,157.25125122070312
2021-11-22,AAPL,161.67999267578125,165.6999969482422,161.0,161.02000427246094,117467900,157.7116241455078
2021-11-23,AAPL,161.1199951171875,161.8000030517578,159.05999755859375,161.41000366210938,96041900,158.09356689453125
2021-11-24,AAPL,160.75,162.13999938964844,159.63999938964844,161.94000244140625,69463600,158.6126708984375
2021-11-26,AAPL,159.57000732421875,160.4499969482422,156.36000061035156,156.80999755859375,76959800,153.58807373046875
2021-11-29,AAPL,159.3699951171875,161.19000244140625,158.7899932861328,160.24000549316406,88748200,156.9476318359375
2021-11-30,AAPL,159.99000549316406,165.52000427246094,159.9199981689453,165.3000030517578,174048100,161.90367126464844
2021-12-01,AAPL,167.47999572753906,170.3000030517578,164.52999877929688,164.77000427246094,152052500,161.3845672607422
2021-12-02,AAPL,158.74000549316406,164.1999969482422,157.8000030517578,163.75999450683594,136739200,160.395263671875
2021-12-03,AAPL,164.02000427246094,164.9600067138672,159.72000122070312,161.83999633789062,118023100,158.51473999023438
2021-12-06,AAPL,164.2899932861328,167.8800048828125,164.27999877929688,165.32000732421875,107497000,161.92324829101562
2021-12-07,AAPL,169.0800018310547,171.5800018310547,168.33999633789062,171.17999267578125,120405400,167.662841796875
2021-12-08,AAPL,172.1300048828125,175.9600067138672,170.6999969482422,175.0800018310547,116998900,171.482666015625
2021-12-09,AAPL,174.91000366210938,176.75,173.9199981689453,174.55999755859375,108923700,170.97335815429688
2021-12-10,AAPL,175.2100067138672,179.6300048828125,174.69000244140625,179.4499969482422,115402700,175.76292419433594
2021-12-13,AAPL,181.1199951171875,182.1300048828125,175.52999877929688,175.74000549316406,153237000,172.12913513183594
2021-12-14,AAPL,175.25,177.74000549316406,172.2100067138672,174.3300018310547,139380400,170.74813842773438
2021-12-15,AAPL,175.11000061035156,179.5,172.30999755859375,179.3000030517578,131063300,175.6160125732422
2021-12-16,AAPL,179.27999877929688,181.13999938964844,170.75,172.25999450683594,150185800,168.7206268310547
2021-12-17,AAPL,169.92999267578125,173.47000122070312,169.69000244140625,171.13999938964844,195432700,167.62367248535156
2021-12-20,AAPL,168.27999877929688,170.5800018310547,167.4600067138672,169.75,107499100,166.26222229003906
2021-12-21,AAPL,171.55999755859375,173.1999969482422,169.1199951171875,172.99000549316406,91185900,169.43565368652344
2021-12-22,AAPL,173.0399932861328,175.86000061035156,172.14999389648438,175.63999938964844,92135300,172.0312042236328
2021-12-23,AAPL,175.85000610351562,176.85000610351562,175.27000427246094,176.27999877929688,68356600,172.65809631347656
2021-12-27,AAPL,177.08999633789062,180.4199981689453,177.07000732421875,180.3300018310547,74919600,176.62486267089844
2021-12-28,AAPL,180.16000366210935,181.3300018310547,178.52999877929688,179.2899932861328,79144300,175.606201171875
2021-12-29,AAPL,179.3300018310547,180.6300048828125,178.13999938964844,179.3800048828125,62348900,175.69435119628906
2021-12-30,AAPL,179.47000122070312,180.57000732421875,178.08999633789062,178.1999969482422,59773000,174.53860473632812
2021-12-31,AAPL,178.08999633789062,179.22999572753906,177.25999450683594,177.57000732421875,64062300,173.9215545654297
2022-01-03,AAPL,177.8300018310547,182.8800048828125,177.7100067138672,182.0099945068359,104487900,178.27032470703125
2022-01-04,AAPL,182.6300048828125,182.94000244140625,179.1199951171875,179.6999969482422,99310400,176.00778198242188
2022-01-05,AAPL,179.61000061035156,180.1699981689453,174.63999938964844,174.9199981689453,94537600,171.3260040283203
2022-01-06,AAPL,172.6999969482422,175.3000030517578,171.63999938964844,172.0,96904000,168.46597290039062
2022-01-07,AAPL,172.88999938964844,174.13999938964844,171.02999877929688,172.1699981689453,86709100,168.63250732421875
2022-01-10,AAPL,169.0800018310547,172.5,168.1699981689453,172.19000244140625,106765600,168.652099609375
2022-01-11,AAPL,172.32000732421875,175.17999267578125,170.82000732421875,175.0800018310547,76138300,171.482666015625
2022-01-12,AAPL,176.1199951171875,177.17999267578125,174.82000732421875,175.52999877929688,74805200,171.9235076904297
2022-01-13,AAPL,175.77999877929688,176.6199951171875,171.7899932861328,172.19000244140625,84505800,168.652099609375
2022-01-14,AAPL,171.33999633789062,173.77999877929688,171.08999633789062,173.07000732421875,80440800,169.51400756835938
2022-01-18,AAPL,171.50999450683594,172.5399932861328,169.41000366210938,169.8000030517578,90956700,166.31117248535156
2022-01-19,AAPL,170.0,171.0800018310547,165.94000244140625,166.22999572753906,94815000,162.81455993652344
2022-01-20,AAPL,166.97999572753906,169.67999267578125,164.17999267578125,164.50999450683594,91420500,161.1298828125
2022-01-21,AAPL,164.4199981689453,166.3300018310547,162.3000030517578,162.41000366210938,122848900,159.07302856445312
2022-01-24,AAPL,160.02000427246094,162.3000030517578,154.6999969482422,161.6199951171875,162294600,158.2992706298828
2022-01-25,AAPL,158.97999572753906,162.75999450683594,157.02000427246094,159.77999877929688,115798400,156.4970703125
2022-01-26,AAPL,163.5,164.38999938964844,157.82000732421875,159.69000244140625,108275300,156.40887451171875
2022-01-27,AAPL,162.4499969482422,163.83999633789062,158.27999877929688,159.22000122070312,121954600,155.9485626220703
2022-01-28,AAPL,165.7100067138672,170.35000610351562,162.8000030517578,170.3300018310547,179935700,166.830322265625
2022-01-31,AAPL,170.16000366210938,175.0,169.50999450683594,174.77999877929688,115541600,171.1888427734375
2022-02-01,AAPL,174.00999450683594,174.83999633789062,172.30999755859375,174.61000061035156,86213900,171.02236938476562
2022-02-02,AAPL,174.75,175.8800048828125,173.3300018310547,175.83999633789062,84914300,172.22708129882812
2022-02-03,AAPL,174.47999572753906,176.24000549316406,172.1199951171875,172.89999389648438,89418100,169.34747314453125
2022-02-04,AAPL,171.67999267578125,174.10000610351562,170.67999267578125,172.38999938964844,82465400,169.06309509277344
2022-02-07,AAPL,172.86000061035156,173.9499969482422,170.9499969482422,171.66000366210938,77251200,168.34719848632812
2022-02-08,AAPL,171.72999572753906,175.35000610351562,171.42999267578125,174.8300018310547,74829200,171.4560089111328
2022-02-09,AAPL,176.0500030517578,176.64999389648438,174.89999389648438,176.27999877929688,71285000,172.87806701660156
2022-02-10,AAPL,174.13999938964844,175.47999572753906,171.5500030517578,172.1199951171875,90865900,168.79833984375
2022-02-11,AAPL,172.3300018310547,173.0800018310547,168.0399932861328,168.63999938964844,98670700,165.38548278808594
2022-02-14,AAPL,167.3699951171875,169.5800018310547,166.55999755859375,168.8800048828125,86185500,165.62086486816406
2022-02-15,AAPL,170.97000122070312,172.9499969482422,170.25,172.7899932861328,62527400,169.4553985595703
2022-02-16,AAPL,171.85000610351562,173.33999633789062,170.0500030517578,172.5500030517578,61177400,169.2200164794922
2022-02-17,AAPL,171.02999877929688,171.91000366210938,168.47000122070312,168.8800048828125,69589300,165.62086486816406
2022-02-18,AAPL,169.82000732421875,170.5399932861328,166.19000244140625,167.3000030517578,82772700,164.07131958007812
2022-02-22,AAPL,164.97999572753906,166.69000244140625,162.14999389648438,164.32000732421875,91162800,161.14883422851562
2022-02-23,AAPL,165.5399932861328,166.14999389648438,159.75,160.07000732421875,90009200,156.98089599609375
2022-02-24,AAPL,152.5800018310547,162.85000610351562,152.0,162.74000549316406,141147500,159.5993194580078
2022-02-25,AAPL,163.83999633789062,165.1199951171875,160.8699951171875,164.85000610351562,91974200,161.6686248779297
2022-02-28,AAPL,163.05999755859375,165.4199981689453,162.42999267578125,165.1199951171875,95056600,161.9333953857422
2022-03-01,AAPL,164.6999969482422,166.60000610351562,161.97000122070312,163.1999969482422,83474400,160.0504608154297
2022-03-02,AAPL,164.38999938964844,167.36000061035156,162.9499969482422,166.55999755859375,79724800,163.34559631347656
2022-03-03,AAPL,168.47000122070312,168.91000366210938,165.5500030517578,166.22999572753906,76678400,163.02200317382812
2022-03-04,AAPL,164.49000549316406,165.5500030517578,162.10000610351562,163.1699981689453,83737200,160.02102661132812
2022-03-07,AAPL,163.36000061035156,165.02000427246094,159.0399932861328,159.3000030517578,96418800,156.22572326660156
2022-03-08,AAPL,158.82000732421875,162.8800048828125,155.8000030517578,157.44000244140625,131148300,154.40164184570312
2022-03-09,AAPL,161.47999572753906,163.41000366210938,159.41000366210938,162.9499969482422,91454900,159.80526733398438
2022-03-10,AAPL,160.1999969482422,160.38999938964844,155.97999572753906,158.52000427246094,105342000,155.46075439453125
2022-03-11,AAPL,158.92999267578125,159.27999877929688,154.5,154.72999572753906,96970100,151.743896484375
2022-03-14,AAPL,151.4499969482422,154.1199951171875,150.10000610351562,150.6199951171875,108732100,147.7132110595703
2022-03-15,AAPL,150.89999389648438,155.57000732421875,150.3800048828125,155.08999633789062,92964300,152.0969696044922
2022-03-16,AAPL,157.0500030517578,160.0,154.4600067138672,159.58999633789062,102300200,156.51011657714844
2022-03-17,AAPL,158.61000061035156,161.0,157.6300048828125,160.6199951171875,75615400,157.52023315429688
2022-03-18,AAPL,160.50999450683594,164.47999572753906,159.75999450683594,163.97999572753906,123511700,160.81541442871094
2022-03-21,AAPL,163.50999450683594,166.35000610351562,163.00999450683594,165.3800048828125,95811400,162.18836975097656
2022-03-22,AAPL,165.50999450683594,169.4199981689453,164.91000366210938,168.82000732421875,81532000,165.56199645996094
2022-03-23,AAPL,167.99000549316406,172.63999938964844,167.64999389648438,170.2100067138672,98062700,166.92520141601562
2022-03-24,AAPL,171.05999755859375,174.13999938964844,170.2100067138672,174.07000732421875,90131400,170.71070861816406
2022-03-25,AAPL,173.8800048828125,175.27999877929688,172.75,174.72000122070312,80546200,171.34811401367188
2022-03-28,AAPL,172.1699981689453,175.72999572753906,172.0,175.60000610351562,90371900,172.21115112304688
2022-03-29,AAPL,176.69000244140625,179.00999450683594,176.33999633789062,178.9600067138672,100589400,175.50631713867188
2022-03-30,AAPL,178.5500030517578,179.61000061035156,176.6999969482422,177.77000427246094,92633200,174.33929443359375
2022-03-31,AAPL,177.83999633789062,178.02999877929688,174.39999389648438,174.61000061035156,103049300,171.24026489257812
2022-04-01,AAPL,174.02999877929688,174.8800048828125,171.94000244140625,174.30999755859375,78751300,170.94606018066406
2022-04-04,AAPL,174.57000732421875,178.49000549316406,174.44000244140625,178.44000244140625,76468400,174.996337890625
2022-04-05,AAPL,177.5,178.3000030517578,174.4199981689453,175.05999755859375,73401800,171.6815643310547
2022-04-06,AAPL,172.36000061035156,173.6300048828125,170.1300048828125,171.8300018310547,89058800,168.513916015625
2022-04-07,AAPL,171.16000366210938,173.36000061035156,169.85000610351562,172.13999938964844,77594700,168.8179168701172
2022-04-08,AAPL,171.77999877929688,171.77999877929688,169.1999969482422,170.08999633789062,76575500,166.8074951171875
2022-04-11,AAPL,168.7100067138672,169.02999877929688,165.5,165.75,72246700,162.55125427246094
2022-04-12,AAPL,168.02000427246094,169.8699951171875,166.63999938964844,167.66000366210938,79265200,164.42437744140625
2022-04-13,AAPL,167.38999938964844,171.0399932861328,166.77000427246094,170.39999389648438,70618900,167.1114959716797
2022-04-14,AAPL,170.6199951171875,171.27000427246094,165.0399932861328,165.2899932861328,75329400,162.10011291503906
2022-04-18,AAPL,163.9199981689453,166.60000610351562,163.57000732421875,165.07000732421875,69023900,161.8843994140625
2022-04-19,AAPL,165.02000427246094,167.82000732421875,163.91000366210938,167.39999389648438,67723800,164.16941833496094
2022-04-20,AAPL,168.75999450683594,168.8800048828125,166.10000610351562,167.22999572753906,67929800,164.00267028808594
2022-04-21,AAPL,168.91000366210938,171.52999877929688,165.91000366210938,166.4199981689453,87227800,163.2082977294922
2022-04-22,AAPL,166.4600067138672,167.8699951171875,161.5,161.7899932861328,84882400,158.6676483154297
2022-04-25,AAPL,161.1199951171875,163.1699981689453,158.4600067138672,162.8800048828125,96046400,159.73663330078125
2022-04-26,AAPL,162.25,162.33999633789062,156.72000122070312,156.8000030517578,95623200,153.7739715576172
2022-04-27,AAPL,155.91000366210938,159.7899932861328,155.3800048828125,156.57000732421875,88063200,153.54840087890625
2022-04-28,AAPL,159.25,164.52000427246094,158.92999267578125,163.63999938964844,130216800,160.48194885253906
2022-04-29,AAPL,161.83999633789062,166.1999969482422,157.25,157.64999389648438,131747600,154.60757446289062
2022-05-02,AAPL,156.7100067138672,158.22999572753906,153.27000427246094,157.9600067138672,123055300,154.91160583496094
2022-05-03,AAPL,158.14999389648438,160.7100067138672,156.32000732421875,159.47999572753906,88966500,156.40225219726562
2022-05-04,AAPL,159.6699981689453,166.47999572753906,159.25999450683594,166.02000427246094,108256500,162.81607055664062
2022-05-05,AAPL,163.85000610351562,164.0800018310547,154.9499969482422,156.77000427246094,130525300,153.7445526123047
2022-05-06,AAPL,156.00999450683594,159.44000244140625,154.17999267578125,157.27999877929688,116124600,154.47132873535156
2022-05-09,AAPL,154.92999267578125,155.8300018310547,151.49000549316406,152.05999755859375,131577900,149.3445281982422
2022-05-10,AAPL,155.52000427246094,156.74000549316406,152.92999267578125,154.50999450683594,115366700,151.75079345703125
2022-05-11,AAPL,153.5,155.4499969482422,145.80999755859375,146.5,142689800,143.88381958007812
2022-05-12,AAPL,142.77000427246094,146.1999969482422,138.8000030517578,142.55999755859375,182602000,140.01422119140625
2022-05-13,AAPL,144.58999633789062,148.10000610351562,143.11000061035156,147.11000061035156,113990900,144.48294067382812
2022-05-16,AAPL,145.5500030517578,147.52000427246094,144.17999267578125,145.5399932861328,86643800,142.94097900390625
2022-05-17,AAPL,148.86000061035156,149.77000427246094,146.67999267578125,149.24000549316406,78336300,146.57493591308594
2022-05-18,AAPL,146.85000610351562,147.36000061035156,139.89999389648438,140.82000732421875,109742900,138.3052978515625
2022-05-19,AAPL,139.8800048828125,141.66000366210938,136.60000610351562,137.35000610351562,136095600,134.89724731445312
2022-05-20,AAPL,139.08999633789062,140.6999969482422,132.61000061035156,137.58999633789062,137426100,135.13296508789062
2022-05-23,AAPL,137.7899932861328,143.25999450683594,137.64999389648438,143.11000061035156,117726300,140.55435180664062
2022-05-24,AAPL,140.80999755859375,141.97000122070312,137.3300018310547,140.36000061035156,104132700,137.85345458984375
2022-05-25,AAPL,138.42999267578125,141.7899932861328,138.33999633789062,140.52000427246094,92482700,138.0106201171875
2022-05-26,AAPL,137.38999938964844,144.33999633789062,137.13999938964844,143.77999877929688,90601500,141.21240234375
2022-05-27,AAPL,145.38999938964844,149.67999267578125,145.25999450683594,149.63999938964844,90978500,146.96778869628906
2022-05-31,AAPL,149.07000732421875,150.66000366210938,146.83999633789062,148.83999633789062,103718400,146.18203735351562
2022-06-01,AAPL,149.89999389648438,151.74000549316406,147.67999267578125,148.7100067138672,74286600,146.05438232421875
2022-06-02,AAPL,147.8300018310547,151.27000427246094,146.86000061035156,151.2100067138672,72348100,148.50973510742188
2022-06-03,AAPL,146.89999389648438,147.97000122070312,144.4600067138672,145.3800048828125,88570300,142.78382873535156
2022-06-06,AAPL,147.02999877929688,148.57000732421875,144.89999389648438,146.13999938964844,71598400,143.53028869628906
2022-06-07,AAPL,144.35000610351562,149.0,144.10000610351562,148.7100067138672,67808200,146.05438232421875
2022-06-08,AAPL,148.5800018310547,149.8699951171875,147.4600067138672,147.9600067138672,53950200,145.3177490234375
2022-06-09,AAPL,147.0800018310547,147.9499969482422,142.52999877929688,142.63999938964844,69473000,140.0927734375
2022-06-10,AAPL,140.27999877929688,140.75999450683594,137.05999755859375,137.1300048828125,91437900,134.68116760253906
2022-06-13,AAPL,132.8699951171875,135.1999969482422,131.44000244140625,131.8800048828125,122207100,129.52488708496094
2022-06-14,AAPL,133.1300048828125,133.88999938964844,131.47999572753906,132.75999450683594,84784300,130.38919067382812
2022-06-15,AAPL,134.2899932861328,137.33999633789062,132.16000366210938,135.42999267578125,91533000,133.0115203857422
2022-06-16,AAPL,132.0800018310547,132.38999938964844,129.0399932861328,130.05999755859375,108123900,127.73739624023438
2022-06-17,AAPL,130.07000732421875,133.0800018310547,129.80999755859375,131.55999755859375,134520300,129.2106170654297
2022-06-21,AAPL,133.4199981689453,137.05999755859375,133.32000732421875,135.8699951171875,81000500,133.44363403320312
2022-06-22,AAPL,134.7899932861328,137.75999450683594,133.91000366210938,135.35000610351562,73409200,132.93296813964844
2022-06-23,AAPL,136.82000732421875,138.58999633789062,135.6300048828125,138.27000427246094,72433800,135.80081176757812
2022-06-24,AAPL,139.89999389648438,141.91000366210938,139.77000427246094,141.66000366210938,89116800,139.13026428222656
2022-06-27,AAPL,142.6999969482422,143.49000549316406,140.97000122070312,141.66000366210938,70207900,139.13026428222656
2022-06-28,AAPL,142.1300048828125,143.4199981689453,137.32000732421875,137.44000244140625,67083400,134.9856414794922
2022-06-29,AAPL,137.4600067138672,140.6699981689453,136.6699981689453,139.22999572753906,66242400,136.74365234375
2022-06-30,AAPL,137.25,138.3699951171875,133.77000427246094,136.72000122070312,98964500,134.2784881591797
2022-07-01,AAPL,136.0399932861328,139.0399932861328,135.66000366210938,138.92999267578125,71051600,136.4490203857422
2022-07-05,AAPL,137.77000427246094,141.61000061035156,136.92999267578125,141.55999755859375,73353800,139.0320587158203
2022-07-06,AAPL,141.35000610351562,144.1199951171875,141.0800018310547,142.9199981689453,74064300,140.36778259277344
2022-07-07,AAPL,143.2899932861328,146.5500030517578,143.27999877929688,146.35000610351562,66253700,143.73654174804688
2022-07-08,AAPL,145.25999450683594,147.5500030517578,145.0,147.0399932861328,64547800,144.41415405273438
2022-07-11,AAPL,145.6699981689453,146.63999938964844,143.77999877929688,144.8699951171875,63141600,142.28294372558594
2022-07-12,AAPL,145.75999450683594,148.4499969482422,145.0500030517578,145.86000061035156,77588800,143.25523376464844
2022-07-13,AAPL,142.99000549316406,146.4499969482422,142.1199951171875,145.49000549316406,71185600,142.89187622070312
2022-07-14,AAPL,144.0800018310547,148.9499969482422,143.25,148.47000122070312,78140700,145.8186798095703
2022-07-15,AAPL,149.77999877929688,150.86000061035156,148.1999969482422,150.1699981689453,76259900,147.48831176757812
2022-07-18,AAPL,150.74000549316406,151.57000732421875,146.6999969482422,147.07000732421875,81420900,144.44369506835938
2022-07-19,AAPL,147.9199981689453,151.22999572753906,146.91000366210938,151.0,82982400,148.30348205566406
2022-07-20,AAPL,151.1199951171875,153.72000122070312,150.3699951171875,153.0399932861328,64823400,150.30703735351562
2022-07-21,AAPL,154.5,155.57000732421875,151.94000244140625,155.35000610351562,65086600,152.57582092285156
2022-07-22,AAPL,155.38999938964844,156.27999877929688,153.41000366210938,154.08999633789062,66675400,151.3383026123047
2022-07-25,AAPL,154.00999450683594,155.0399932861328,152.27999877929688,152.9499969482422,53623900,150.2186737060547
2022-07-26,AAPL,152.25999450683594,153.08999633789062,150.8000030517578,151.60000610351562,55138700,148.89276123046875
2022-07-27,AAPL,152.5800018310547,157.3300018310547,152.16000366210938,156.7899932861328,78620700,153.9900665283203
2022-07-28,AAPL,156.97999572753906,157.63999938964844,154.41000366210938,157.35000610351562,81378700,154.54006958007812
2022-07-29,AAPL,161.24000549316406,163.6300048828125,159.5,162.50999450683594,101786900,159.60792541503906
2022-08-01,AAPL,161.00999450683594,163.58999633789062,160.88999938964844,161.50999450683594,67829400,158.62579345703125
2022-08-02,AAPL,160.10000610351562,162.41000366210938,159.6300048828125,160.00999450683594,59907000,157.15255737304688
2022-08-03,AAPL,160.83999633789062,166.58999633789062,160.75,166.1300048828125,82507500,163.16329956054688
2022-08-04,AAPL,166.00999450683594,167.19000244140625,164.42999267578125,165.80999755859375,55474100,162.8489990234375
2022-08-05,AAPL,163.2100067138672,165.85000610351562,163.0,165.35000610351562,56697000,162.62277221679688
2022-08-08,AAPL,166.3699951171875,167.80999755859375,164.1999969482422,164.8699951171875,60276900,162.15072631835938
2022-08-09,AAPL,164.02000427246094,165.82000732421875,163.25,164.9199981689453,63135500,162.1998748779297
2022-08-10,AAPL,167.67999267578125,169.33999633789062,166.89999389648438,169.24000549316406,70170500,166.44863891601562
2022-08-11,AAPL,170.05999755859375,170.99000549316406,168.19000244140625,168.49000549316406,57149200,165.7109832763672
2022-08-12,AAPL,169.82000732421875,172.1699981689453,169.39999389648438,172.10000610351562,68039400,169.26145935058594
2022-08-15,AAPL,171.52000427246094,173.38999938964844,171.35000610351562,173.19000244140625,54091700,170.33348083496094
2022-08-16,AAPL,172.77999877929688,173.7100067138672,171.66000366210938,173.02999877929688,56377100,170.17611694335938
2022-08-17,AAPL,172.77000427246094,176.14999389648438,172.57000732421875,174.5500030517578,79542000,171.67108154296875
2022-08-18,AAPL,173.75,174.89999389648438,173.1199951171875,174.14999389648438,62290100,171.2776641845703
2022-08-19,AAPL,173.02999877929688,173.74000549316406,171.30999755859375,171.52000427246094,70346300,168.6910400390625
2022-08-22,AAPL,169.69000244140625,169.86000061035156,167.13999938964844,167.57000732421875,69026800,164.80618286132812
2022-08-23,AAPL,167.0800018310547,168.7100067138672,166.64999389648438,167.22999572753906,54147100,164.47177124023438
2022-08-24,AAPL,167.32000732421875,168.11000061035156,166.25,167.52999877929688,53841500,164.76683044433594
2022-08-25,AAPL,168.77999877929688,170.13999938964844,168.35000610351562,170.02999877929688,51218200,167.22560119628906
2022-08-26,AAPL,170.57000732421875,171.0500030517578,163.55999755859375,163.6199951171875,78961000,160.9213409423828
2022-08-29,AAPL,161.14999389648438,162.89999389648438,159.82000732421875,161.3800048828125,73314000,158.71827697753906
2022-08-30,AAPL,162.1300048828125,162.55999755859375,157.72000122070312,158.91000366210938,77906200,156.28903198242188
2022-08-31,AAPL,160.30999755859375,160.5800018310547,157.13999938964844,157.22000122070312,87991100,154.62689208984375
2022-09-01,AAPL,156.63999938964844,158.4199981689453,154.6699981689453,157.9600067138672,74229900,155.354736328125
2022-09-02,AAPL,159.75,160.36000061035156,154.97000122070312,155.80999755859375,76957800,153.24014282226562
2022-09-06,AAPL,156.47000122070312,157.08999633789062,153.69000244140625,154.52999877929688,73714800,151.9812469482422
2022-09-07,AAPL,154.82000732421875,156.6699981689453,153.61000061035156,155.9600067138672,87449600,153.38768005371094
2022-09-08,AAPL,154.63999938964844,156.36000061035156,152.67999267578125,154.4600067138672,84923800,151.9124298095703
2022-09-09,AAPL,155.47000122070312,157.82000732421875,154.75,157.3699951171875,68028800,154.77442932128906
2022-09-12,AAPL,159.58999633789062,164.25999450683594,159.3000030517578,163.42999267578125,104956000,160.73446655273438
2022-09-13,AAPL,159.89999389648438,160.5399932861328,153.3699951171875,153.83999633789062,122656600,151.30264282226562
2022-09-14,AAPL,154.7899932861328,157.10000610351562,153.61000061035156,155.30999755859375,87965400,152.7483673095703
2022-09-15,AAPL,154.64999389648438,155.24000549316406,151.3800048828125,152.3699951171875,90481100,149.85687255859375
2022-09-16,AAPL,151.2100067138672,151.35000610351562,148.3699951171875,150.6999969482422,162278800,148.21444702148438
2022-09-19,AAPL,149.30999755859375,154.55999755859375,149.10000610351562,154.47999572753906,81474200,151.93209838867188
2022-09-20,AAPL,153.39999389648438,158.0800018310547,153.0800018310547,156.89999389648438,107689800,154.3121795654297
2022-09-21,AAPL,157.33999633789062,158.74000549316406,153.60000610351562,153.72000122070312,101696800,151.18458557128906
2022-09-22,AAPL,152.3800048828125,154.47000122070312,150.91000366210938,152.74000549316406,86652500,150.2207794189453
2022-09-23,AAPL,151.19000244140625,151.47000122070312,148.55999755859375,150.42999267578125,96029900,147.9488525390625
2022-09-26,AAPL,149.66000366210938,153.77000427246094,149.63999938964844,150.77000427246094,93339400,148.2832794189453
2022-09-27,AAPL,152.74000549316406,154.72000122070312,149.9499969482422,151.75999450683594,84442700,149.2569580078125
2022-09-28,AAPL,147.63999938964844,150.63999938964844,144.83999633789062,149.83999633789062,146691400,147.36862182617188
2022-09-29,AAPL,146.10000610351562,146.72000122070312,140.67999267578125,142.47999572753906,128138200,140.12998962402344
2022-09-30,AAPL,141.27999877929688,143.10000610351562,138.0,138.1999969482422,124925300,135.9206085205078
2022-10-03,AAPL,138.2100067138672,143.07000732421875,137.69000244140625,142.4499969482422,114311700,140.10047912597656
2022-10-04,AAPL,145.02999877929688,146.22000122070312,144.25999450683594,146.10000610351562,87830100,143.69032287597656
2022-10-05,AAPL,144.07000732421875,147.3800048828125,143.00999450683594,146.39999389648438,79471000,143.9853057861328
2022-10-06,AAPL,145.80999755859375,147.5399932861328,145.22000122070312,145.42999267578125,68402200,143.0312957763672
2022-10-07,AAPL,142.5399932861328,143.10000610351562,139.4499969482422,140.08999633789062,85925600,137.7794189453125
2022-10-10,AAPL,140.4199981689453,141.88999938964844,138.57000732421875,140.4199981689453,74899000,138.10397338867188
2022-10-11,AAPL,139.89999389648438,141.35000610351562,138.22000122070312,138.97999572753906,77033700,136.68772888183594
2022-10-12,AAPL,139.1300048828125,140.36000061035156,138.16000366210938,138.33999633789062,70433700,136.05824279785156
2022-10-13,AAPL,134.99000549316406,143.58999633789062,134.3699951171875,142.99000549316406,113224000,140.63157653808594
2022-10-14,AAPL,144.30999755859375,144.52000427246094,138.19000244140625,138.3800048828125,88598000,136.09765625
2022-10-17,AAPL,141.07000732421875,142.89999389648438,140.27000427246094,142.41000366210938,85250900,140.0611572265625
2022-10-18,AAPL,145.49000549316406,146.6999969482422,140.61000061035156,143.75,99136600,141.37905883789062
2022-10-19,AAPL,141.69000244140625,144.9499969482422,141.5,143.86000061035156,61758300,141.4872283935547
2022-10-20,AAPL,143.02000427246094,145.88999938964844,142.64999389648438,143.38999938964844,64522000,141.0249786376953
2022-10-21,AAPL,142.8699951171875,147.85000610351562,142.64999389648438,147.27000427246094,86548600,144.84100341796875
2022-10-24,AAPL,147.19000244140625,150.22999572753906,146.0,149.4499969482422,75981900,146.9850311279297
2022-10-25,AAPL,150.08999633789062,152.49000549316406,149.36000061035156,152.33999633789062,74732300,149.82733154296875
2022-10-26,AAPL,150.9600067138672,151.99000549316406,148.0399932861328,149.35000610351562,88194300,146.88668823242188
2022-10-27,AAPL,148.07000732421875,149.0500030517578,144.1300048828125,144.8000030517578,109180200,142.4117431640625
2022-10-28,AAPL,148.1999969482422,157.5,147.82000732421875,155.74000549316406,164762400,153.17127990722656
2022-10-31,AAPL,153.16000366210938,154.24000549316406,151.9199981689453,153.33999633789062,97943200,150.81089782714844
2022-11-01,AAPL,155.0800018310547,155.4499969482422,149.1300048828125,150.64999389648438,80379300,148.1652374267578
2022-11-02,AAPL,148.9499969482422,152.1699981689453,145.0,145.02999877929688,93604600,142.63796997070312
2022-11-03,AAPL,142.05999755859375,142.8000030517578,138.75,138.8800048828125,97918500,136.5894012451172
2022-11-04,AAPL,142.08999633789062,142.6699981689453,134.3800048828125,138.3800048828125,140814800,136.32342529296875
2022-11-07,AAPL,137.11000061035156,139.14999389648438,135.6699981689453,138.9199981689453,83374600,136.8553466796875
2022-11-08,AAPL,140.41000366210938,141.42999267578125,137.49000549316406,139.5,89908500,137.4267578125
2022-11-09,AAPL,138.5,138.5500030517578,134.58999633789062,134.8699951171875,74917800,132.86557006835938
2022-11-10,AAPL,141.24000549316406,146.8699951171875,139.5,146.8699951171875,118854000,144.6872100830078
2022-11-11,AAPL,145.82000732421875,150.00999450683594,144.3699951171875,149.6999969482422,93979700,147.47512817382812
2022-11-14,AAPL,148.97000122070312,150.27999877929688,147.42999267578125,148.27999877929688,73374100,146.0762481689453
2022-11-15,AAPL,152.22000122070312,153.58999633789062,148.55999755859375,150.0399932861328,89868300,147.81011962890625
2022-11-16,AAPL,149.1300048828125,149.8699951171875,147.2899932861328,148.7899932861328,64218300,146.57867431640625
2022-11-17,AAPL,146.42999267578125,151.47999572753906,146.14999389648438,150.72000122070312,80389400,148.47999572753906
2022-11-18,AAPL,152.30999755859375,152.6999969482422,149.97000122070312,151.2899932861328,74829600,149.04150390625
2022-11-21,AAPL,150.16000366210938,150.3699951171875,147.72000122070312,148.00999450683594,58724100,145.8102569580078
2022-11-22,AAPL,148.1300048828125,150.4199981689453,146.92999267578125,150.17999267578125,51804100,147.94801330566406
2022-11-23,AAPL,149.4499969482422,151.8300018310547,149.33999633789062,151.07000732421875,58301400,148.8247833251953
2022-11-25,AAPL,148.30999755859375,148.8800048828125,147.1199951171875,148.11000061035156,35195900,145.90878295898438
2022-11-28,AAPL,145.13999938964844,146.63999938964844,143.3800048828125,144.22000122070312,69246000,142.07659912109375
2022-11-29,AAPL,144.2899932861328,144.80999755859375,140.35000610351562,141.1699981689453,83763800,139.07191467285156
2022-11-30,AAPL,141.39999389648438,148.72000122070312,140.5500030517578,148.02999877929688,111380900,145.82997131347656
2022-12-01,AAPL,148.2100067138672,149.1300048828125,146.61000061035156,148.30999755859375,71250400,146.10577392578125
2022-12-02,AAPL,145.9600067138672,148.0,145.64999389648438,147.80999755859375,65447400,145.6132354736328
2022-12-05,AAPL,147.77000427246094,150.9199981689453,145.77000427246094,146.6300048828125,68826400,144.45077514648438
2022-12-06,AAPL,147.07000732421875,147.3000030517578,141.9199981689453,142.91000366210938,64727200,140.78607177734375
2022-12-07,AAPL,142.19000244140625,143.3699951171875,140.0,140.94000244140625,69721100,138.84535217285156
2022-12-08,AAPL,142.36000061035156,143.52000427246094,141.10000610351562,142.64999389648438,62128300,140.5299530029297
2022-12-09,AAPL,142.33999633789062,145.57000732421875,140.89999389648438,142.16000366210938,76097000,140.04721069335938
2022-12-12,AAPL,142.6999969482422,144.5,141.05999755859375,144.49000549316406,70462700,142.34259033203125
2022-12-13,AAPL,149.5,149.97000122070312,144.24000549316406,145.47000122070312,93886200,143.30801391601562
2022-12-14,AAPL,145.35000610351562,146.66000366210938,141.16000366210938,143.2100067138672,82291200,141.0816192626953
2022-12-15,AAPL,141.11000061035156,141.8000030517578,136.02999877929688,136.5,98931900,134.47134399414062
2022-12-16,AAPL,136.69000244140625,137.64999389648438,133.72999572753906,134.50999450683594,160156900,132.5109100341797
2022-12-19,AAPL,135.11000061035156,135.1999969482422,131.32000732421875,132.3699951171875,79592600,130.40269470214844
2022-12-20,AAPL,131.38999938964844,133.25,129.88999938964844,132.3000030517578,77432800,130.333740234375
2022-12-21,AAPL,132.97999572753906,136.80999755859375,132.75,135.4499969482422,85928000,133.43695068359375
2022-12-22,AAPL,134.35000610351562,134.55999755859375,130.3000030517578,132.22999572753906,77852100,130.26478576660156
2022-12-23,AAPL,130.9199981689453,132.4199981689453,129.63999938964844,131.86000061035156,63814900,129.90029907226562
2022-12-27,AAPL,131.3800048828125,131.41000366210938,128.72000122070312,130.02999877929688,69007800,128.09750366210938
2022-12-28,AAPL,129.6699981689453,131.02999877929688,125.87000274658205,126.04000091552734,85438400,124.16680145263672
2022-12-29,AAPL,127.98999786376952,130.47999572753906,127.7300033569336,129.61000061035156,75703700,127.68370819091795
2022-12-30,AAPL,128.41000366210938,129.9499969482422,127.43000030517578,129.92999267578125,77034200,127.9989776611328
2023-01-03,AAPL,130.27999877929688,130.89999389648438,124.16999816894533,125.06999969482422,112117500,123.21121978759766
2023-01-04,AAPL,126.88999938964844,128.66000366210938,125.08000183105467,126.36000061035156,89113600,124.48204040527344
2023-01-05,AAPL,127.12999725341795,127.7699966430664,124.76000213623048,125.0199966430664,80962700,123.16195678710938
2023-01-06,AAPL,126.01000213623048,130.2899932861328,124.88999938964844,129.6199951171875,87754700,127.6935577392578
2023-01-09,AAPL,130.47000122070312,133.41000366210938,129.88999938964844,130.14999389648438,70790800,128.21572875976562
2023-01-10,AAPL,130.25999450683594,131.25999450683594,128.1199951171875,130.72999572753906,63896200,128.78709411621094
2023-01-11,AAPL,131.25,133.50999450683594,130.4600067138672,133.49000549316406,69458900,131.50608825683594
2023-01-12,AAPL,133.8800048828125,134.25999450683594,131.44000244140625,133.41000366210938,71379600,131.42727661132812
2023-01-13,AAPL,132.02999877929688,134.9199981689453,131.66000366210938,134.75999450683594,57809700,132.75718688964844
2023-01-17,AAPL,134.8300018310547,137.2899932861328,134.1300048828125,135.94000244140625,63646600,133.91966247558594
2023-01-18,AAPL,136.82000732421875,138.61000061035156,135.02999877929688,135.2100067138672,69672800,133.20050048828125
2023-01-19,AAPL,134.0800018310547,136.25,133.77000427246094,135.27000427246094,58280400,133.2595977783203
2023-01-20,AAPL,135.27999877929688,138.02000427246094,134.22000122070312,137.8699951171875,80223600,135.8209686279297
2023-01-23,AAPL,138.1199951171875,143.32000732421875,137.89999389648438,141.11000061035156,81760300,139.0128173828125
2023-01-24,AAPL,140.30999755859375,143.16000366210938,140.3000030517578,142.52999877929688,66435100,140.4116973876953
2023-01-25,AAPL,140.88999938964844,142.42999267578125,138.80999755859375,141.86000061035156,65799300,139.75169372558594
2023-01-26,AAPL,143.1699981689453,144.25,141.89999389648438,143.9600067138672,54105100,141.82046508789062
2023-01-27,AAPL,143.16000366210938,147.22999572753906,143.0800018310547,145.92999267578125,70555800,143.76116943359375
2023-01-30,AAPL,144.9600067138672,145.5500030517578,142.85000610351562,143.0,64015300,140.874755859375
2023-01-31,AAPL,142.6999969482422,144.33999633789062,142.27999877929688,144.2899932861328,65874500,142.14553833007812
2023-02-01,AAPL,143.97000122070312,146.61000061035156,141.32000732421875,145.42999267578125,77663600,143.26856994628906
2023-02-02,AAPL,148.89999389648438,151.17999267578125,148.1699981689453,150.82000732421875,118339000,148.57850646972656
2023-02-03,AAPL,148.02999877929688,157.3800048828125,147.8300018310547,154.5,154357300,152.20379638671875
2023-02-06,AAPL,152.57000732421875,153.10000610351562,150.77999877929688,151.72999572753906,69858300,149.4749755859375
2023-02-07,AAPL,150.63999938964844,155.22999572753906,150.63999938964844,154.64999389648438,83322600,152.3515625
2023-02-08,AAPL,153.8800048828125,154.5800018310547,151.1699981689453,151.9199981689453,64120100,149.6621551513672
2023-02-09,AAPL,153.77999877929688,154.3300018310547,150.4199981689453,150.8699951171875,56007100,148.6277618408203
2023-02-10,AAPL,149.4600067138672,151.33999633789062,149.22000122070312,151.00999450683594,57450700,148.99281311035156
2023-02-13,AAPL,150.9499969482422,154.25999450683594,150.9199981689453,153.85000610351562,62199000,151.79489135742188
2023-02-14,AAPL,152.1199951171875,153.77000427246094,150.86000061035156,153.1999969482422,61707600,151.15359497070312
2023-02-15,AAPL,153.11000061035156,155.5,152.8800048828125,155.3300018310547,65573800,153.255126953125
2023-02-16,AAPL,153.50999450683594,156.3300018310547,153.35000610351562,153.7100067138672,68167900,151.65676879882812
2023-02-17,AAPL,152.35000610351562,153.0,150.85000610351562,152.5500030517578,59144100,150.5122528076172
2023-02-21,AAPL,150.1999969482422,151.3000030517578,148.41000366210938,148.47999572753906,58867200,146.49659729003906
2023-02-22,AAPL,148.8699951171875,149.9499969482422,147.16000366210938,148.91000366210938,51011300,146.92088317871094
2023-02-23,AAPL,150.08999633789062,150.33999633789062,147.24000549316406,149.39999389648438,48394200,147.40432739257812
2023-02-24,AAPL,147.11000061035156,147.19000244140625,145.72000122070312,146.7100067138672,55469600,144.75027465820312
2023-02-27,AAPL,147.7100067138672,149.1699981689453,147.4499969482422,147.9199981689453,44998500,145.94407653808594
2023-02-28,AAPL,147.0500030517578,149.0800018310547,146.8300018310547,147.41000366210938,50547000,145.44090270996094
2023-03-01,AAPL,146.8300018310547,147.22999572753906,145.00999450683594,145.30999755859375,55479000,143.36895751953125
2023-03-02,AAPL,144.3800048828125,146.7100067138672,143.89999389648438,145.91000366210938,52238100,143.96095275878906
2023-03-03,AAPL,148.0399932861328,151.11000061035156,147.3300018310547,151.02999877929688,70732300,149.01254272460938
2023-03-06,AAPL,153.7899932861328,156.3000030517578,153.4600067138672,153.8300018310547,87558000,151.775146484375
2023-03-07,AAPL,153.6999969482422,154.02999877929688,151.1300048828125,151.60000610351562,56182000,149.574951171875
2023-03-08,AAPL,152.80999755859375,153.47000122070312,151.8300018310547,152.8699951171875,47204800,150.82798767089844
2023-03-09,AAPL,153.55999755859375,154.5399932861328,150.22999572753906,150.58999633789062,53833600,148.5784149169922
2023-03-10,AAPL,150.2100067138672,150.94000244140625,147.61000061035156,148.5,68572400,146.51637268066406
2023-03-13,AAPL,147.80999755859375,153.13999938964844,147.6999969482422,150.47000122070312,84457100,148.4600372314453
2023-03-14,AAPL,151.27999877929688,153.39999389648438,150.10000610351562,152.58999633789062,73695900,150.5517120361328
2023-03-15,AAPL,151.19000244140625,153.25,149.9199981689453,152.99000549316406,77167900,150.94638061523438
2023-03-16,AAPL,152.16000366210938,156.4600067138672,151.63999938964844,155.85000610351562,76161100,153.7681884765625
2023-03-17,AAPL,156.0800018310547,156.74000549316406,154.27999877929688,155.0,98944600,152.9295196533203
2023-03-20,AAPL,155.07000732421875,157.82000732421875,154.14999389648438,157.39999389648438,73641400,155.29745483398438
2023-03-21,AAPL,157.32000732421875,159.39999389648438,156.5399932861328,159.27999877929688,73938300,157.15235900878906
2023-03-22,AAPL,159.3000030517578,162.13999938964844,157.80999755859375,157.8300018310547,75701800,155.7217254638672
2023-03-23,AAPL,158.8300018310547,161.5500030517578,157.67999267578125,158.92999267578125,67622100,156.80703735351562
2023-03-24,AAPL,158.86000061035156,160.33999633789062,157.85000610351562,160.25,59196500,158.10939025878906
2023-03-27,AAPL,159.94000244140625,160.77000427246094,157.8699951171875,158.27999877929688,52390300,156.1656951904297
2023-03-28,AAPL,157.97000122070312,158.49000549316406,155.97999572753906,157.64999389648438,45992200,155.5441131591797
2023-03-29,AAPL,159.3699951171875,161.0500030517578,159.35000610351562,160.77000427246094,51305700,158.62245178222656
2023-03-30,AAPL,161.52999877929688,162.47000122070312,161.27000427246094,162.36000061035156,49501700,160.1912078857422
2023-03-31,AAPL,162.44000244140625,165.0,161.91000366210938,164.89999389648438,68749800,162.697265625
2023-04-03,AAPL,164.27000427246094,166.2899932861328,164.22000122070312,166.1699981689453,56976200,163.95030212402344
2023-04-04,AAPL,166.60000610351562,166.83999633789062,165.11000061035156,165.6300048828125,46278300,163.41754150390625
2023-04-05,AAPL,164.74000549316406,165.0500030517578,161.8000030517578,163.75999450683594,51511700,161.572509765625
2023-04-06,AAPL,162.42999267578125,164.9600067138672,162.0,164.66000366210938,45390100,162.4604949951172
2023-04-10,AAPL,161.4199981689453,162.02999877929688,160.0800018310547,162.02999877929688,47716900,159.86563110351562
2023-04-11,AAPL,162.35000610351562,162.36000061035156,160.50999450683594,160.8000030517578,47644200,158.6520538330078
2023-04-12,AAPL,161.22000122070312,162.05999755859375,159.77999877929688,160.10000610351562,50133100,157.9613800048828
2023-04-13,AAPL,161.6300048828125,165.8000030517578,161.4199981689453,165.55999755859375,68445600,163.3484649658203
2023-04-14,AAPL,164.58999633789062,166.32000732421875,163.82000732421875,165.2100067138672,49386500,163.00315856933594
2023-04-17,AAPL,165.08999633789062,165.38999938964844,164.02999877929688,165.22999572753906,41516200,163.0228729248047
2023-04-18,AAPL,166.10000610351562,167.41000366210938,165.64999389648438,166.47000122070312,49923000,164.24630737304688
2023-04-19,AAPL,165.8000030517578,168.16000366210938,165.5399932861328,167.6300048828125,47720200,165.3907928466797
2023-04-20,AAPL,166.08999633789062,167.8699951171875,165.55999755859375,166.64999389648438,52456400,164.42388916015625
2023-04-21,AAPL,165.0500030517578,166.4499969482422,164.49000549316406,165.02000427246094,58337300,162.815673828125
2023-04-24,AAPL,165.0,165.60000610351562,163.88999938964844,165.3300018310547,41949600,163.12155151367188
2023-04-25,AAPL,165.19000244140625,166.30999755859375,163.72999572753906,163.77000427246094,48714100,161.58238220214844
2023-04-26,AAPL,163.05999755859375,165.27999877929688,162.8000030517578,163.75999450683594,45498800,161.572509765625
2023-04-27,AAPL,165.19000244140625,168.55999755859375,165.19000244140625,168.41000366210938,64902300,166.160400390625
2023-04-28,AAPL,168.49000549316406,169.85000610351562,167.8800048828125,169.67999267578125,55275900,167.41343688964844
2023-05-01,AAPL,169.27999877929688,170.4499969482422,168.63999938964844,169.58999633789062,52472900,167.32464599609375
2023-05-02,AAPL,170.08999633789062,170.35000610351562,167.5399932861328,168.5399932861328,48425700,166.28866577148438
2023-05-03,AAPL,169.5,170.9199981689453,167.16000366210938,167.4499969482422,65136000,165.2132110595703
2023-05-04,AAPL,164.88999938964844,167.0399932861328,164.30999755859375,165.7899932861328,81235400,163.57537841796875
2023-05-05,AAPL,170.97999572753906,174.3000030517578,170.75999450683594,173.57000732421875,113453200,171.25144958496094
2023-05-08,AAPL,172.47999572753906,173.85000610351562,172.11000061035156,173.5,55962800,171.1824188232422
2023-05-09,AAPL,173.0500030517578,173.5399932861328,171.60000610351562,171.77000427246094,45326900,169.47549438476562
2023-05-10,AAPL,173.02000427246094,174.02999877929688,171.89999389648438,173.55999755859375,53724500,171.24159240722656
2023-05-11,AAPL,173.85000610351562,174.58999633789062,172.1699981689453,173.75,49514700,171.4290771484375
2023-05-12,AAPL,173.6199951171875,174.05999755859375,171.0,172.57000732421875,45533100,170.50033569335938
2023-05-15,AAPL,173.16000366210938,173.2100067138672,171.47000122070312,172.07000732421875,37266700,170.00634765625
2023-05-16,AAPL,171.99000549316406,173.13999938964844,171.8000030517578,172.07000732421875,42110300,170.00634765625
2023-05-17,AAPL,171.7100067138672,172.92999267578125,170.4199981689453,172.69000244140625,57951600,170.61892700195312
2023-05-18,AAPL,173.0,175.24000549316406,172.5800018310547,175.0500030517578,65496700,172.95059204101562
2023-05-19,AAPL,176.38999938964844,176.38999938964844,174.94000244140625,175.16000366210938,55809500,173.05929565429688
2023-05-22,AAPL,173.97999572753906,174.7100067138672,173.4499969482422,174.1999969482422,43570900,172.11077880859375
2023-05-23,AAPL,173.1300048828125,173.3800048828125,171.27999877929688,171.55999755859375,50747300,169.50244140625
2023-05-24,AAPL,171.08999633789062,172.4199981689453,170.52000427246094,171.83999633789062,45143500,169.77908325195312
2023-05-25,AAPL,172.41000366210938,173.89999389648438,171.69000244140625,172.99000549316406,56058300,170.91531372070312
2023-05-26,AAPL,173.32000732421875,175.77000427246094,173.11000061035156,175.42999267578125,54835000,173.32601928710938
2023-05-30,AAPL,176.9600067138672,178.99000549316406,176.57000732421875,177.3000030517578,55964400,175.17361450195312
2023-05-31,AAPL,177.3300018310547,179.35000610351562,176.75999450683594,177.25,99625300,175.12420654296875
2023-06-01,AAPL,177.6999969482422,180.1199951171875,176.92999267578125,180.08999633789062,68901800,177.9301300048828
2023-06-02,AAPL,181.02999877929688,181.77999877929688,179.25999450683594,180.9499969482422,61996900,178.77981567382812
2023-06-05,AAPL,182.6300048828125,184.9499969482422,178.0399932861328,179.5800018310547,121946500,177.42626953125
2023-06-06,AAPL,179.97000122070312,180.1199951171875,177.42999267578125,179.2100067138672,64848400,177.06069946289062
2023-06-07,AAPL,178.44000244140625,181.2100067138672,177.32000732421875,177.82000732421875,61944600,175.68736267089844
2023-06-08,AAPL,177.89999389648438,180.83999633789065,177.4600067138672,180.57000732421875,50214900,178.40440368652344
2023-06-09,AAPL,181.5,182.22999572753903,180.6300048828125,180.9600067138672,48900000,178.7897186279297
2023-06-12,AAPL,181.27000427246097,183.88999938964844,180.97000122070312,183.7899932861328,54274900,181.58575439453125
2023-06-13,AAPL,182.8000030517578,184.1499938964844,182.44000244140625,183.30999755859375,54929100,181.11151123046875
2023-06-14,AAPL,183.3699951171875,184.38999938964844,182.02000427246097,183.9499969482422,57462900,181.74383544921875
2023-06-15,AAPL,183.9600067138672,186.52000427246097,183.77999877929688,186.0099945068359,65433200,183.7791290283203
2023-06-16,AAPL,186.72999572753903,186.9900054931641,184.27000427246097,184.9199981689453,101256200,182.7022247314453
2023-06-20,AAPL,184.41000366210935,186.1000061035156,184.41000366210935,185.0099945068359,49799100,182.79112243652344
2023-06-21,AAPL,184.8999938964844,185.41000366210935,182.58999633789065,183.9600067138672,49515700,181.75375366210935
2023-06-22,AAPL,183.7400054931641,187.0500030517578,183.6699981689453,187.0,51245300,184.7572479248047
2023-06-23,AAPL,185.5500030517578,187.55999755859375,185.0099945068359,186.67999267578125,53117000,184.4410858154297
2023-06-26,AAPL,186.8300018310547,188.0500030517578,185.22999572753903,185.27000427246097,48088700,183.04798889160156
2023-06-27,AAPL,185.88999938964844,188.38999938964844,185.6699981689453,188.05999755859375,50730800,185.80455017089844
2023-06-28,AAPL,187.92999267578125,189.8999938964844,187.6000061035156,189.25,51216800,186.9803009033203
2023-06-29,AAPL,189.0800018310547,190.07000732421875,188.94000244140625,189.58999633789065,46347300,187.3162078857422
2023-06-30,AAPL,191.6300048828125,194.47999572753903,191.2599945068359,193.97000122070312,85213200,191.6436767578125
2023-07-03,AAPL,193.77999877929688,193.8800048828125,191.7599945068359,192.4600067138672,31458200,190.15182495117188
2023-07-05,AAPL,191.57000732421875,192.97999572753903,190.6199951171875,191.3300018310547,46920300,189.0353546142578
2023-07-06,AAPL,189.83999633789065,192.02000427246097,189.1999969482422,191.80999755859375,45094300,189.50958251953125
2023-07-07,AAPL,191.41000366210935,192.6699981689453,190.2400054931641,190.67999267578125,46815000,188.3931121826172
2023-07-10,AAPL,189.2599945068359,189.9900054931641,187.0399932861328,188.61000061035156,59922200,186.3479766845703
2023-07-11,AAPL,189.16000366210935,189.3000030517578,186.6000061035156,188.0800018310547,46638100,185.8243408203125
2023-07-12,AAPL,189.67999267578125,191.6999969482422,188.47000122070312,189.77000427246097,60750200,187.4940643310547
2023-07-13,AAPL,190.5,191.19000244140625,189.77999877929688,190.5399932861328,41342300,188.2548065185547
2023-07-14,AAPL,190.22999572753903,191.17999267578125,189.6300048828125,190.69000244140625,41616200,188.40301513671875
2023-07-17,AAPL,191.8999938964844,194.32000732421875,191.80999755859375,193.9900054931641,50520200,191.6634521484375
2023-07-18,AAPL,193.3500061035156,194.3300018310547,192.4199981689453,193.72999572753903,48288200,191.4065093994141
